Name,Mode,Diversity,Intensity,Harmony,Contrast
A Woman playing a clavichord.jpg,Naturalistic Color,Somewhat Diverse Hue,True Tone,Harmonious Color,Blended Color Contrast
Aristotle with a bust of homer - Rembrant.jpg,Naturalistic Color,Similar Hue,True Tone,Harmonious Color,Blended Color Contrast
Bacchanal before a Statue of Pan - Poussin.jpg,Naturalistic Color,Somewhat Diverse Hue,Muted/Tinted,Harmonious Color,Blended Color Contrast
Charles I with M. de St. Antoine - van Dyck.jpg,Naturalistic Color,Highly Diverse Hue,True Tone,Harmonious Color,Blended Color Contrast
Death of the Virgin - Caravaggio.jpg,Naturalistic Color,Similar Hue,Muted/Tinted,Harmonious Color,Blended Color Contrast
Deposition - Caravaggio.jpg,Naturalistic Color,Similar Hue,Vibrant Tone,Friction/Tension Color,Blended Color Contrast
Education of the Princess - Paul Reubens.jpg,Naturalistic Color,Somewhat Diverse Hue,True Tone,Harmonious Color,Blended Color Contrast
Girl with a pearl earring - vermeer.jpg,Naturalistic Color,Somewhat Diverse Hue,True Tone,Harmonious Color,Stark Color Contrast
Judith and her maidservant with the head of Holofernes - Gentileschi.jpg,Naturalistic Color,Similar Hue,Vibrant Tone,Friction/Tension Color,Blended Color Contrast
Judith Slaying Holofernes - Gentileschi.jpg,Naturalistic Color,Somewhat Diverse Hue,True Tone,Friction/Tension Color,Blended Color Contrast
las meninas - Velazquez.jpg,Naturalistic Color,Similar Hue,True Tone,Harmonious Color,Blended Color Contrast
Louis XIV - Rigaud.jpg,Naturalistic Color,Somewhat Diverse Hue,Vibrant Tone,Harmonious Color,Blended Color Contrast
Old Woman Cooking Eggs - 1618.jpg,Naturalistic Color,Similar Hue,True Tone,Harmonious Color,Stark Color Contrast
Portrait of Charles II - Wright.jpg,Naturalistic Color,Somewhat Diverse Hue,Vibrant Tone,Friction/Tension Color,Stark Color Contrast
Quince Cabbage Melon and Cucumber - Cotan.jpg,Naturalistic Color,Somewhat Diverse Hue,True Tone,Harmonious Color,Stark Color Contrast
Samson and Delilah - Rubens.jpg,Naturalistic Color,Similar Hue,Vibrant Tone,Friction/Tension Color,Blended Color Contrast
Samson and Delilah - van Dyck.jpg,Naturalistic Color,Similar Hue,Vibrant Tone,Harmonious Color,Blended Color Contrast
Self Portrait - Rembrant.jpg,Naturalistic Color,Similar Hue,True Tone,Harmonious Color,Blended Color Contrast
Self-portrait - Leyster.jpg,Naturalistic Color,Similar Hue,True Tone,Harmonious Color,Blended Color Contrast
Singing boy with a flute - Hals.jpg,Naturalistic Color,Somewhat Diverse Hue,Vibrant Tone,Harmonious Color,Blended Color Contrast
St. John the Baptist in Wilderness - Caravaggio.jpg,Naturalistic Color,Similar Hue,True Tone,Harmonious Color,Blended Color Contrast
Still life with a sliver ewer - Kalf.jpg,Naturalistic Color,Somewhat Diverse Hue,Vibrant Tone,,Blended Color Contrast
Still Life with Ebony Chest - Pereda.jpg,Naturalistic Color,Similar Hue,Muted/Tinted,Harmonious Color,Blended Color Contrast
Still Life with Flowers etc - Peeters.jpg,Naturalistic Color,Highly Diverse Hue,Vibrant Tone,Harmonious Color,Blended Color Contrast
The Anatomy Lesson of Dr. Nicolaes Tuple - Rembrant.jpg,Naturalistic Color,Similar Hue,True Tone,Harmonious Color,Blended Color Contrast
The Arrival of Marie de Medici at Marseille - rubens.jpg,Naturalistic Color,Somewhat Diverse Hue,Vibrant Tone,,Blended Color Contrast
The art of painting - vermeer.jpg,Naturalistic Color,Somewhat Diverse Hue,True Tone,Harmonious Color,Blended Color Contrast
The Calling of Saint Matthew - Caravaggio.jpg,Naturalistic Color,Similar Hue,Vibrant Tone,Harmonious Color,Blended Color Contrast
The Consequences of War - Rubens.jpg,Naturalistic Color,Somewhat Diverse Hue,True Tone,Harmonious Color,Blended Color Contrast
The Crowning with Thorns - Caravaggio.jpg,Naturalistic Color,Similar Hue,Vibrant Tone,,Blended Color Contrast
The Crucifixion of St. Peter - Caravaggio.jpg,Naturalistic Color,Somewhat Diverse Hue,Vibrant Tone,Friction/Tension Color,Blended Color Contrast
The Feast of St Nicholas - Steen.jpg,Naturalistic Color,Somewhat Diverse Hue,Vibrant Tone,Harmonious Color,Blended Color Contrast
The Geographer - Vermeer.jpg,Naturalistic Color,Highly Diverse Hue,True Tone,Harmonious Color,Blended Color Contrast
The Immaculate Conception of Los Venerables - Murillo.jpg,Naturalistic Color,Similar Hue,Vibrant Tone,Friction/Tension Color,Blended Color Contrast
The Jewish Bride - Rembrant.jpg,Naturalistic Color,Similar Hue,True Tone,Harmonious Color,Blended Color Contrast
The Jewish Cemetary - Ruisdael.jpg,Naturalistic Color,Somewhat Diverse Hue,True Tone,Harmonious Color,Blended Color Contrast
The Martyrdom of Saint Serapion - Zurbaran.jpg,Naturalistic Color,Similar Hue,Muted/Tinted,Harmonious Color,Blended Color Contrast
The Night Watch - Rembrant.jpg,Naturalistic Color,Similar Hue,True Tone,Harmonious Color,Blended Color Contrast
The Presentation of the Portrait of Marie de' Medici - Rubens.jpg,Naturalistic Color,Highly Diverse Hue,Vibrant Tone,Friction/Tension Color,Blended Color Contrast
The Proposition - Leyster.jpg,Naturalistic Color,Similar Hue,True Tone,Harmonious Color,Blended Color Contrast
The Rape of the Daughters of Leucippus.jpg,Naturalistic Color,Somewhat Diverse Hue,Vibrant Tone,Friction/Tension Color,Blended Color Contrast
The Supper at Emmaus - Caravaggio.jpg,Naturalistic Color,Highly Diverse Hue,Vibrant Tone,Friction/Tension Color,Blended Color Contrast
The Triumph of Bacchus - Velazquez.jpg,Naturalistic Color,Highly Diverse Hue,Vibrant Tone,Harmonious Color,Blended Color Contrast
The Waterseller of Seville - Velazquez.jpg,Naturalistic Color,Similar Hue,True Tone,Harmonious Color,Blended Color Contrast
Venus Mars and Cupid - Rubens.jpg,Naturalistic Color,Somewhat Diverse Hue,True Tone,Friction/Tension Color,Blended Color Contrast
View of Haarlen with Bleaching Grounds - Ruisdael.jpg,Naturalistic Color,Highly Diverse Hue,True Tone,,Blended Color Contrast
Vulcan's Forge - Velazquez.jpg,Naturalistic Color,Somewhat Diverse Hue,True Tone,Harmonious Color,Blended Color Contrast
Woman with a water jug - Vermeer.jpg,Naturalistic Color,Highly Diverse Hue,Vibrant Tone,Friction/Tension Color,Blended Color Contrast
Women Regents - Hals.jpg,Naturalistic Color,Similar Hue,True Tone,Friction/Tension Color,Blended Color Contrast
Big Nude - Braque.jpg,Expressionistic Color,Highly Diverse Hue,Vibrant Tone,Friction/Tension Color,Stark Color Contrast
Bottle and Fishes - Braque.jpg,Expressionistic Color,Similar Hue,Muted/Tinted,Harmonious Color,Blended Color Contrast
Bottle and Glass on a Table - Gris.jpg,Expressionistic Color,Highly Diverse Hue,Vibrant Tone,Friction/Tension Color,Stark Color Contrast
Clarinet and Bottle of Rum on a Mantlepiece - Braque.jpg,Expressionistic Color,Similar Hue,Muted/Tinted,Harmonious Color,Blended Color Contrast
Contrast of Forms - Leger.jpg,Expressionistic Color,Highly Diverse Hue,Vibrant Tone,Friction/Tension Color,
Cubist Self Portrait - Dali.jpg,Expressionistic Color,Similar Hue,True Tone,Harmonious Color,Stark Color Contrast
Daniel-Henry Kahnweiler - Picasso.jpg,Expressionistic Color,Similar Hue,Muted/Tinted,Harmonious Color,Blended Color Contrast
Dora Maar au Chat - Picasso.jpg,Expressionistic Color,Highly Diverse Hue,Vibrant Tone,Friction/Tension Color,Stark Color Contrast
Fruit Dish and Glass - Braque.jpg,Expressionistic Color,Similar Hue,Muted/Tinted,Harmonious Color,Blended Color Contrast
Gala and the Angelus of Millet - Dali.jpg,Expressionistic Color,Highly Diverse Hue,Vibrant Tone,Harmonious Color,Blended Color Contrast
Girl Before A Mirror - Picasso.jpg,Expressionistic Color,Highly Diverse Hue,Vibrant Tone,Friction/Tension Color,Stark Color Contrast
Girl with Mandolin - Picasso.jpg,Expressionistic Color,Monochrome Hue,Muted/Tinted,Harmonious Color,Blended Color Contrast
Gueridon - Braque.jpg,Expressionistic Color,Similar Hue,Muted/Tinted,Harmonious Color,
Guernica - Picasso.jpg,Expressionistic Color,Monochrome Hue,Muted/Tinted,,
Guitar - Picasso.jpg,Naturalistic Color,Somewhat Diverse Hue,True Tone,Harmonious Color,Stark Color Contrast
Houses at l'Estaque - Braque.jpg,Naturalistic Color,Similar Hue,True Tone,Harmonious Color,
Jacqueline Kneeling - Picasso.jpg,Expressionistic Color,Highly Diverse Hue,Vibrant Tone,Friction/Tension Color,Stark Color Contrast
L'Oiseau bleu - Metzinger.jpg,Expressionistic Color,Somewhat Diverse Hue,True Tone,Friction/Tension Color,
La Femme aux Phlox - Gleizes.jpg,Expressionistic Color,Monochrome Hue,Muted/Tinted,Harmonious Color,Blended Color Contrast
Ma Joile - Picasso.jpg,Expressionistic Color,Similar Hue,Muted/Tinted,Harmonious Color,Blended Color Contrast
Man with a Pipe - Picasso.jpg,Expressionistic Color,Highly Diverse Hue,True Tone,,Stark Color Contrast
Nature morte au compotier - Picasso.jpg,Naturalistic Color,Somewhat Diverse Hue,True Tone,Harmonious Color,
Nude Descending a Staircase - Duchamp.jpg,Expressionistic Color,Monochrome Hue,Muted/Tinted,Harmonious Color,Stark Color Contrast
Painter and Model - Picasso.jpg,Expressionistic Color,Highly Diverse Hue,Vibrant Tone,Friction/Tension Color,Stark Color Contrast
Paris Through a Window - Chagall.jpg,Expressionistic Color,Highly Diverse Hue,Vibrant Tone,Friction/Tension Color,Blended Color Contrast
Portrait of Ambroise Vollard - Picasso.jpg,Expressionistic Color,Similar Hue,Muted/Tinted,Harmonious Color,Blended Color Contrast
Portrait of Dora Maar - Picasso.jpg,Expressionistic Color,Highly Diverse Hue,Vibrant Tone,Friction/Tension Color,Stark Color Contrast
Portrait of Pablo Picasso - Gris.jpg,Expressionistic Color,Somewhat Diverse Hue,True Tone,Harmonious Color,Blended Color Contrast
Self Portrait with Seven Fingers - Chagall.jpg,Expressionistic Color,Somewhat Diverse Hue,Vibrant Tone,Friction/Tension Color,Blended Color Contrast
Still life with Clarinet - Braque.jpg,Expressionistic Color,Similar Hue,Muted/Tinted,Harmonious Color,Blended Color Contrast
The City - Delaunay.jpg,Expressionistic Color,Similar Hue,True Tone,Harmonious Color,Stark Color Contrast
The City - Leger.jpg,Expressionistic Color,Highly Diverse Hue,Vibrant Tone,Friction/Tension Color,Stark Color Contrast
The Eiffel Tower - Delaunay.jpg,Expressionistic Color,Similar Hue,Vibrant Tone,Friction/Tension Color,Blended Color Contrast
The Green Violinist - Chagall.jpg,Expressionistic Color,Highly Diverse Hue,Vibrant Tone,Friction/Tension Color,Stark Color Contrast
The Open Window - Gris.jpg,Naturalistic Color,Somewhat Diverse Hue,True Tone,Harmonious Color,
The Portuguese - Braque.jpg,Expressionistic Color,Monochrome Hue,Muted/Tinted,Harmonious Color,Blended Color Contrast
The Reservoir - Picasso.jpg,Expressionistic Color,Similar Hue,Muted/Tinted,Harmonious Color,Blended Color Contrast
The Round Table - Braque.jpg,Expressionistic Color,Similar Hue,Muted/Tinted,,Stark Color Contrast
The Table - Gris.jpg,Expressionistic Color,Somewhat Diverse Hue,Vibrant Tone,Friction/Tension Color,Stark Color Contrast
Three Musicians - Picasso.jpg,Expressionistic Color,Highly Diverse Hue,Vibrant Tone,Friction/Tension Color,Stark Color Contrast
Three Women - Picasso.jpg,Expressionistic Color,Somewhat Diverse Hue,Vibrant Tone,Harmonious Color,
Violin and Candlestick - Braque.jpg,Expressionistic Color,Similar Hue,Muted/Tinted,Harmonious Color,Blended Color Contrast
Violin and Checkerboard - Gris.jpg,Expressionistic Color,Highly Diverse Hue,Vibrant Tone,Friction/Tension Color,Stark Color Contrast
Violin and Guitar - Gris.jpg,Expressionistic Color,Somewhat Diverse Hue,True Tone,,Stark Color Contrast
Violin and Palette - Braque.jpg,Naturalistic Color,Similar Hue,Muted/Tinted,Harmonious Color,Blended Color Contrast
Woman in Hat with a Fur Collar - Picasso.jpg,Expressionistic Color,Highly Diverse Hue,Vibrant Tone,Friction/Tension Color,Stark Color Contrast
Woman with Guitar - Braque.jpg,Expressionistic Color,Similar Hue,Muted/Tinted,Harmonious Color,
Zapata-style Landscape - Rivera.jpg,Naturalistic Color,Highly Diverse Hue,True Tone,Harmonious Color,
Guitar on a table - Gris.jpeg,Expressionistic Color,Highly Diverse Hue,Vibrant Tone,Harmonious Color,Stark Color Contrast
All Saints - Kandinsky.jpg,Expressionistic Color,Highly Diverse Hue,Vibrant Tone,,Stark Color Contrast
All Saints I - Kandinsky.jpg,Expressionistic Color,Highly Diverse Hue,True Tone,,
Blue Horse I - Marc.jpg,Expressionistic Color,Highly Diverse Hue,Vibrant Tone,Harmonious Color,Blended Color Contrast
Blue Horses - Marc.jpg,Expressionistic Color,Highly Diverse Hue,Vibrant Tone,Harmonious Color,Blended Color Contrast
Boy Leading a Horse - Picasso.jpg,Naturalistic Color,Similar Hue,Muted/Tinted,Harmonious Color,Blended Color Contrast
Castle and Sun - Klee.jpg,Expressionistic Color,Highly Diverse Hue,Vibrant Tone,Harmonious Color,Stark Color Contrast
Death in a Sickroom - Munch.jpg,Naturalistic Color,Somewhat Diverse Hue,True Tone,,Blended Color Contrast
Dog Lying in the Snow - Marc.jpg,Expressionistic Color,Somewhat Diverse Hue,Vibrant Tone,Harmonious Color,Blended Color Contrast
Evening on Karl Johan Street - Munch.jpg,Expressionistic Color,Somewhat Diverse Hue,Muted/Tinted,Harmonious Color,Blended Color Contrast
Fighting Forms - Marc.jpg,Expressionistic Color,Highly Diverse Hue,Vibrant Tone,Friction/Tension Color,Blended Color Contrast
Girls on the Bridge - Munch.jpg,Naturalistic Color,Highly Diverse Hue,True Tone,Friction/Tension Color,Blended Color Contrast
Grazing Horses IV - Marc.jpg,Expressionistic Color,Highly Diverse Hue,Vibrant Tone,Harmonious Color,Blended Color Contrast
Harmony in Red - Matisse.jpg,Expressionistic Color,Somewhat Diverse Hue,Vibrant Tone,Friction/Tension Color,Stark Color Contrast
Hermits - Schiele.jpg,Expressionistic Color,Similar Hue,Muted/Tinted,Harmonious Color,Blended Color Contrast
Improvisation 28 - Kandinsky.jpg,Expressionistic Color,Highly Diverse Hue,Vibrant Tone,Friction/Tension Color,Blended Color Contrast
L'Atelier Rouge - Matisse.jpg,Expressionistic Color,Monochrome Hue,Vibrant Tone,,Stark Color Contrast
Little Blue Horse - Marc.jpg,Expressionistic Color,Highly Diverse Hue,Vibrant Tone,Friction/Tension Color,Blended Color Contrast
Love and Pain - Munch.jpg,Expressionistic Color,Somewhat Diverse Hue,Vibrant Tone,Friction/Tension Color,Blended Color Contrast
Migrants - Portinari.jpg,Expressionistic Color,Similar Hue,Muted/Tinted,Harmonious Color,Blended Color Contrast
Nude at Rest - Balthus.jpg,Naturalistic Color,Similar Hue,Muted/Tinted,Harmonious Color,Blended Color Contrast
Nude Sitting on a Divan - Modigliani.jpg,Naturalistic Color,Similar Hue,True Tone,Harmonious Color,Blended Color Contrast
Portrait of Luna Czechowski - Modigliani.jpg,Expressionistic Color,Somewhat Diverse Hue,Vibrant Tone,Friction/Tension Color,
Portrait of Wally - Schiele.jpg,Expressionistic Color,Highly Diverse Hue,Vibrant Tone,Friction/Tension Color,Blended Color Contrast
Potsdamer Platz - Kirchner.jpg,Expressionistic Color,Highly Diverse Hue,Vibrant Tone,Friction/Tension Color,Blended Color Contrast
Puberty - Munch.jpg,Naturalistic Color,Similar Hue,Muted/Tinted,Harmonious Color,Blended Color Contrast
Seated Male Nude - Schiele.jpg,Expressionistic Color,Similar Hue,Vibrant Tone,Friction/Tension Color,Blended Color Contrast
Seated Nude - Modigliani.jpg,Naturalistic Color,Somewhat Diverse Hue,Vibrant Tone,Friction/Tension Color,
Seated Woman with Bent Knee - Schiele.jpg,Expressionistic Color,Somewhat Diverse Hue,Vibrant Tone,Friction/Tension Color,Blended Color Contrast
Self Portrait - Picasso.jpg,Expressionistic Color,Somewhat Diverse Hue,Vibrant Tone,Harmonious Color,Blended Color Contrast
Self Portrait as a Soldier - Kirchner.jpg,Expressionistic Color,Highly Diverse Hue,Vibrant Tone,Friction/Tension Color,
Self Portrait with Chinese Lantern Plant - Schiele.jpg,Expressionistic Color,Somewhat Diverse Hue,True Tone,Friction/Tension Color,Blended Color Contrast
Small Pleasures - Kandinsky.jpg,Expressionistic Color,Highly Diverse Hue,Vibrant Tone,Harmonious Color,Blended Color Contrast
Street Berlin - Kirchner.jpg,Expressionistic Color,Somewhat Diverse Hue,Vibrant Tone,Harmonious Color,Blended Color Contrast
Street Dresden - Kirchner.jpg,Expressionistic Color,Highly Diverse Hue,Vibrant Tone,Harmonious Color,Blended Color Contrast
The Absinthe Drinker - Picasso.jpg,Naturalistic Color,Somewhat Diverse Hue,True Tone,Harmonious Color,Blended Color Contrast
The Blue Rider - Kandinsky.jpg,Expressionistic Color,Highly Diverse Hue,True Tone,Harmonious Color,Blended Color Contrast
The Dance of Life - Munch.jpg,Expressionistic Color,Highly Diverse Hue,True Tone,Friction/Tension Color,Blended Color Contrast
The Scream - Munch.jpg,Expressionistic Color,Highly Diverse Hue,Vibrant Tone,Harmonious Color,Blended Color Contrast
The World Cow - Marc.jpg,Expressionistic Color,Highly Diverse Hue,True Tone,Friction/Tension Color,Blended Color Contrast
The Yellow Man - Malfatti.jpg,Expressionistic Color,Similar Hue,Vibrant Tone,Harmonious Color,Blended Color Contrast
Tower of Blue Horses - Marc.jpg,Expressionistic Color,Somewhat Diverse Hue,Vibrant Tone,Friction/Tension Color,Blended Color Contrast
Yellow Cow - Marc.jpg,Expressionistic Color,Highly Diverse Hue,Vibrant Tone,Harmonious Color,Blended Color Contrast
Young girl in a flowered hat - Jawlensky.jpg,Expressionistic Color,Highly Diverse Hue,Vibrant Tone,Harmonious Color,
Young girl with yellow flowers in the glass - Becker.jpg,Expressionistic Color,Somewhat Diverse Hue,Vibrant Tone,,Blended Color Contrast
Death and Fire - Klee.jpeg,Expressionistic Color,Similar Hue,Vibrant Tone,Friction/Tension Color,Stark Color Contrast
Fish Magic - Klee.jpeg,Expressionistic Color,Highly Diverse Hue,Vibrant Tone,Harmonious Color,Stark Color Contrast
La Blouse Roumaine - Matisse.jpeg,Expressionistic Color,Somewhat Diverse Hue,Vibrant Tone,Harmonious Color,Stark Color Contrast
Portrait of Gertrude Stien - Picasso.jpeg,Naturalistic Color,Similar Hue,Muted/Tinted,Harmonious Color,Blended Color Contrast
The Old Guitarist - Picasso.jpeg,Expressionistic Color,Monochrome Hue,Muted/Tinted,Harmonious Color,Blended Color Contrast
Banks of the Seine at Chatou - Vlaminck.jpg,Expressionistic Color,Highly Diverse Hue,Vibrant Tone,Harmonious Color,Stark Color Contrast
Boats at Martigues - Dufy.jpg,Expressionistic Color,Highly Diverse Hue,Vibrant Tone,Harmonious Color,Stark Color Contrast
Bonheur de Vivre - Matisse.jpg,Expressionistic Color,Highly Diverse Hue,Muted/Tinted,Harmonious Color,Blended Color Contrast
Charing Cross Bridge - Derain.jpg,Expressionistic Color,Highly Diverse Hue,Vibrant Tone,Harmonious Color,Stark Color Contrast
Church Tower at Domburg - Mondrian.jpg,Expressionistic Color,Somewhat Diverse Hue,Vibrant Tone,Friction/Tension Color,Blended Color Contrast
Collioure Interior - Matisse.jpg,Expressionistic Color,Highly Diverse Hue,Vibrant Tone,Harmonious Color,Stark Color Contrast
Dance - Matisse.jpg,Expressionistic Color,Somewhat Diverse Hue,Vibrant Tone,Friction/Tension Color,Stark Color Contrast
Dune IV - Mondrain.jpg,Expressionistic Color,Somewhat Diverse Hue,Vibrant Tone,Harmonious Color,Blended Color Contrast
Goldfish - Matisse.jpg,Expressionistic Color,Highly Diverse Hue,Vibrant Tone,Friction/Tension Color,Stark Color Contrast
Lady in the hat - Mashkov.jpg,Expressionistic Color,Highly Diverse Hue,Muted/Tinted,Harmonious Color,Blended Color Contrast
Landscape near Antwerp - Braque.jpg,Expressionistic Color,Highly Diverse Hue,Vibrant Tone,Friction/Tension Color,Stark Color Contrast
Landscape Near Chatou - Derain.jpg,Expressionistic Color,Highly Diverse Hue,Vibrant Tone,Harmonious Color,Stark Color Contrast
Landscape with Red Roofs - Vlaminck.jpg,Naturalistic Color,Somewhat Diverse Hue,True Tone,Friction/Tension Color,Stark Color Contrast
Le cafe Maure - Matisse.jpg,Expressionistic Color,Somewhat Diverse Hue,Muted/Tinted,Friction/Tension Color,Stark Color Contrast
Les Toit de Collioure - Matisse.jpg,Expressionistic Color,Highly Diverse Hue,Vibrant Tone,Harmonious Color,Stark Color Contrast
Luxe - Matisse.jpg,Expressionistic Color,Highly Diverse Hue,Vibrant Tone,Harmonious Color,Stark Color Contrast
Mountains at Collioure - Derain.jpg,Expressionistic Color,Highly Diverse Hue,Vibrant Tone,Harmonious Color,Stark Color Contrast
Notre Dame - Matisse.jpg,Expressionistic Color,Similar Hue,Muted/Tinted,Harmonious Color,Blended Color Contrast
Portrait of Andre Derain - Matisse.jpg,Expressionistic Color,Highly Diverse Hue,Vibrant Tone,Harmonious Color,Stark Color Contrast
Portrait of Matisse - Derain.jpg,Expressionistic Color,Highly Diverse Hue,Vibrant Tone,Harmonious Color,Stark Color Contrast
Portrait of the Son - Konchalovsky.jpg,Expressionistic Color,Highly Diverse Hue,Vibrant Tone,Harmonious Color,Stark Color Contrast
Prades the Village - Miro.jpg,Expressionistic Color,Highly Diverse Hue,Vibrant Tone,Harmonious Color,Stark Color Contrast
Regent Street - Derain.jpg,Naturalistic Color,Highly Diverse Hue,Vibrant Tone,Harmonious Color,Stark Color Contrast
Self Portrait - Matisse.jpg,Expressionistic Color,Highly Diverse Hue,Muted/Tinted,Harmonious Color,Stark Color Contrast
Ship at La Harve - Braque.jpg,Naturalistic Color,Highly Diverse Hue,Vibrant Tone,Harmonious Color,
Street Lamp - Marquet.jpg,Naturalistic Color,Highly Diverse Hue,Vibrant Tone,Harmonious Color,Stark Color Contrast
The Blue Nude - Matisse.jpg,Expressionistic Color,Somewhat Diverse Hue,Muted/Tinted,Harmonious Color,Blended Color Contrast
The Blue Window - Matisse.jpg,Expressionistic Color,Similar Hue,Vibrant Tone,Friction/Tension Color,Stark Color Contrast
The Corn Poppy - Dongen.jpg,Expressionistic Color,Similar Hue,Vibrant Tone,Friction/Tension Color,Blended Color Contrast
The Dance - Derain.jpg,Expressionistic Color,Highly Diverse Hue,Vibrant Tone,Harmonious Color,Stark Color Contrast
The Estaque - Braque.jpg,Expressionistic Color,Highly Diverse Hue,Vibrant Tone,Harmonious Color,Stark Color Contrast
The Green Line - Matisse.jpg,Expressionistic Color,Highly Diverse Hue,Vibrant Tone,Harmonious Color,Stark Color Contrast
The Moulade - Matisse.jpg,Expressionistic Color,Highly Diverse Hue,True Tone,Harmonious Color,Stark Color Contrast
The Open Window - Matisse.jpg,Expressionistic Color,Highly Diverse Hue,Vibrant Tone,Harmonious Color,Stark Color Contrast
The Turning Road - Derain.jpg,Expressionistic Color,Highly Diverse Hue,Vibrant Tone,Harmonious Color,Blended Color Contrast
Turkisches Cafe - Macke.jpg,Expressionistic Color,Highly Diverse Hue,Vibrant Tone,Harmonious Color,Stark Color Contrast
Windmill in Sunlight - Mondrain.jpg,Expressionistic Color,Highly Diverse Hue,Vibrant Tone,Harmonious Color,Stark Color Contrast
Window Opening on Nice - Dufy.jpg,Naturalistic Color,Highly Diverse Hue,True Tone,Harmonious Color,Stark Color Contrast
Woman with a Hat - Matisse.jpg,Expressionistic Color,Highly Diverse Hue,Vibrant Tone,Harmonious Color,Stark Color Contrast
Zorah on the Terrace - Matisse.jpg,Naturalistic Color,Somewhat Diverse Hue,True Tone,Harmonious Color,
Bougival - Vlaminck.jpeg,Expressionistic Color,Highly Diverse Hue,Vibrant Tone,Harmonious Color,Stark Color Contrast
Portrait of Derain - Vlaminck.jpeg,Expressionistic Color,Somewhat Diverse Hue,Vibrant Tone,Harmonious Color,Stark Color Contrast
Posters at Trouville - Dufy.jpeg,Naturalistic Color,Somewhat Diverse Hue,True Tone,Harmonious Color,
Self Portrait with a Cap - Derain.jpeg,Expressionistic Color,Highly Diverse Hue,True Tone,Harmonious Color,Stark Color Contrast
Still life with Grapes - Mashov.jpeg,Naturalistic Color,Somewhat Diverse Hue,True Tone,Harmonious Color,Blended Color Contrast
The Piano Lesson - Matisse.jpeg,Expressionistic Color,Somewhat Diverse Hue,Muted/Tinted,Friction/Tension Color,Stark Color Contrast
The Red Mill - Mondrian.jpeg,Expressionistic Color,Similar Hue,Vibrant Tone,Friction/Tension Color,Blended Color Contrast
The River Seine at Chatou - Vlaminck.jpeg,Expressionistic Color,Highly Diverse Hue,Vibrant Tone,Harmonious Color,Stark Color Contrast
Tugboat on the Siene - Vlaminck.jpeg,Expressionistic Color,Highly Diverse Hue,Vibrant Tone,Friction/Tension Color,Stark Color Contrast
A Girl with a Watering Can - Renoir.jpg,Capture Color,Highly Diverse Hue,True Tone,Harmonious Color,
A Stream Beneath the Poplars - Perry.jpg,Capture Color,Similar Hue,True Tone,Harmonious Color,
At the Races in the Countryside - degas.jpg,Capture Color,Somewhat Diverse Hue,True Tone,Friction/Tension Color,Blended Color Contrast
Autumn Effect at Argenteuil - Monet.jpg,Capture Color,Somewhat Diverse Hue,Vibrant Tone,Harmonious Color,
Autumn-Banks of the Seine near Bougival - Sisley.jpg,Capture Color,Highly Diverse Hue,Vibrant Tone,Harmonious Color,
Boulevard de Capucines - Monet.jpg,Capture Color,Similar Hue,Muted/Tinted,Harmonious Color,
Cafe-Concert at Les Ambassadeurs - Degas.jpg,Capture Color,Highly Diverse Hue,True Tone,Friction/Tension Color,
Camille Monet and a Child in the Artist's Garden at Argenteuil - Monet.jpg,Capture Color,Highly Diverse Hue,Vibrant Tone,Friction/Tension Color,
Caprice in Purple and Gold - Whistler.jpg,Capture Color,Highly Diverse Hue,True Tone,Harmonious Color,Blended Color Contrast
Cliff Walk at Pourville - Monet.jpg,Capture Color,Highly Diverse Hue,Vibrant Tone,Harmonious Color,
Dal du moulin de la Galette - Renoir.jpg,Capture Color,Highly Diverse Hue,True Tone,Harmonious Color,Blended Color Contrast
Girl with Peaches - Serov.jpg,Capture Color,Somewhat Diverse Hue,Vibrant Tone,Friction/Tension Color,Blended Color Contrast
Grainstack - Monet.jpg,Capture Color,Similar Hue,Vibrant Tone,Harmonious Color,
Haystacks - Monet.jpg,Capture Color,Similar Hue,Muted/Tinted,Harmonious Color,
Hoarfrost - Pissarro.jpg,Capture Color,Somewhat Diverse Hue,Muted/Tinted,Harmonious Color,
Hunting Butterflies - Morisot.jpg,Capture Color,Similar Hue,True Tone,Harmonious Color,
In the Loge - Cassatt.jpg,Capture Color,Somewhat Diverse Hue,True Tone,Friction/Tension Color,
La Gare Saint-Lazare - Monet.jpg,Capture Color,Somewhat Diverse Hue,Vibrant Tone,Harmonious Color,
La Loge - Renoir.jpg,Capture Color,Similar Hue,True Tone,Harmonious Color,
La Promenade - Renoir.jpg,Capture Color,Somewhat Diverse Hue,Vibrant Tone,Friction/Tension Color,
Les Bain a la Grenoullere - Monet.jpg,Capture Color,Somewhat Diverse Hue,Vibrant Tone,Harmonious Color,Stark Color Contrast
Little Girl in a Blue Armchair - Cassatt.jpg,Capture Color,Highly Diverse Hue,Vibrant Tone,Friction/Tension Color,
Luncheon on the Grass - Monet.jpg,Capture Color,Somewhat Diverse Hue,Vibrant Tone,Friction/Tension Color,
Madame Georges Charpentier - Renoir.jpg,Capture Color,Somewhat Diverse Hue,Vibrant Tone,Harmonious Color,Blended Color Contrast
Man at his Bath - Caillebotte.jpg,Capture Color,Similar Hue,True Tone,Harmonious Color,Blended Color Contrast
Poplars - Monet.jpg,Capture Color,Somewhat Diverse Hue,Vibrant Tone,Harmonious Color,
Study - Renior.jpg,Capture Color,Highly Diverse Hue,Vibrant Tone,Harmonious Color,Blended Color Contrast
The Basin at Argenteuil - Monet.jpg,Capture Color,Somewhat Diverse Hue,Vibrant Tone,Friction/Tension Color,Blended Color Contrast
The Bellelli Family - Degas.jpg,Naturalistic Color,Somewhat Diverse Hue,Muted/Tinted,Harmonious Color,Blended Color Contrast
The Childs Bath - Cassatt.jpg,Naturalistic Color,Highly Diverse Hue,Muted/Tinted,Friction/Tension Color,Blended Color Contrast
The Cradle - Morisot.jpg,Capture Color,Somewhat Diverse Hue,Vibrant Tone,Friction/Tension Color,Blended Color Contrast
The Girl Covered by the Sun - Serov.jpg,Capture Color,Similar Hue,True Tone,Harmonious Color,
The Grands Boulevard - Renoir.jpg,Capture Color,Highly Diverse Hue,True Tone,Harmonious Color,
The Harbor at Lorient - Morisot.jpg,Capture Color,Somewhat Diverse Hue,True Tone,Harmonious Color,Blended Color Contrast
The Swing - Renoir.jpg,Capture Color,Highly Diverse Hue,Vibrant Tone,Harmonious Color,
The Water Lilies - Monet.jpg,Capture Color,Similar Hue,Vibrant Tone,Harmonious Color,
Two Sisters - Renoir.jpg,Capture Color,Highly Diverse Hue,Vibrant Tone,Friction/Tension Color,
Visit to a Museum - Degas.jpg,Capture Color,Similar Hue,Vibrant Tone,Harmonious Color,Blended Color Contrast
Woman with the Pearl Necklace - Cassatt.jpg,Capture Color,Similar Hue,Vibrant Tone,Harmonious Color,
Women in the Garden - Monet.jpg,Naturalistic Color,Somewhat Diverse Hue,Vibrant Tone,Harmonious Color,Blended Color Contrast
Floor Scrappers - Caillebotte.jpeg,,Monochrome Hue,Muted/Tinted,Harmonious Color,Blended Color Contrast
Impression Sunrise - Monet.jpeg,Capture Color,Similar Hue,Muted/Tinted,Harmonious Color,
Luncheon of the Boating Party - Renoir.jpeg,Capture Color,Highly Diverse Hue,Vibrant Tone,Harmonious Color,Blended Color Contrast
Paris Street Rainy Day - Caillebotte.jpeg,Naturalistic Color,Similar Hue,Muted/Tinted,Harmonious Color,Blended Color Contrast
Poppies - Monet.jpeg,Capture Color,Somewhat Diverse Hue,Muted/Tinted,Friction/Tension Color,
The Ballet Class - Degas.jpeg,Capture Color,Similar Hue,Muted/Tinted,Harmonious Color,
The Boulevard Montmarte - Pissaro.jpeg,Capture Color,Somewhat Diverse Hue,Vibrant Tone,Harmonious Color,
Woman with a Parasol - Monet.jpeg,Capture Color,Highly Diverse Hue,Vibrant Tone,Harmonious Color,
Women Walking on a Beach - Sorolla.jpeg,Capture Color,Highly Diverse Hue,Vibrant Tone,Harmonious Color,Blended Color Contrast
Achilles Receiving the Ambassadors of Agamemnon.jpg,Naturalistic Color,Highly Diverse Hue,Vibrant Tone,Harmonious Color,Blended Color Contrast
Ancient Rome - Panini.jpg,Naturalistic Color,Highly Diverse Hue,True Tone,Harmonious Color,Blended Color Contrast
Aqueduct in Ruins - Robert.jpg,Naturalistic Color,Similar Hue,True Tone,Harmonious Color,Blended Color Contrast
Benjamin Franklin Drawing Electricity from the Sky - West.jpg,Naturalistic Color,Similar Hue,True Tone,Harmonious Color,Blended Color Contrast
Charles Towneley in his sculpture gallery - Zoffany.jpg,Naturalistic Color,Similar Hue,Vibrant Tone,Harmonious Color,Blended Color Contrast
Cornelia Pointing to her Children as Her Treasures - Kauffmann.jpg,Naturalistic Color,Somewhat Diverse Hue,Vibrant Tone,Harmonious Color,Blended Color Contrast
Diana and Cupid - Batoni.jpg,Naturalistic Color,Highly Diverse Hue,True Tone,Friction/Tension Color,Blended Color Contrast
Fantasy view - Panini.jpg,Naturalistic Color,Similar Hue,True Tone,Harmonious Color,Blended Color Contrast
Johann Joachim Winckelmann.jpg,Naturalistic Color,Similar Hue,True Tone,Harmonious Color,Blended Color Contrast
Judgement of Paris - Mengs.jpg,Naturalistic Color,Highly Diverse Hue,True Tone,Harmonious Color,Blended Color Contrast
Julie Lebrun as Flora - Le Brun.jpg,Naturalistic Color,Highly Diverse Hue,True Tone,Friction/Tension Color,Blended Color Contrast
Jupiter and Thetis - Ingres.jpg,Naturalistic Color,Highly Diverse Hue,Muted/Tinted,Harmonious Color,Blended Color Contrast
Madame Raymod de Verninac - David.jpg,Naturalistic Color,Somewhat Diverse Hue,True Tone,Harmonious Color,Blended Color Contrast
Modern Romania - Tattarescu.jpg,Naturalistic Color,Monochrome Hue,True Tone,Friction/Tension Color,Blended Color Contrast
Napoleon Crossing the Alps - David.jpg,Naturalistic Color,Highly Diverse Hue,Vibrant Tone,Harmonious Color,Blended Color Contrast
Napoleon I on his Imperial Throne - Ingres.jpg,Naturalistic Color,Similar Hue,Vibrant Tone,Friction/Tension Color,Blended Color Contrast
Perseus and Andromeda - Leighton.jpg,Naturalistic Color,Somewhat Diverse Hue,True Tone,Harmonious Color,Blended Color Contrast
Portrait of Antoine-Laurent Lavoisier and his wife - David.jpg,Naturalistic Color,Somewhat Diverse Hue,True Tone,Harmonious Color,Blended Color Contrast
Portrait of Citizen Jean-Baptiste Belley - Trioson.jpg,Naturalistic Color,Somewhat Diverse Hue,True Tone,Friction/Tension Color,Blended Color Contrast
Portrait of Madame Recamier - David.jpg,Naturalistic Color,Highly Diverse Hue,Vibrant Tone,Friction/Tension Color,Blended Color Contrast
Portrait of Madeline - Benoist.jpg,Naturalistic Color,Somewhat Diverse Hue,True Tone,Friction/Tension Color,Blended Color Contrast
Portrait of Susanna van Collen nee Mogge and her daughter - Numan.jpg,Naturalistic Color,Somewhat Diverse Hue,True Tone,Friction/Tension Color,Blended Color Contrast
Self-portrait - Benoist.jpg,Naturalistic Color,Somewhat Diverse Hue,True Tone,Friction/Tension Color,Blended Color Contrast
The Anger of Achilles - David.jpg,Naturalistic Color,Highly Diverse Hue,Vibrant Tone,Harmonious Color,Blended Color Contrast
The Architects Dream - Cole.jpg,Naturalistic Color,Somewhat Diverse Hue,True Tone,Harmonious Color,Blended Color Contrast
The Death of Nelson - West.jpg,Naturalistic Color,Similar Hue,Vibrant Tone,Harmonious Color,Blended Color Contrast
The Death of Seneca - David.jpg,Naturalistic Color,Highly Diverse Hue,True Tone,Friction/Tension Color,Blended Color Contrast
The Death of Socrates - David.jpg,Naturalistic Color,Highly Diverse Hue,Muted/Tinted,Harmonious Color,Blended Color Contrast
The Emperor Napoleon in his Study at the Tuileries - David.jpg,Naturalistic Color,Somewhat Diverse Hue,True Tone,Harmonious Color,Blended Color Contrast
The Intervention of the Sabine Woman - David.jpg,Naturalistic Color,Somewhat Diverse Hue,True Tone,Friction/Tension Color,Blended Color Contrast
The Lictors Returning to Brutus the Bodies of his sons - David.jpg,Naturalistic Color,Somewhat Diverse Hue,True Tone,Harmonious Color,Blended Color Contrast
The Sleep of Endymion - Girodet.jpg,Naturalistic Color,Somewhat Diverse Hue,Muted/Tinted,Harmonious Color,Blended Color Contrast
Virgil reading to Augustus - Ingres.jpg,Naturalistic Color,Highly Diverse Hue,True Tone,Friction/Tension Color,Blended Color Contrast
Burial of Atala - Trioson.jpeg,Naturalistic Color,Similar Hue,Muted/Tinted,Friction/Tension Color,Blended Color Contrast
Dante and Virgil - Bouguereau.jpeg,Naturalistic Color,Similar Hue,True Tone,Harmonious Color,Blended Color Contrast
L'excommunication de Robert le Pieux - Laurens.jpeg,Naturalistic Color,Similar Hue,True Tone,Harmonious Color,Blended Color Contrast
Leonidas at Thermopylae - David.jpeg,Naturalistic Color,Highly Diverse Hue,True Tone,Harmonious Color,Blended Color Contrast
Oedipus Explaining the Enigma of the Sphinx - Ingres.jpeg,Naturalistic Color,Similar Hue,True Tone,Harmonious Color,Blended Color Contrast
Portrait of Monsieur Bertin - Inres.jpeg,Naturalistic Color,Similar Hue,True Tone,Harmonious Color,Blended Color Contrast
Princesse de Broglie - Ingres.jpeg,Naturalistic Color,Somewhat Diverse Hue,True Tone,Friction/Tension Color,Blended Color Contrast
The Artist and His Family - West.jpeg,Naturalistic Color,Similar Hue,Muted/Tinted,Harmonious Color,Blended Color Contrast
The Coronation of Napoleon - David.jpeg,Naturalistic Color,Somewhat Diverse Hue,True Tone,Harmonious Color,Blended Color Contrast
The Cupid Seller - Vien.jpeg,Naturalistic Color,Somewhat Diverse Hue,Muted/Tinted,Friction/Tension Color,Blended Color Contrast
The Damsel and Orlando - West.jpeg,Naturalistic Color,Somewhat Diverse Hue,Muted/Tinted,Friction/Tension Color,Blended Color Contrast
The Death of General Wolfe - West.jpeg,Naturalistic Color,Highly Diverse Hue,Vibrant Tone,Friction/Tension Color,Blended Color Contrast
The Death of Leonardo da Vinci - Ingres.jpeg,Naturalistic Color,Similar Hue,Vibrant Tone,Harmonious Color,Blended Color Contrast
The Death of Marat - David.jpeg,Naturalistic Color,Similar Hue,True Tone,Harmonious Color,Blended Color Contrast
The Explusion of Adam and Eve from Paradise - West.jpeg,Naturalistic Color,Similar Hue,True Tone,Friction/Tension Color,Blended Color Contrast
The Oath of Horatii - David.jpeg,Naturalistic Color,Somewhat Diverse Hue,True Tone,Harmonious Color,Blended Color Contrast
A Sunday on La Grande Jatte.jpg,Naturalistic Color,Highly Diverse Hue,Muted/Tinted,Harmonious Color,
A Wheatfield with Cypresses - van Gogh.jpg,Expressionistic Color,Somewhat Diverse Hue,Vibrant Tone,Harmonious Color,
Arearea - Gauguin.jpg,Expressionistic Color,Highly Diverse Hue,True Tone,Harmonious Color,
At the Moulin Rouge - Lautrec.jpg,Expressionistic Color,Similar Hue,Vibrant Tone,Harmonious Color,Blended Color Contrast
Bathers - Cezanne.jpg,Expressionistic Color,Somewhat Diverse Hue,True Tone,Harmonious Color,
Boy in a Red Vest - Cezanne.jpg,Capture Color,Somewhat Diverse Hue,Muted/Tinted,Friction/Tension Color,
Breton Girls Dancing - Gauguin.jpg,Expressionistic Color,Highly Diverse Hue,Vibrant Tone,Harmonious Color,Blended Color Contrast
Cafe Terrace at Night - van Gogh.jpg,Expressionistic Color,Somewhat Diverse Hue,Vibrant Tone,Friction/Tension Color,
Coastal Landscape from Martinique - Gauguin.jpg,Naturalistic Color,Highly Diverse Hue,Vibrant Tone,Harmonious Color,Blended Color Contrast
Coming and Going - Gauguin.jpg,Expressionistic Color,Somewhat Diverse Hue,Vibrant Tone,Friction/Tension Color,
Day of God - Gauguin.jpg,Expressionistic Color,Highly Diverse Hue,Vibrant Tone,Harmonious Color,Stark Color Contrast
Evening Calm - Signac.jpg,Expressionistic Color,Somewhat Diverse Hue,Vibrant Tone,Harmonious Color,Stark Color Contrast
Harvest at La Crau - van Gogh.jpg,Expressionistic Color,Somewhat Diverse Hue,Vibrant Tone,Harmonious Color,
Irises - van Gogh.jpg,Expressionistic Color,Somewhat Diverse Hue,Vibrant Tone,Harmonious Color,
Le Chahut - Seurat.jpg,Expressionistic Color,Highly Diverse Hue,Vibrant Tone,Harmonious Color,
Madame Cezanne - Cezanne.jpg,Expressionistic Color,Highly Diverse Hue,Vibrant Tone,Friction/Tension Color,Blended Color Contrast
Models - Seurat.jpg,Expressionistic Color,Somewhat Diverse Hue,Muted/Tinted,Harmonious Color,
Mont Sainte-Victorie - Cezanne.jpg,Naturalistic Color,Somewhat Diverse Hue,True Tone,Harmonious Color,
Morning Calm - Signac.jpg,Expressionistic Color,Highly Diverse Hue,Vibrant Tone,Harmonious Color,
Parade de cirque - Seurat.jpg,Expressionistic Color,Somewhat Diverse Hue,Muted/Tinted,Harmonious Color,
Paul Alexis reading to Emile Zola - Cezanne.jpg,Naturalistic Color,Similar Hue,True Tone,Harmonious Color,Stark Color Contrast
Road with Cypress and Star - van Gogh.jpg,Expressionistic Color,Highly Diverse Hue,Vibrant Tone,Harmonious Color,
Seascape Near Les Saintes - van Gogh.jpg,Expressionistic Color,Similar Hue,Vibrant Tone,Harmonious Color,
Self-portrait dedicated to Vincent van Gogh - Gauguin.jpg,Expressionistic Color,Highly Diverse Hue,Vibrant Tone,Friction/Tension Color,Blended Color Contrast
Self-portrait in a hat - Gauguin.jpg,Expressionistic Color,Somewhat Diverse Hue,True Tone,Harmonious Color,Blended Color Contrast
Self-portrait with bandaged ear - van gogh.jpg,Expressionistic Color,Somewhat Diverse Hue,Muted/Tinted,Friction/Tension Color,
Spirit of the Dead Watching - Gauguin.jpg,Expressionistic Color,Somewhat Diverse Hue,Vibrant Tone,Harmonious Color,Blended Color Contrast
Starry Night over the Rhone - van Gogh.jpg,Expressionistic Color,Similar Hue,Vibrant Tone,Harmonious Color,
Still Life with Plaster Cupid - Cezanne.jpg,Naturalistic Color,Highly Diverse Hue,Vibrant Tone,Friction/Tension Color,Blended Color Contrast
The Basket of Apples - Cezanne.jpg,Naturalistic Color,Highly Diverse Hue,True Tone,Harmonious Color,Blended Color Contrast
The Bather - Cezanne.jpg,Expressionistic Color,Similar Hue,Muted/Tinted,Harmonious Color,Blended Color Contrast
The Bedroom - van Gogh.jpg,Expressionistic Color,Highly Diverse Hue,Vibrant Tone,Friction/Tension Color,Stark Color Contrast
The Card Players - Cezanne.jpg,Naturalistic Color,Somewhat Diverse Hue,True Tone,Harmonious Color,Blended Color Contrast
The Church at Auvers - van Gogh.jpg,Expressionistic Color,Similar Hue,Vibrant Tone,Harmonious Color,
The Dream - Rosseau.jpg,Naturalistic Color,Highly Diverse Hue,True Tone,Harmonious Color,Blended Color Contrast
The Mango Trees - Gauguin.jpg,Expressionistic Color,Highly Diverse Hue,True Tone,Harmonious Color,
The Painter of Sunflowers - Gauguin.jpg,Expressionistic Color,Somewhat Diverse Hue,Vibrant Tone,Harmonious Color,Blended Color Contrast
The Red Cow - Gauguin.jpg,Naturalistic Color,Somewhat Diverse Hue,Vibrant Tone,Friction/Tension Color,
The Red Rock - Cezanne.jpg,Expressionistic Color,Highly Diverse Hue,Vibrant Tone,Harmonious Color,
The Sleeping Gypsy - Rosseau.jpg,Naturalistic Color,Highly Diverse Hue,True Tone,Friction/Tension Color,Blended Color Contrast
The Starry Night - van Gogh.jpg,Expressionistic Color,Similar Hue,Vibrant Tone,Harmonious Color,
Tiger in a Tropical Storm - Rosseau.jpg,Naturalistic Color,Similar Hue,Muted/Tinted,Harmonious Color,Blended Color Contrast
Tropical Conversation - Gauguin.jpg,Naturalistic Color,Highly Diverse Hue,True Tone,Friction/Tension Color,
Turning Road at Montgeroult - Cezanne.jpg,Expressionistic Color,Somewhat Diverse Hue,True Tone,Harmonious Color,
Vision after the Sermon - Gauguin.jpg,Expressionistic Color,Highly Diverse Hue,Vibrant Tone,Friction/Tension Color,Blended Color Contrast
Wheatfield with Crows - van Gogh.jpg,Expressionistic Color,Somewhat Diverse Hue,True Tone,Friction/Tension Color,
When will you marry - Gauguin.jpg,Expressionistic Color,Highly Diverse Hue,Vibrant Tone,Harmonious Color,
Self-portrait dedicated to Paul Gauguin - van Gogh.jpeg,Expressionistic Color,Similar Hue,True Tone,Harmonious Color,Stark Color Contrast
Still Life with Apples - Cezanne.jpeg,Naturalistic Color,Highly Diverse Hue,Vibrant Tone,Harmonious Color,Blended Color Contrast
A Burial at Ornans - Courbet.jpg,Expressionistic Color,Similar Hue,Muted/Tinted,Harmonious Color,Blended Color Contrast
A Loge at the Theater des Italiens - Gonzales.jpg,Naturalistic Color,Somewhat Diverse Hue,Muted/Tinted,Friction/Tension Color,Blended Color Contrast
Autum Day - Levitan.jpg,Naturalistic Color,Similar Hue,Muted/Tinted,Harmonious Color,
Autumn Bouquet - Repin.jpg,Naturalistic Color,Highly Diverse Hue,True Tone,Friction/Tension Color,
Bar at the Folies-Bergere - Manet.jpg,Naturalistic Color,Somewhat Diverse Hue,True Tone,Harmonious Color,Blended Color Contrast
Barge Haulers on the Volga - Repin.jpg,Naturalistic Color,Similar Hue,Muted/Tinted,Friction/Tension Color,Blended Color Contrast
Beach at Scheveningen in Stormy Weather - van Gogh.jpg,Naturalistic Color,Similar Hue,Muted/Tinted,Harmonious Color,
Corner of a Cafe-Concert - Manet.jpg,Naturalistic Color,Somewhat Diverse Hue,True Tone,Harmonious Color,
Emile Zola - Manet.jpg,Naturalistic Color,Similar Hue,Muted/Tinted,Harmonious Color,Blended Color Contrast
Family Portrait - Ostade.jpg,Naturalistic Color,Similar Hue,Muted/Tinted,Harmonious Color,Blended Color Contrast
Femme nu Couchee - Courbet.jpg,Naturalistic Color,Similar Hue,True Tone,Harmonious Color,Blended Color Contrast
Golden Autumn - Levitan.jpg,Naturalistic Color,Highly Diverse Hue,True Tone,Harmonious Color,Blended Color Contrast
Hawning Apprentice - Mankacsy.jpg,Naturalistic Color,Similar Hue,Muted/Tinted,Harmonious Color,Blended Color Contrast
Hunters at Rest - Perov.jpg,Naturalistic Color,Similar Hue,Muted/Tinted,Harmonious Color,Blended Color Contrast
In the Conservatory - Manet.jpg,Naturalistic Color,Somewhat Diverse Hue,True Tone,Harmonious Color,Blended Color Contrast
Ivan the Terrible and His Son Ivan - Repin.jpg,Naturalistic Color,Similar Hue,Vibrant Tone,Harmonious Color,Blended Color Contrast
Jewess with Oranges - Gierymski.jpg,Naturalistic Color,Highly Diverse Hue,Vibrant Tone,Friction/Tension Color,
L'Angelus - Millet.jpg,Naturalistic Color,Highly Diverse Hue,True Tone,Harmonious Color,Blended Color Contrast
La rencontre - Courbet.jpg,Naturalistic Color,Somewhat Diverse Hue,Vibrant Tone,Harmonious Color,Blended Color Contrast
Les Demoiselles du bord de la Seine - Courbet.jpg,Naturalistic Color,Highly Diverse Hue,True Tone,Harmonious Color,Blended Color Contrast
Morning in a Pine Forest - Shishkin.jpg,Naturalistic Color,Similar Hue,True Tone,Harmonious Color,Blended Color Contrast
Music in the Tuileries Gardens - Manet.jpg,Naturalistic Color,Somewhat Diverse Hue,True Tone,Harmonious Color,Blended Color Contrast
Olympia - Manet.jpg,Naturalistic Color,Similar Hue,True Tone,Harmonious Color,Blended Color Contrast
Ploughing in the Nivernais - Bonheur.jpg,Naturalistic Color,Somewhat Diverse Hue,True Tone,Harmonious Color,Blended Color Contrast
Plum Brandy - Manet.jpg,Naturalistic Color,Somewhat Diverse Hue,True Tone,Harmonious Color,Blended Color Contrast
Portrait of an Unknown Woman - Kramskoi.jpg,Naturalistic Color,Similar Hue,True Tone,Harmonious Color,Blended Color Contrast
Science and Charity - Picasso.jpg,Naturalistic Color,Similar Hue,Muted/Tinted,Harmonious Color,Blended Color Contrast
Sheep in the Highlands - Bonheur.jpg,Naturalistic Color,Somewhat Diverse Hue,Vibrant Tone,Harmonious Color,Blended Color Contrast
Skull of a Skeleton with Burning Cigarette - van Gogh.jpg,Naturalistic Color,Similar Hue,Muted/Tinted,Harmonious Color,
Taking a Snow Town - Surikov.jpg,Naturalistic Color,Somewhat Diverse Hue,True Tone,Friction/Tension Color,Blended Color Contrast
The Apotheosis of War - Vereschchagin.jpg,Naturalistic Color,Somewhat Diverse Hue,Vibrant Tone,Harmonious Color,Blended Color Contrast
The Daughters of Edward Darley Boit.jpg,Naturalistic Color,Somewhat Diverse Hue,True Tone,Harmonious Color,
The Fifer - Manet.jpg,Naturalistic Color,Somewhat Diverse Hue,Vibrant Tone,Friction/Tension Color,Blended Color Contrast
The First Mourning - Bouguereau.jpg,Naturalistic Color,Similar Hue,Muted/Tinted,Harmonious Color,Blended Color Contrast
The Gleaners - Millet.jpg,Naturalistic Color,Somewhat Diverse Hue,True Tone,Friction/Tension Color,Blended Color Contrast
The Little Cavaliers - Manet.jpg,Naturalistic Color,Highly Diverse Hue,True Tone,Harmonious Color,Blended Color Contrast
The Morning of the Streltsy Execution - Surikov.jpg,Naturalistic Color,Somewhat Diverse Hue,True Tone,Harmonious Color,Blended Color Contrast
The Painter's Studio - Courbet.jpg,Naturalistic Color,Highly Diverse Hue,True Tone,Friction/Tension Color,Blended Color Contrast
The Railway - Manet.jpg,Naturalistic Color,Highly Diverse Hue,True Tone,Harmonious Color,Blended Color Contrast
The Rooks Have Come Back - Savrasov.jpg,Naturalistic Color,Similar Hue,True Tone,Harmonious Color,Blended Color Contrast
The Violoncellist - Courbet.jpg,Naturalistic Color,Similar Hue,Muted/Tinted,Harmonious Color,Blended Color Contrast
The Wheat Sifters - Courbet.jpg,Naturalistic Color,Similar Hue,Muted/Tinted,Friction/Tension Color,Blended Color Contrast
Valley of the Loue - Courbet.jpg,Naturalistic Color,Highly Diverse Hue,Vibrant Tone,Friction/Tension Color,Blended Color Contrast
Whistler's Mother - Whistler.jpg,Naturalistic Color,Similar Hue,Muted/Tinted,Harmonious Color,Blended Color Contrast
Luncheon on the Grass - Manet.jpeg,Naturalistic Color,Similar Hue,Muted/Tinted,Friction/Tension Color,Blended Color Contrast
Silent Monastary - Levitan.jpeg,Naturalistic Color,Similar Hue,True Tone,Harmonious Color,Blended Color Contrast
The Potato Eaters - van Gogh.jpeg,Expressionistic Color,Similar Hue,Muted/Tinted,Harmonious Color,Blended Color Contrast
The Shepherdess - Bouguereau.jpeg,Naturalistic Color,Similar Hue,True Tone,Harmonious Color,Blended Color Contrast
The Stone Breakers - Courbet.jpeg,Naturalistic Color,Similar Hue,Muted/Tinted,Harmonious Color,Blended Color Contrast
A goldsmith in his shop - Christus.jpg,Naturalistic Color,Somewhat Diverse Hue,Vibrant Tone,Harmonious Color,Blended Color Contrast
Adoration of the Kings - van der Goes.jpg,Naturalistic Color,Highly Diverse Hue,True Tone,Friction/Tension Color,Blended Color Contrast
Adoration of the Magi - Botticelli.jpg,Naturalistic Color,Somewhat Diverse Hue,True Tone,Harmonious Color,Blended Color Contrast
Arnolfini Portrait - van Eyck.jpg,Naturalistic Color,Somewhat Diverse Hue,True Tone,Harmonious Color,Blended Color Contrast
Baptism of Christ - Verrocchio.jpg,Naturalistic Color,Highly Diverse Hue,True Tone,Harmonious Color,Blended Color Contrast
Birth of the Virgin - Ghirlandaio.jpg,Naturalistic Color,Highly Diverse Hue,True Tone,Harmonious Color,Blended Color Contrast
Calumny of Apelles - Botticelli.jpg,Naturalistic Color,Somewhat Diverse Hue,True Tone,Harmonious Color,Blended Color Contrast
Christ and the Virgin - Campin.jpg,Naturalistic Color,Somewhat Diverse Hue,Vibrant Tone,Harmonious Color,Blended Color Contrast
Christ Giving the Keys of the Kingdom to St. Peter - Perugino.jpg,Naturalistic Color,Highly Diverse Hue,Vibrant Tone,Harmonious Color,Blended Color Contrast
Crucifixion with the Virgin and St. John - van der weyden.jpg,Naturalistic Color,Somewhat Diverse Hue,Vibrant Tone,Harmonious Color,Blended Color Contrast
Danae - Correggio.jpg,Naturalistic Color,Similar Hue,Muted/Tinted,Harmonious Color,Blended Color Contrast
Death of the Virgin - Mantegna.jpg,Naturalistic Color,Highly Diverse Hue,Vibrant Tone,Harmonious Color,Blended Color Contrast
La Primavera (Spring) - Botticelli.jpg,Naturalistic Color,Somewhat Diverse Hue,True Tone,Harmonious Color,Blended Color Contrast
Lamentation of Christ - Mantegna.jpg,Naturalistic Color,Similar Hue,Muted/Tinted,Harmonious Color,Blended Color Contrast
Madonna and Child - Crivelli.jpg,Naturalistic Color,Highly Diverse Hue,Vibrant Tone,Harmonious Color,Blended Color Contrast
Madonna and Child with Two Angels - Fra Filippo Lippi.jpg,Naturalistic Color,Somewhat Diverse Hue,Vibrant Tone,Harmonious Color,Blended Color Contrast
Madonna in the Church - van Eyck.jpg,Naturalistic Color,Somewhat Diverse Hue,Vibrant Tone,Harmonious Color,Blended Color Contrast
Madonna of the Meadow - Raphael.jpg,Naturalistic Color,Somewhat Diverse Hue,True Tone,Friction/Tension Color,Blended Color Contrast
Miracle of the Relic of the Cross at the Rialto Bridge - Carpaccio.jpg,Naturalistic Color,Somewhat Diverse Hue,True Tone,Harmonious Color,Blended Color Contrast
Mona Lisa - da Vinci.jpg,Naturalistic Color,Similar Hue,True Tone,Harmonious Color,Blended Color Contrast
Pastoral Concert - Titian.jpg,Naturalistic Color,Similar Hue,Muted/Tinted,Harmonious Color,Blended Color Contrast
Pieta - Bellini.jpg,Naturalistic Color,Similar Hue,Muted/Tinted,Harmonious Color,Blended Color Contrast
Pieta of Villeneuve les avignon.jpg,Expressionistic Color,Highly Diverse Hue,Vibrant Tone,Friction/Tension Color,Stark Color Contrast
Portrait of a Man with a Medal of Cosimo il Vecchio de' Medici - Botticelli.jpg,Naturalistic Color,Somewhat Diverse Hue,Vibrant Tone,Friction/Tension Color,Blended Color Contrast
Portrait of a Young Girl - Christus.jpg,Naturalistic Color,Similar Hue,True Tone,Harmonious Color,Blended Color Contrast
Portrait of a Young Woman - Botticelli.jpg,Naturalistic Color,Similar Hue,Muted/Tinted,Harmonious Color,Blended Color Contrast
Portrait of Eleonora Gonzaga - Titian.jpg,Naturalistic Color,Somewhat Diverse Hue,True Tone,Harmonious Color,Blended Color Contrast
Portrait of Francesco Maria Della Rovere - Titian.jpg,Naturalistic Color,Somewhat Diverse Hue,True Tone,Harmonious Color,Blended Color Contrast
Portrait of Pope Julius II - Raphael.jpg,Naturalistic Color,Somewhat Diverse Hue,Vibrant Tone,Friction/Tension Color,Blended Color Contrast
Portrait of Sultan Mehmed II - Bellini.jpg,Naturalistic Color,Somewhat Diverse Hue,Vibrant Tone,Harmonious Color,Blended Color Contrast
Saint Luke Painting the Madonna - Gossaert.jpg,Naturalistic Color,Highly Diverse Hue,True Tone,Harmonious Color,Blended Color Contrast
Saint Sebastian - Mentegna.jpg,Naturalistic Color,Somewhat Diverse Hue,True Tone,Harmonious Color,Blended Color Contrast
School of Athens - Raphael.jpg,Naturalistic Color,Highly Diverse Hue,True Tone,Harmonious Color,Blended Color Contrast
Self Portrait - Durer.jpg,Naturalistic Color,Similar Hue,True Tone,Harmonious Color,Blended Color Contrast
Sleeping Venus - Giorgione.jpg,Naturalistic Color,Somewhat Diverse Hue,Muted/Tinted,Harmonious Color,Blended Color Contrast
The Ambassadors - Holbein.jpg,Naturalistic Color,Highly Diverse Hue,Vibrant Tone,Harmonious Color,Blended Color Contrast
The Annunciation - Fra Angelico.jpg,Naturalistic Color,Somewhat Diverse Hue,True Tone,Harmonious Color,Blended Color Contrast
The Birth of Venus - Botticelli.jpg,Naturalistic Color,Highly Diverse Hue,True Tone,Harmonious Color,Blended Color Contrast
The Creation of Adam - Michelangelo.jpg,Naturalistic Color,Highly Diverse Hue,True Tone,Harmonious Color,Blended Color Contrast
The Crowning wiht Thorns - Titian.jpg,Naturalistic Color,Somewhat Diverse Hue,True Tone,Friction/Tension Color,
The Damned Cast into Hell - Signorelli.jpg,Expressionistic Color,Highly Diverse Hue,True Tone,Harmonious Color,Blended Color Contrast
The Last Judgement - Michelangelo.jpg,Naturalistic Color,Highly Diverse Hue,True Tone,Harmonious Color,Blended Color Contrast
The Last Supper - da Vinci.jpg,Naturalistic Color,Highly Diverse Hue,True Tone,Harmonious Color,Blended Color Contrast
The Sistine Madonna - Raphael.jpg,Naturalistic Color,Highly Diverse Hue,True Tone,Harmonious Color,Blended Color Contrast
The Tempest - Giorgione.jpg,Naturalistic Color,Highly Diverse Hue,Vibrant Tone,Harmonious Color,Blended Color Contrast
The tower of babel - Bruegel.jpg,Naturalistic Color,Highly Diverse Hue,True Tone,Harmonious Color,Blended Color Contrast
The virgin and child with saint and donor - david.jpg,Naturalistic Color,Somewhat Diverse Hue,True Tone,Harmonious Color,Blended Color Contrast
Three Philosophers - Giorgione.jpg,Naturalistic Color,Highly Diverse Hue,True Tone,Friction/Tension Color,Blended Color Contrast
Two Witches - Grien.jpg,Naturalistic Color,Similar Hue,True Tone,Harmonious Color,Blended Color Contrast
Archduchess Marie Antionette Queen of France - LeBrun.jpg,Naturalistic Color,Somewhat Diverse Hue,True Tone,Harmonious Color,Blended Color Contrast
Boy with a Spinning Top - Chardin.jpg,Naturalistic Color,Similar Hue,True Tone,Harmonious Color,Blended Color Contrast
Charles III Dining Before the Court - Prado.jpg,Naturalistic Color,Similar Hue,True Tone,Harmonious Color,
Cupid and Psyche - West.jpg,Naturalistic Color,Similar Hue,True Tone,Friction/Tension Color,Blended Color Contrast
Diana after a bath - Boucher.jpg,Naturalistic Color,Highly Diverse Hue,True Tone,Harmonious Color,Blended Color Contrast
Diana After the Hunt - Boucher.jpg,Naturalistic Color,Somewhat Diverse Hue,True Tone,Harmonious Color,Blended Color Contrast
Dresden - Bellotto.jpg,Naturalistic Color,Similar Hue,Muted/Tinted,Harmonious Color,Blended Color Contrast
Elizabeth Trubetskaya.jpg,Naturalistic Color,Somewhat Diverse Hue,True Tone,Harmonious Color,Blended Color Contrast
Hercules and Omphale.jpg,Naturalistic Color,Similar Hue,True Tone,Harmonious Color,Blended Color Contrast
La Toilette de Venus - Boucher.jpg,Naturalistic Color,Somewhat Diverse Hue,Muted/Tinted,,Blended Color Contrast
Les Plaisirs du Bal - Watteau.jpg,Naturalistic Color,Highly Diverse Hue,True Tone,Harmonious Color,
Luncheon with Ham - Lancret.jpg,Naturalistic Color,Somewhat Diverse Hue,True Tone,Harmonious Color,Blended Color Contrast
Madame Bergeret - Francois.jpg,Naturalistic Color,Somewhat Diverse Hue,True Tone,Harmonious Color,Blended Color Contrast
Madame de Pompadour - Boucher.jpg,Naturalistic Color,Highly Diverse Hue,Vibrant Tone,Friction/Tension Color,Blended Color Contrast
Marie Antoinette and Her Children - Le Brun.jpg,Naturalistic Color,Somewhat Diverse Hue,Vibrant Tone,Harmonious Color,Blended Color Contrast
Marrigae a la mode - Hogarth.jpg,Naturalistic Color,Somewhat Diverse Hue,Vibrant Tone,Friction/Tension Color,Blended Color Contrast
Mr and Mrs William Hallett - Gainsborough.jpg,Naturalistic Color,Somewhat Diverse Hue,Muted/Tinted,Harmonious Color,
Mrs Richard Brinsley Sheridan - Gainsborough.jpg,Naturalistic Color,Similar Hue,True Tone,Harmonious Color,
Mrs Sarah Siddons - Gainsborough.jpg,Naturalistic Color,Somewhat Diverse Hue,True Tone,,Blended Color Contrast
Piazza San Marco - Canaletto.jpg,Naturalistic Color,Somewhat Diverse Hue,True Tone,Harmonious Color,Blended Color Contrast
Pierrot - Watteau.jpg,Naturalistic Color,Somewhat Diverse Hue,Muted/Tinted,Harmonious Color,Blended Color Contrast
Pilgrimage to Cythera - Watteau.jpg,Naturalistic Color,Highly Diverse Hue,True Tone,Friction/Tension Color,Blended Color Contrast
Portrait of Louis XV - Ranc.jpg,Naturalistic Color,Highly Diverse Hue,True Tone,Harmonious Color,Blended Color Contrast
Portrait of Prokofiy Demidov - Levitsky.jpg,Naturalistic Color,Highly Diverse Hue,True Tone,Friction/Tension Color,Blended Color Contrast
Satan Sin and Death - Hogarth.jpg,Naturalistic Color,Similar Hue,True Tone,Harmonious Color,Blended Color Contrast
Self Portrait with Straw Hat - Le Brun.jpg,Naturalistic Color,Somewhat Diverse Hue,True Tone,Harmonious Color,Blended Color Contrast
Soap Bubbles - Chardin.jpg,Naturalistic Color,Similar Hue,True Tone,Harmonious Color,Blended Color Contrast
The Archers - Reynolds.jpg,Naturalistic Color,Somewhat Diverse Hue,Vibrant Tone,Friction/Tension Color,Blended Color Contrast
The Banquet of Cleopatra - Tiepolo.jpg,Naturalistic Color,Highly Diverse Hue,Vibrant Tone,Harmonious Color,Blended Color Contrast
The Bathers - Fragonard.jpg,Naturalistic Color,Somewhat Diverse Hue,True Tone,Harmonious Color,
The Blue Boy - Gainsborough.jpg,Naturalistic Color,Somewhat Diverse Hue,Vibrant Tone,Friction/Tension Color,Blended Color Contrast
The Declaration of Love - de Troy.jpg,Naturalistic Color,Somewhat Diverse Hue,True Tone,Harmonious Color,Blended Color Contrast
The Entrance to the Grand Canal Venice - Canaletto.jpg,Naturalistic Color,Similar Hue,True Tone,Harmonious Color,Blended Color Contrast
The Fountain of Love - Fragonard.jpg,Naturalistic Color,Similar Hue,True Tone,Harmonious Color,Blended Color Contrast
The Gate of Calais - Hogarth.jpg,Naturalistic Color,Similar Hue,True Tone,Harmonious Color,Blended Color Contrast
The Graham Children - Hogarth.jpg,Naturalistic Color,Highly Diverse Hue,True Tone,Harmonious Color,Blended Color Contrast
The Honorable Mrs Graham.jpg,Naturalistic Color,Somewhat Diverse Hue,Muted/Tinted,Friction/Tension Color,Blended Color Contrast
The Ladies Waldegrave - Reynolds.jpg,Naturalistic Color,Somewhat Diverse Hue,True Tone,Friction/Tension Color,Blended Color Contrast
The Lock - Fragonard.jpg,Naturalistic Color,Similar Hue,True Tone,Friction/Tension Color,Blended Color Contrast
The Prearranged Flight - Fragonard.jpg,Naturalistic Color,Somewhat Diverse Hue,True Tone,Harmonious Color,Blended Color Contrast
The Progress of Love The Pursuit - Fragonard.jpg,Naturalistic Color,Similar Hue,True Tone,Harmonious Color,
The Progress of Love.jpg,Naturalistic Color,Similar Hue,True Tone,Friction/Tension Color,
The Scale of Love- Watteau.jpg,Naturalistic Color,Similar Hue,True Tone,Friction/Tension Color,
The Stolen Kiss - Fragonard.jpg,Naturalistic Color,Similar Hue,Muted/Tinted,Harmonious Color,Blended Color Contrast
The Toilet of Venus Boucher.jpg,Naturalistic Color,Somewhat Diverse Hue,True Tone,Harmonious Color,Blended Color Contrast
The Triumph of Venice - Pompeo.jpg,Naturalistic Color,Highly Diverse Hue,Vibrant Tone,Harmonious Color,Blended Color Contrast
The Triumph of Venus - Boucher.jpg,Naturalistic Color,Somewhat Diverse Hue,True Tone,Harmonious Color,
The Village Bride - Greuze.jpg,Naturalistic Color,Somewhat Diverse Hue,Vibrant Tone,Friction/Tension Color,Blended Color Contrast
The Swing - Fragonard.jpeg,Naturalistic Color,Somewhat Diverse Hue,True Tone,Friction/Tension Color,
Alyonushka.jpg,Naturalistic Color,Somewhat Diverse Hue,True Tone,Harmonious Color,Blended Color Contrast
Charles IV of Spain and His Family - Goyta.jpg,Naturalistic Color,Somewhat Diverse Hue,True Tone,Harmonious Color,Blended Color Contrast
Christ on the Sea of Galilee - Delacroix.jpg,Naturalistic Color,Highly Diverse Hue,True Tone,Friction/Tension Color,
Dido building Carthage - Turner.jpg,Naturalistic Color,Highly Diverse Hue,True Tone,Harmonious Color,Blended Color Contrast
Entry of the Crusaders in Constantinople - Delacroix.jpg,Naturalistic Color,Somewhat Diverse Hue,True Tone,Harmonious Color,Blended Color Contrast
Fishermen at Sea - Turner.jpg,Naturalistic Color,Similar Hue,True Tone,Harmonious Color,Blended Color Contrast
Hylas and the Nymphs - Waterhouse.jpg,Naturalistic Color,Highly Diverse Hue,Vibrant Tone,Friction/Tension Color,Blended Color Contrast
Jewish wedding in Morocco - Delacroix.jpg,Naturalistic Color,Somewhat Diverse Hue,True Tone,Harmonious Color,Blended Color Contrast
Knight at the Crossroads - Vasnetsov.jpg,Naturalistic Color,Somewhat Diverse Hue,Vibrant Tone,Harmonious Color,Blended Color Contrast
La maja desnuda - Goya.jpg,Naturalistic Color,Somewhat Diverse Hue,True Tone,Harmonious Color,Blended Color Contrast
Lady Lilith - Rossetti.jpg,Naturalistic Color,Highly Diverse Hue,True Tone,Harmonious Color,Blended Color Contrast
Medea - Delacroix.jpg,Naturalistic Color,Similar Hue,Muted/Tinted,Harmonious Color,Blended Color Contrast
Modern Rome - Turner.jpg,Naturalistic Color,Somewhat Diverse Hue,True Tone,Harmonious Color,
Saturn Devouring one of his Sons - Lucientes.jpg,Naturalistic Color,Similar Hue,True Tone,Friction/Tension Color,
Self-portrait with Dr Arrieta - Goya.jpg,Naturalistic Color,Somewhat Diverse Hue,True Tone,Friction/Tension Color,Blended Color Contrast
Snow Storm - Turner.jpg,Naturalistic Color,Similar Hue,True Tone,Friction/Tension Color,
The Abbey in the Oakwood - Friedrich.jpg,Naturalistic Color,Similar Hue,Muted/Tinted,Harmonious Color,Blended Color Contrast
The Barque of Dante - Delacroix.jpg,Naturalistic Color,Somewhat Diverse Hue,Vibrant Tone,Friction/Tension Color,Blended Color Contrast
The Battle of Trafalgar - Turner.jpg,Naturalistic Color,Somewhat Diverse Hue,True Tone,Friction/Tension Color,Blended Color Contrast
The Black Duchess - Goya.jpg,Naturalistic Color,Somewhat Diverse Hue,Vibrant Tone,Friction/Tension Color,Blended Color Contrast
The Burning of the Houses of Parliament - Turner.jpg,Naturalistic Color,Highly Diverse Hue,Vibrant Tone,Friction/Tension Color,
The Charging Chasseur - Gericault.jpg,Naturalistic Color,Somewhat Diverse Hue,Vibrant Tone,Harmonious Color,Blended Color Contrast
The Clothed Maja - Goya.jpg,Naturalistic Color,Somewhat Diverse Hue,Vibrant Tone,Friction/Tension Color,Blended Color Contrast
The Colossus - Goya.jpg,Naturalistic Color,Somewhat Diverse Hue,True Tone,Friction/Tension Color,
The Death of Sardanapalus - Delacroix.jpg,Naturalistic Color,Similar Hue,Vibrant Tone,Harmonious Color,Blended Color Contrast
The Desperate Man - Courbet.jpg,Naturalistic Color,Somewhat Diverse Hue,True Tone,Harmonious Color,Blended Color Contrast
The Family of Infante Don Luis - Goya.jpg,Naturalistic Color,Highly Diverse Hue,Vibrant Tone,Harmonious Color,Blended Color Contrast
The Fighting Temeraire - Turner.jpg,Naturalistic Color,Somewhat Diverse Hue,Vibrant Tone,Harmonious Color,
The Hay Wain - Constable.jpg,Naturalistic Color,Highly Diverse Hue,Vibrant Tone,Harmonious Color,
The Kiss - Hayez.jpg,Naturalistic Color,Somewhat Diverse Hue,True Tone,Friction/Tension Color,Blended Color Contrast
The Lonely Tree - Friedrich.jpg,Naturalistic Color,Somewhat Diverse Hue,True Tone,Friction/Tension Color,Blended Color Contrast
The Massacre at Chios - Delacroix.jpg,Naturalistic Color,Similar Hue,Muted/Tinted,Harmonious Color,Blended Color Contrast
The Monk by the Sea - Friedrich.jpg,Naturalistic Color,Similar Hue,Muted/Tinted,Harmonious Color,Blended Color Contrast
The Nightmare - Fuseli.jpg,Naturalistic Color,Similar Hue,True Tone,Friction/Tension Color,Blended Color Contrast
The Ninth Wave - Aivazovsky.jpg,Naturalistic Color,Somewhat Diverse Hue,Vibrant Tone,Harmonious Color,Blended Color Contrast
The Sea of Ice - Friedrich.jpg,Naturalistic Color,Somewhat Diverse Hue,True Tone,Harmonious Color,Blended Color Contrast
The Second of May 1808 - Goya.jpg,Naturalistic Color,Somewhat Diverse Hue,True Tone,Harmonious Color,Blended Color Contrast
The Shipwreck - Turner.jpg,Naturalistic Color,Somewhat Diverse Hue,Vibrant Tone,Friction/Tension Color,
The Slave Ship - Turner.jpg,Capture Color,Highly Diverse Hue,Vibrant Tone,Harmonious Color,
The Third of May 1808 - Goya.jpg,Naturalistic Color,Somewhat Diverse Hue,True Tone,Friction/Tension Color,Blended Color Contrast
Watson and the Shark - Copley.jpg,Naturalistic Color,Similar Hue,True Tone,Harmonious Color,Blended Color Contrast
Witches' Flight - Goya.jpg,Naturalistic Color,Somewhat Diverse Hue,True Tone,Harmonious Color,
Witches' Sabbath - Goya.jpg,Naturalistic Color,Somewhat Diverse Hue,True Tone,Harmonious Color,
Wreckers Coast of Northumberland - Turner.jpg,Naturalistic Color,Similar Hue,True Tone,Harmonious Color,
Bridal Procession on the  Hardangerfjord - Gude.jpeg,Naturalistic Color,Highly Diverse Hue,Vibrant Tone,Friction/Tension Color,Blended Color Contrast
Chalk Cliffs on Rugen - Friedrich.jpeg,Naturalistic Color,Similar Hue,Vibrant Tone,Friction/Tension Color,Blended Color Contrast
Lady Libert Leading the People - Delocroix.jpeg,Naturalistic Color,Somewhat Diverse Hue,Vibrant Tone,Friction/Tension Color,
The Raft of the Medusa - Geriacault.jpeg,Naturalistic Color,Somewhat Diverse Hue,Vibrant Tone,Harmonious Color,Blended Color Contrast
Wanderer above the sea of fog - Friedrich.jpeg,Naturalistic Color,Similar Hue,Muted/Tinted,Harmonious Color,Blended Color Contrast
A dream caused by the flight of a bee - Dal.jpg,Naturalistic Color,Highly Diverse Hue,Vibrant Tone,Harmonious Color,Blended Color Contrast
Apparition of Face and Fruit Dish on a Beach - Dali.jpg,Naturalistic Color,Similar Hue,Muted/Tinted,Harmonious Color,Blended Color Contrast
Battle of Fishes - Masson.jpg,Expressionistic Color,Somewhat Diverse Hue,Vibrant Tone,Friction/Tension Color,Stark Color Contrast
Christ of St John of the Cross - Dali.jpg,Naturalistic Color,Somewhat Diverse Hue,Vibrant Tone,Harmonious Color,Blended Color Contrast
Elephants - Dali.jpg,Expressionistic Color,Similar Hue,Vibrant Tone,Harmonious Color,Blended Color Contrast
Europe after the Rain II - Ernst.jpg,Expressionistic Color,Highly Diverse Hue,Vibrant Tone,Harmonious Color,Blended Color Contrast
Galatea of the Spheres - Dali.jpg,Naturalistic Color,Similar Hue,True Tone,Harmonious Color,Blended Color Contrast
Geopoliticus Child Watching the Birth of the New Man - Dali.jpg,Expressionistic Color,Similar Hue,Vibrant Tone,Harmonious Color,Blended Color Contrast
Girl with Death Mask - Kahlo.jpg,Naturalistic Color,Somewhat Diverse Hue,Vibrant Tone,Friction/Tension Color,
Golconda - Magritte.jpg,Naturalistic Color,Somewhat Diverse Hue,True Tone,Harmonious Color,Blended Color Contrast
Grandma Moorheads aromatic cuisine - Carrington.jpg,Expressionistic Color,Highly Diverse Hue,Vibrant Tone,Harmonious Color,Blended Color Contrast
Hand with Reflecting Mirror - Escher.jpg,Expressionistic Color,Monochrome Hue,Muted/Tinted,Harmonious Color,Blended Color Contrast
Harlequin's Carnival - Miro.jpg,Expressionistic Color,Highly Diverse Hue,Vibrant Tone,Harmonious Color,Stark Color Contrast
Landscape - Breton.jpg,Expressionistic Color,Somewhat Diverse Hue,Vibrant Tone,Harmonious Color,Stark Color Contrast
Mama Papa is Wounded - Tanguy.jpg,Expressionistic Color,Similar Hue,Muted/Tinted,Harmonious Color,Blended Color Contrast
Man in a Bowler Hat - Magritte.jpg,Naturalistic Color,Somewhat Diverse Hue,True Tone,Harmonious Color,Blended Color Contrast
Marxism will heal the sick - Kahlo.jpg,Expressionistic Color,Highly Diverse Hue,Vibrant Tone,Harmonious Color,
Melting Watch - Dali.jpg,Expressionistic Color,Somewhat Diverse Hue,Vibrant Tone,Harmonious Color,Blended Color Contrast
Metamorphosis of Narcissus - Dali.jpg,Expressionistic Color,Highly Diverse Hue,Vibrant Tone,Harmonious Color,Blended Color Contrast
Not to be Reproduced - Magritte.jpg,Naturalistic Color,Similar Hue,True Tone,Harmonious Color,Blended Color Contrast
Persistence of Memory - Dali.jpg,Naturalistic Color,Highly Diverse Hue,Vibrant Tone,Harmonious Color,Blended Color Contrast
Philosopher's Lamp - Magritte.jpg,Naturalistic Color,Somewhat Diverse Hue,Vibrant Tone,Harmonious Color,Blended Color Contrast
Self Portrait - Carrington.jpg,Expressionistic Color,Highly Diverse Hue,True Tone,Friction/Tension Color,Blended Color Contrast
Swans Reflecting Elephants - Dali.jpg,Naturalistic Color,Somewhat Diverse Hue,Vibrant Tone,Harmonious Color,Blended Color Contrast
The Anti-pope - Ernst.jpg,Expressionistic Color,Highly Diverse Hue,Vibrant Tone,Friction/Tension Color,Blended Color Contrast
The Barbarians - Ernst.jpg,Expressionistic Color,Highly Diverse Hue,Vibrant Tone,Harmonious Color,
The Burning Giraffe - Dali.jpg,Expressionistic Color,Somewhat Diverse Hue,Vibrant Tone,Harmonious Color,Blended Color Contrast
The Castle of the Pyrenees - Magritte.jpg,Naturalistic Color,Similar Hue,True Tone,Harmonious Color,Blended Color Contrast
The Disintegration of the Persistence of Memory - Dali.jpg,Naturalistic Color,Somewhat Diverse Hue,Vibrant Tone,Harmonious Color,Blended Color Contrast
The Elephant Celebes - Ernst.jpg,Expressionistic Color,Somewhat Diverse Hue,True Tone,Harmonious Color,Blended Color Contrast
The Giantess - Carrington.jpg,Naturalistic Color,Highly Diverse Hue,Muted/Tinted,Harmonious Color,
The Great Masturbator - Dali.jpg,Naturalistic Color,Somewhat Diverse Hue,True Tone,Harmonious Color,Blended Color Contrast
The Lovers - Magritte.jpg,Naturalistic Color,Somewhat Diverse Hue,True Tone,Harmonious Color,Blended Color Contrast
The Menaced Assassin - Magritte.jpg,Naturalistic Color,Somewhat Diverse Hue,Muted/Tinted,Friction/Tension Color,Blended Color Contrast
The Sacrament of the Last Supper - Dali.jpg,Naturalistic Color,Similar Hue,True Tone,Harmonious Color,Blended Color Contrast
The Son of Man - Magritte.jpg,Naturalistic Color,Somewhat Diverse Hue,Vibrant Tone,Friction/Tension Color,Blended Color Contrast
The Temptation of St Anthony - Dali.jpg,Naturalistic Color,Similar Hue,True Tone,Harmonious Color,Blended Color Contrast
The Treachery of Images - Magritte.jpg,Naturalistic Color,Similar Hue,True Tone,Harmonious Color,Blended Color Contrast
The Triumph of Surrealism - Ernst.jpg,Expressionistic Color,Highly Diverse Hue,Vibrant Tone,Harmonious Color,Blended Color Contrast
Tilled Field - Miro.jpg,Expressionistic Color,Highly Diverse Hue,Vibrant Tone,Friction/Tension Color,Stark Color Contrast
Time Transfixed - Magritte.jpg,Naturalistic Color,Similar Hue,Vibrant Tone,Harmonious Color,Blended Color Contrast
Tuna Fishing - Dali.jpg,Expressionistic Color,Highly Diverse Hue,Vibrant Tone,Harmonious Color,
White Crucifixion - Chagall.jpg,Expressionistic Color,Highly Diverse Hue,Vibrant Tone,Friction/Tension Color,
Without Hope - Kahlo.jpg,Naturalistic Color,Similar Hue,Vibrant Tone,Harmonious Color,Blended Color Contrast
Woman Old Man and Flower - Ernst.jpg,Expressionistic Color,Highly Diverse Hue,Vibrant Tone,,Stark Color Contrast
Portrait of Max Ernst - Carrington.jpeg,Expressionistic Color,Somewhat Diverse Hue,True Tone,Friction/Tension Color,Blended Color Contrast
The Broken Column - Kahlo.jpeg,Naturalistic Color,Somewhat Diverse Hue,True Tone,Harmonious Color,Blended Color Contrast
The Hallucinogenic Toreador - Dali.jpeg,Expressionistic Color,Highly Diverse Hue,Vibrant Tone,Harmonious Color,Blended Color Contrast
The Robing of the Bride - Ernst.jpeg,Expressionistic Color,Highly Diverse Hue,Vibrant Tone,Friction/Tension Color,Blended Color Contrast
Random0.jpg,Random,,,,
Random1.jpg,Random,,,,
Random10.jpg,Random,,,,
Random11.jpg,Random,,,,
Random12.jpg,Random,,,,
Random13.jpg,Random,,,,
Random14.jpg,Random,,,,
Random15.jpg,Random,,,,
Random16.jpg,Random,,,,
Random17.jpg,Random,,,,
Random18.jpg,Random,,,,
Random19.jpg,Random,,,,
Random2.jpg,Random,,,,
Random20.jpg,Random,,,,
Random21.jpg,Random,,,,
Random22.jpg,Random,,,,
Random23.jpg,Random,,,,
Random24.jpg,Random,,,,
Random25.jpg,Random,,,,
Random26.jpg,Random,,,,
Random27.jpg,Random,,,,
Random28.jpg,Random,,,,
Random29.jpg,Random,,,,
Random3.jpg,Random,,,,
Random30.jpg,Random,,,,
Random31.jpg,Random,,,,
Random32.jpg,Random,,,,
Random33.jpg,Random,,,,
Random34.jpg,Random,,,,
Random35.jpg,Random,,,,
Random36.jpg,Random,,,,
Random37.jpg,Random,,,,
Random38.jpg,Random,,,,
Random39.jpg,Random,,,,
Random4.jpg,Random,,,,
Random40.jpg,Random,,,,
Random41.jpg,Random,,,,
Random42.jpg,Random,,,,
Random43.jpg,Random,,,,
Random44.jpg,Random,,,,
Random45.jpg,Random,,,,
Random46.jpg,Random,,,,
Random47.jpg,Random,,,,
Random48.jpg,Random,,,,
Random5.jpg,Random,,,,
Random6.jpg,Random,,,,
Random7.jpg,Random,,,,
Random8.jpg,Random,,,,
Random9.jpg,Random,,,,
RandomShapes0.jpg,Random Shapes,,,,
RandomShapes1.jpg,Random Shapes,,,,
RandomShapes10.jpg,Random Shapes,,,,
RandomShapes11.jpg,Random Shapes,,,,
RandomShapes12.jpg,Random Shapes,,,,
RandomShapes13.jpg,Random Shapes,,,,
RandomShapes14.jpg,Random Shapes,,,,
RandomShapes15.jpg,Random Shapes,,,,
RandomShapes16.jpg,Random Shapes,,,,
RandomShapes17.jpg,Random Shapes,,,,
RandomShapes18.jpg,Random Shapes,,,,
RandomShapes19.jpg,Random Shapes,,,,
RandomShapes2.jpg,Random Shapes,,,,
RandomShapes20.jpg,Random Shapes,,,,
RandomShapes21.jpg,Random Shapes,,,,
RandomShapes22.jpg,Random Shapes,,,,
RandomShapes23.jpg,Random Shapes,,,,
RandomShapes24.jpg,Random Shapes,,,,
RandomShapes25.jpg,Random Shapes,,,,
RandomShapes26.jpg,Random Shapes,,,,
RandomShapes27.jpg,Random Shapes,,,,
RandomShapes28.jpg,Random Shapes,,,,
RandomShapes29.jpg,Random Shapes,,,,
RandomShapes3.jpg,Random Shapes,,,,
RandomShapes30.jpg,Random Shapes,,,,
RandomShapes31.jpg,Random Shapes,,,,
RandomShapes32.jpg,Random Shapes,,,,
RandomShapes33.jpg,Random Shapes,,,,
RandomShapes34.jpg,Random Shapes,,,,
RandomShapes35.jpg,Random Shapes,,,,
RandomShapes36.jpg,Random Shapes,,,,
RandomShapes37.jpg,Random Shapes,,,,
RandomShapes38.jpg,Random Shapes,,,,
RandomShapes39.jpg,Random Shapes,,,,
RandomShapes4.jpg,Random Shapes,,,,
RandomShapes40.jpg,Random Shapes,,,,
RandomShapes41.jpg,Random Shapes,,,,
RandomShapes42.jpg,Random Shapes,,,,
RandomShapes43.jpg,Random Shapes,,,,
RandomShapes44.jpg,Random Shapes,,,,
RandomShapes45.jpg,Random Shapes,,,,
RandomShapes46.jpg,Random Shapes,,,,
RandomShapes47.jpg,Random Shapes,,,,
RandomShapes48.jpg,Random Shapes,,,,
RandomShapes5.jpg,Random Shapes,,,,
RandomShapes6.jpg,Random Shapes,,,,
RandomShapes7.jpg,Random Shapes,,,,
RandomShapes8.jpg,Random Shapes,,,,
RandomShapes9.jpg,Random Shapes,,,,
uniform0.jpg,Uniform,,,,
uniform1.jpg,Uniform,,,,
uniform10.jpg,Uniform,,,,
uniform11.jpg,Uniform,,,,
uniform12.jpg,Uniform,,,,
uniform13.jpg,Uniform,,,,
uniform14.jpg,Uniform,,,,
uniform15.jpg,Uniform,,,,
uniform16.jpg,Uniform,,,,
uniform17.jpg,Uniform,,,,
uniform18.jpg,Uniform,,,,
uniform19.jpg,Uniform,,,,
uniform2.jpg,Uniform,,,,
uniform20.jpg,Uniform,,,,
uniform21.jpg,Uniform,,,,
uniform22.jpg,Uniform,,,,
uniform23.jpg,Uniform,,,,
uniform24.jpg,Uniform,,,,
uniform25.jpg,Uniform,,,,
uniform26.jpg,Uniform,,,,
uniform27.jpg,Uniform,,,,
uniform28.jpg,Uniform,,,,
uniform29.jpg,Uniform,,,,
uniform3.jpg,Uniform,,,,
uniform30.jpg,Uniform,,,,
uniform31.jpg,Uniform,,,,
uniform32.jpg,Uniform,,,,
uniform33.jpg,Uniform,,,,
uniform34.jpg,Uniform,,,,
uniform35.jpg,Uniform,,,,
uniform37.jpg,Uniform,,,,
uniform38.jpg,Uniform,,,,
uniform39.jpg,Uniform,,,,
uniform4.jpg,Uniform,,,,
uniform40.jpg,Uniform,,,,
uniform41.jpg,Uniform,,,,
uniform42.jpg,Uniform,,,,
uniform43.jpg,Uniform,,,,
uniform44.jpg,Uniform,,,,
uniform45.jpg,Uniform,,,,
uniform46.jpg,Uniform,,,,
uniform47.jpg,Uniform,,,,
uniform48.jpg,Uniform,,,,
uniform49.jpg,Uniform,,,,
uniform5.jpg,Uniform,,,,
uniform6.jpg,Uniform,,,,
uniform7.jpg,Uniform,,,,
uniform8.jpg,Uniform,,,,
uniform9.jpg,Uniform,,,,
