Name,0,1,2,3,4,5,6,7,8,9,10,11,12,13,14,15,16
A Woman playing a clavichord.jpg,Indoors,Private Domain,,Recreation,Occupation of Time,Peace,Comfort,Casual,,,,,,,,,
Aristotle with a bust of homer - Rembrant.jpg,Thinker/Artist,Genius,Thoughtful,Greatness,Texture,,,,,,,,,,,,
Bacchanal before a Statue of Pan - Poussin.jpg,Outdoors,Public Domain,Rural Realm,Recreation,Festivity/Celebration,Community/Family,Social Consciousness,Morality,Joy,Harmony,Abundance,Lively,Independence,,,,
Charles I with M. de St. Antoine - van Dyck.jpg,Royalty,Status,Power,Strength,Confidence,,,,,,,,,,,,
Death of the Virgin - Caravaggio.jpg,Religious Subgenre,Indoors,Public Domain,,Religious Action,Conflict,Spirituality,Cycle of life,Loss,Sadness,Drama,,,,,,
Deposition - Caravaggio.jpg,Religious Subgenre,Indoors,Public Domain,,Religious Action,Violence,Conflict,Spirituality,Cycle of life,Morality,Sadness,Drama,Loss,,,,
Education of the Princess - Paul Reubens.jpg,Mythological Subgenre,Outdoors,Private Domain,Rural Realm,Education,Communication,the Mind,Beauty,Greatness,,,,,,,,
Girl with a pearl earring - vermeer.jpg,Commoner,Beauty/Ideal,Thoughtful,Freshness,Elegance,,,,,,,,,,,,
Judith and her maidservant with the head of Holofernes - Gentileschi.jpg,Religious Subgenre,Indoors,Private Domain,,Violence,Conflict,Power,Morality,Community/Family,Strength,Drama,Antiquity,Gender,,,,
Judith Slaying Holofernes - Gentileschi.jpg,Religious Subgenre,Indoors,Private Domain,,Violence,Conflict,Power,Morality,Community/Family,Strength,Drama,Antiquity,Gender,,,,
las meninas - Velazquez.jpg,Royalty,Status,Youth,Youth,Elegance,,,,,,,,,,,,
Louis XIV - Rigaud.jpg,Royalty,Status,Power,Greatness,Confidence,Strength,,,,,,,,,,,
Old Woman Cooking Eggs - 1618.jpg,Indoors,Private Domain,Urban Realm,Dining,Chores,Occupation of Time,Community/Family,Casual,,,,,,,,,
Portrait of Charles II - Wright.jpg,Royalty,Status,Power,Beauty/Ideal,Confidence,Strength,Harmony,,,,,,,,,,
Quince Cabbage Melon and Cucumber - Cotan.jpg,Food,,,,,,,,,,,,,,,,
Samson and Delilah - Rubens.jpg,Religious Subgenre,Indoors,Private Domain,Urban Realm,Conflict,Rest/Liesure,Morality,Government,Drama,Ugly,Sexuality,Antiquity,,,,,
Samson and Delilah - van Dyck.jpg,Religious Subgenre,Indoors,Private Domain,Urban Realm,Rest/Liesure,Conflict,Morality,Government,Texture,Drama,Ugly,Sexuality,Antiquity,,,,
Self Portrait - Rembrant.jpg,Other/Self/Personal,Exhaustion,Thoughtful,Vacancy,,,,,,,,,,,,,
Self-portrait - Leyster.jpg,Other/Self/Personal,Joy,Status,Comfort,Casual,Gender,,,,,,,,,,,
Singing boy with a flute - Hals.jpg,Indoors,Private Domain,,Recreation,Communication,Occupation of Time,Beauty,Youth,Joy,Texture,Drama,Warm,,,,,
St. John the Baptist in Wilderness - Caravaggio.jpg,Religious Subgenre,Outdoors,Private Domain,Rural Realm,Rest/Liesure,Chores,Spirituality,the Body,Morality,Drama,Isolation,Harmony,Elegance,,,,
Still life with a sliver ewer - Kalf.jpg,Food,,,,,,,,,,,,,,,,
Still Life with Ebony Chest - Pereda.jpg,Food,Furniture,,,,,,,,,,,,,,,
Still Life with Flowers etc - Peeters.jpg,Food,Flowers/Plants,,,,,,,,,,,,,,,
The Anatomy Lesson of Dr. Nicolaes Tuple - Rembrant.jpg,History Subgenre,Indoors,Public Domain,Urban Realm,Education,Communication,Science,the Body,Drama,,,,,,,,
The Arrival of Marie de Medici at Marseille - rubens.jpg,Mythological Subgenre,Outdoors,Public Domain,Urban Realm,Festivity/Celebration,Recreation,Power,Beauty,Drama,Greatness,Lively,Abundance,,,,,
The art of painting - vermeer.jpg,Indoors,Private Domain,,Chores,Recreation,Occupation of Time,Casual,Peace,,,,,,,,,
The Calling of Saint Matthew - Caravaggio.jpg,Religious Subgenre,Indoors,Public Domain,,Religious Action,Communication,Rest/Liesure,Spirituality,Morality,Occupation of Time,Drama,Harmony,,,,,
The Consequences of War - Rubens.jpg,Allegorical Subgenre,Outdoors,Public Domain,Urban Realm,Violence,Conflict,Government,Social Consciousness,Lively,Drama,Strife/Pain,Ugly,,,,,
The Crowning with Thorns - Caravaggio.jpg,Religious Subgenre,Indoors,Public Domain,,Religious Action,Violence,Conflict,Spirituality,Social Consciousness,Ugly,Drama,Strife/Pain,Sadness,Morality,,,
The Crucifixion of St. Peter - Caravaggio.jpg,Religious Subgenre,Indoors,Public Domain,,Religious Action,Violence,Conflict,Spirituality,Social Consciousness,Ugly,Drama,Strife/Pain,Freshness,Morality,,,
The Feast of St Nicholas - Steen.jpg,Indoors,Private Domain,,Recreation,Rest/Liesure,Festivity/Celebration,Community/Family,Beauty,Joy,Lively,Youth,Love,Occupation of Time,,,,
The Geographer - Vermeer.jpg,Indoors,Private Domain,Urban Realm,Work,Education,Science,Occupation of Time,Dedication,Peace,Casual,,,,,,,
The Immaculate Conception of Los Venerables - Murillo.jpg,Religious Subgenre,Outdoors,Private Domain,,Religious Action,Spirituality,Cycle of life,Morality,Drama,Greatness,,,,,,,
The Jewish Bride - Rembrant.jpg,Indoors,Private Domain,,Religious Action,Love,Community/Family,Texture,Detachment,Harmony,,,,,,,,
The Jewish Cemetary - Ruisdael.jpg,Forest,Buildings,Beauty,Ideal,,,,,,,,,,,,,
The Martyrdom of Saint Serapion - Zurbaran.jpg,Religious Subgenre,Indoors,Public Domain,,Religious Action,Conflict,Spirituality,Social Consciousness,Ugly,Strife/Pain,Drama,Morality,,,,,
The Night Watch - Rembrant.jpg,Government/Military,Dedication,Greatness,Lively,,,,,,,,,,,,,
The Presentation of the Portrait of Marie de' Medici - Rubens.jpg,Mythological Subgenre,Outdoors,Private Domain,Rural Realm,Recreation,Festivity/Celebration,Communication,Power,Beauty,Love,Lively,Abundance,,,,,
The Proposition - Leyster.jpg,Indoors,Private Domain,,Rest/Liesure,Chores,Communication,Conflict,Social Consciousness,Morality,Occupation of Time,Drama,Dedication,Freshness,,,,
The Rape of the Daughters of Leucippus.jpg,Mythological Subgenre,Outdoors,Private Domain,Rural Realm,Violence,Conflict,Drama,Ugly,Lively,Fear,Sexuality,the Body,Morality,,,,
The Supper at Emmaus - Caravaggio.jpg,Religious Subgenre,Indoors,Private Domain,,Dining,Conflict,Communication,Community/Family,Cycle of life,Morality,Drama,Harmony,,,,,
The Triumph of Bacchus - Velazquez.jpg,Mythological Subgenre,Outdoors,Public Domain,Rural Realm,Recreation,Dining,Festivity/Celebration,Beauty,Occupation of Time,Lively,Joy,Warm,Patriotism,,,,
The Waterseller of Seville - Velazquez.jpg,Indoors,Public Domain,,Work,Occupation of Time,Dedication,Detachment,,,,,,,,,,
Venus Mars and Cupid - Rubens.jpg,Mythological Subgenre,Indoors,Private Domain,Urban Realm,Rest/Liesure,Chores,Community/Family,Cycle of life,the Body,Joy,Sensual,Intimacy,Beauty,Love,,,
View of Haarlen with Bleaching Grounds - Ruisdael.jpg,Farm/grassland,Buildings,Peaceful,Beauty,Ideal,,,,,,,,,,,,
Vulcan's Forge - Velazquez.jpg,Mythological Subgenre,Indoors,Public Domain,,Communication,Work,Conflict,Community/Family,Love,Morality,Lively,Harmony,Drama,,,,
Woman with a water jug - Vermeer.jpg,Indoors,Private Domain,,Chores,Occupation of Time,Peace,Joy,Freshness,,,,,,,,,
Women Regents - Hals.jpg,Religious,Serious,Dedication,Exhaustion,,,,,,,,,,,,,
Big Nude - Braque.jpg,Indoors,Private Domain,,Rest/Liesure,the Body,Occupation of Time,Color,Texture,Deconstruction,,,,,,,,
Bottle and Fishes - Braque.jpg,,Deconstruction,,,,,,,,,,,,,,,
Bottle and Glass on a Table - Gris.jpg,,,,,,,,,,,,,,,,,
Clarinet and Bottle of Rum on a Mantlepiece - Braque.jpg,,Deconstruction,,,,,,,,,,,,,,,
Contrast of Forms - Leger.jpg,,,,,,,,,,,,,,,,,
Cubist Self Portrait - Dali.jpg,Other/Self/Personal,Deconstruction,,,,,,,,,,,,,,,
Daniel-Henry Kahnweiler - Picasso.jpg,Other/Self/Personal,Deconstruction,,,,,,,,,,,,,,,
Dora Maar au Chat - Picasso.jpg,Thinker/Artist,Beauty/Ideal,Greatness,Color,Mischievous,Deconstruction,,,,,,,,,,,
Fruit Dish and Glass - Braque.jpg,Food,Deconstruction,,,,,,,,,,,,,,,
Gala and the Angelus of Millet - Dali.jpg,Indoors,Private Domain,,Rest/Liesure,the Mind,Occupation of Time,Isolation,Drama,Color,,,,,,,,
Girl Before A Mirror - Picasso.jpg,Indoors,Private Domain,,Rest/Liesure,the Body,Beauty,Color,Deconstruction,Vacancy,,,,,,,,
Girl with Mandolin - Picasso.jpg,Commoner,,Deconstruction,,,,,,,,,,,,,,
Gueridon - Braque.jpg,,Deconstruction,,,,,,,,,,,,,,,
Guernica - Picasso.jpg,History Subgenre,Outdoors,Public Domain,Rural Realm,Violence,Conflict,Government,Social Consciousness,Ugly,Strife/Pain,Deconstruction,Drama,Sadness,Morality,,,
Guitar - Picasso.jpg,,Deconstruction,,,,,,,,,,,,,,,
Houses at l'Estaque - Braque.jpg,City,Buildings,Mystery,Deconstruction,,,,,,,,,,,,,
Jacqueline Kneeling - Picasso.jpg,Other/Self/Personal,Greatness,Serious,Vacancy,Isolation,Detachment,,,,,,,,,,,
L'Oiseau bleu - Metzinger.jpg,Indoors,Private Domain,,Rest/Liesure,the Body,Deconstruction,Lively,,,,,,,,,,
La Femme aux Phlox - Gleizes.jpg,Indoors,Private Domain,,Work,Occupation of Time,Deconstruction,Peace,,,,,,,,,,
Ma Joile - Picasso.jpg,,,,,,,,,,,,,,,,,
Man with a Pipe - Picasso.jpg,Commoner,,Deconstruction,Joy,,,,,,,,,,,,,
Nature morte au compotier - Picasso.jpg,Furniture,Food,Deconstruction,,,,,,,,,,,,,,
Nude Descending a Staircase - Duchamp.jpg,Indoors,Private Domain,Urban Realm,Rest/Liesure,the Body,Occupation of Time,Deconstruction,,,,,,,,,,
Painter and Model - Picasso.jpg,Indoors,Private Domain,Urban Realm,Rest/Liesure,Occupation of Time,Vacancy,Deconstruction,Color,,,,,,,,,
Paris Through a Window - Chagall.jpg,City,Buildings,,Color,Lively,,,,,,,,,,,,
Portrait of Ambroise Vollard - Picasso.jpg,Thinker/Artist,Greatness,Genius,Thoughtful,Deconstruction,,,,,,,,,,,,
Portrait of Dora Maar - Picasso.jpg,Other/Self/Personal,Beauty/Ideal,Status,Deconstruction,Color,Confidence,,,,,,,,,,,
Portrait of Pablo Picasso - Gris.jpg,Thinker/Artist,Genius,Greatness,Deconstruction,,,,,,,,,,,,,
Self Portrait with Seven Fingers - Chagall.jpg,Other/Self/Personal,Thoughtful,Dedication,Detachment,Deconstruction,Color,,,,,,,,,,,
Still life with Clarinet - Braque.jpg,,Deconstruction,,,,,,,,,,,,,,,
The City - Delaunay.jpg,City,Buildings,,Deconstruction,,,,,,,,,,,,,
The City - Leger.jpg,City,Buildings,Bountiful/Giving,Fast Pace,Color, Deconstruction,,,,,,,,,,,
The Eiffel Tower - Delaunay.jpg,City,Buildings,,Deconstruction,,,,,,,,,,,,,
The Green Violinist - Chagall.jpg,Outdoors,Public Domain,Rural Realm,Recreation,Spirituality,Community/Family,Social Consciousness,Color,Joy,,,,,,,,
The Open Window - Gris.jpg,Furniture,,Deconstruction,,,,,,,,,,,,,,
The Portuguese - Braque.jpg,,Deconstruction,,,,,,,,,,,,,,,
The Reservoir - Picasso.jpg,City,Buildings,,Deconstruction,,,,,,,,,,,,,
The Round Table - Braque.jpg,Furniture,,Deconstruction,,,,,,,,,,,,,,
The Table - Gris.jpg,Furniture,Deconstruction,,,,,,,,,,,,,,,
Three Musicians - Picasso.jpg,Indoors,Public Domain,Urban Realm,Recreation,Occupation of Time,Deconstruction,Harmony,Color,,,,,,,,,
Three Women - Picasso.jpg,,Deconstruction,Sensual,,,,,,,,,,,,,,
Violin and Candlestick - Braque.jpg,,Deconstruction,,,,,,,,,,,,,,,
Violin and Checkerboard - Gris.jpg,,Deconstruction,Color,Lively,,,,,,,,,,,,,
Violin and Guitar - Gris.jpg,,Deconstruction,,,,,,,,,,,,,,,
Violin and Palette - Braque.jpg,,Deconstruction,,,,,,,,,,,,,,,
Woman in Hat with a Fur Collar - Picasso.jpg,Commoner,Beauty/Ideal,Thoughtful,Deconstruction,Color,,,,,,,,,,,,
Woman with Guitar - Braque.jpg,Indoors,Private Domain,,Recreation,Occupation of Time,Deconstruction,,,,,,,,,,,
Zapata-style Landscape - Rivera.jpg,Mountain,,Beauty,,Deconstruction,Harmony,,,,,,,,,,,
Guitar on a table - Gris.jpeg,Furniture,,Deconstruction,Color,,,,,,,,,,,,,
All Saints - Kandinsky.jpg,Religious Subgenre,Outdoors,Public Domain,,Religious Action,Festivity/Celebration,Spirituality,Lively,Joy,Color,,,,,,,
All Saints I - Kandinsky.jpg,Religious Subgenre,Outdoors,Public Domain,,Religious Action,Festivity/Celebration,Spirituality,Color,Lively,Deconstruction,,,,,,,
Blue Horse I - Marc.jpg,Outdoors,Public Domain,Rural Realm,,Beauty,the Mind,Spirituality,Minimalism,Color,Joy,Lively,Harmony,,,,,
Blue Horses - Marc.jpg,Outdoors,Public Domain,Rural Realm,,Color,Minimalism,Harmony,Spirituality,Peace,Beauty,,,,,,,
Boy Leading a Horse - Picasso.jpg,Outdoors,Public Domain,Rural Realm,Chores,the Body,Minimalism,Harmony,,,,,,,,,,
Castle and Sun - Klee.jpg,City,Buildings,,Deconstruction,Lively,Color,,,,,,,,,,,
Death in a Sickroom - Munch.jpg,Indoors,Private Domain,,Rest/Liesure,Conflict,,Cycle of life,Community/Family,Strife/Pain,Sadness,Uneasiness,Loss,,,,,
Dog Lying in the Snow - Marc.jpg,Outdoors,Private Domain,Rural Realm,Rest/Liesure,,Beauty,Color,Joy,Minimalism,Color,Harmony,,,,,,
Evening on Karl Johan Street - Munch.jpg,Outdoors,Public Domain,Urban Realm,Recreation,,Community/Family,Social Consciousness,the Mind,Isolation,Vacancy,Uneasiness,,,,,,
Fighting Forms - Marc.jpg,,,,,,,,,,,,,,,,,
Girls on the Bridge - Munch.jpg,Outdoors,Public Domain,Rural Realm,Recreation,Occupation of Time,Beauty,Joy,Youth,Nature Interaction,Harmony,,,,,,,
Grazing Horses IV - Marc.jpg,Outdoors,Public Domain,Rural Realm,,Beauty,Color,Joy,Texture,Lively,Harmony,,,,,,,
Harmony in Red - Matisse.jpg,Indoors,Private Domain,,Rest/Liesure,Dining,Occupation of Time,Harmony,Comfort,,,,,,,,,
Hermits - Schiele.jpg,Outdoors,Public Domain,Urban Realm,,Social Consciousness,Strife/Pain,Ugly,Sadness,Uneasiness,,,,,,,,
Improvisation 28 - Kandinsky.jpg,,,,,,,,,,,,,,,,,
L'Atelier Rouge - Matisse.jpg,Furniture,,Minimalism,Color,,,,,,,,,,,,,
Little Blue Horse - Marc.jpg,Outdoors,Public Domain,Rural Realm,,Beauty,Color,Minimalism,Lively,Harmony,,,,,,,,
Love and Pain - Munch.jpg,Indoors,Private Domain,,Rest/Liesure,,Love,Strife/Pain,Color,Texture,Drama,Sensual,,,,,,
Migrants - Portinari.jpg,Outdoors,Public Domain,Rural Realm,Work,Conflict,Ugly,Strife/Pain,Sadness,Texture,Drama,Government,Social Consciousness,Morality,,,,
Nude at Rest - Balthus.jpg,Indoors,Private Domain,,Rest/Liesure,the Body,Sensual,Sexuality,Peace,Harmony,Warm,,,,,,,
Nude Sitting on a Divan - Modigliani.jpg,Indoors,Private Domain,,Rest/Liesure,the Body,Color,Sexuality,Confidence,,,,,,,,,
Portrait of Luna Czechowski - Modigliani.jpg,Other/Self/Personal,Beauty/Ideal,Greatness,Greatness,Confidence,,,,,,,,,,,,
Portrait of Wally - Schiele.jpg,Other/Self/Personal,Greatness,Beauty/Ideal,Texture,Uneasiness,Confidence,Thoughtful,Strength,Sexuality,,,,,,,,
Potsdamer Platz - Kirchner.jpg,Outdoors,Public Domain,Urban Realm,Recreation,Festivity/Celebration,Community/Family,Social Consciousness,Color,Texture,Uneasiness,Fast Pace,Isolation,Vacancy,Drama,,,
Puberty - Munch.jpg,Indoors,Private Domain,,Rest/Liesure,Conflict,Cycle of life,the Body,Isolation,Fear,Uneasiness,Sexuality,,,,,,
Seated Male Nude - Schiele.jpg,Other/Self/Personal,Youth,Uneasiness,Strife/Pain,Isolation,Drama,Sexuality,Strife/Pain,,,,,,,,,
Seated Nude - Modigliani.jpg,Other/Self/Personal,Beauty/Ideal,Color,Sensual,Comfort,Casual,,,,,,,,,,,
Seated Woman with Bent Knee - Schiele.jpg,Other/Self/Personal,Confidence,Texture,Sexuality,,,,,,,,,,,,,
Self Portrait - Picasso.jpg,Other/Self/Personal,Color,Texture,Deconstruction,Vacancy,,,,,,,,,,,,
Self Portrait as a Soldier - Kirchner.jpg,Other/Self/Personal,Strife/Pain,Fear,Drama,,,,,,,,,,,,,
Self Portrait with Chinese Lantern Plant - Schiele.jpg,Other/Self/Personal,Confidence,Texture,Uneasiness,Youth,,,,,,,,,,,,
Small Pleasures - Kandinsky.jpg,,,,,,,,,,,,,,,,,
Street Berlin - Kirchner.jpg,Outdoors,Public Domain,Urban Realm,Recreation,Festivity/Celebration,Social Consciousness,Occupation of Time,Community/Family,Drama,Fast Pace,Color,Texture,Gender,,,,
Street Dresden - Kirchner.jpg,Outdoors,Public Domain,Urban Realm,Chores,Social Consciousness,Color,Isolation,Fast Pace,Uneasiness,Occupation of Time,,,,,,,
The Absinthe Drinker - Picasso.jpg,Indoors,Public Domain,Urban Realm,Rest/Liesure,Dining,the Mind,Occupation of Time,Casual,Social Consciousness,,,,,,,,
The Blue Rider - Kandinsky.jpg,Outdoors,Private Domain,Rural Realm,Chores,Spirituality,Occupation of Time,Nature Interaction,Texture,Lively,,,,,,,,
The Dance of Life - Munch.jpg,Outdoors,Public Domain,Rural Realm,Recreation,Festivity/Celebration,Conflict,Cycle of life,the Mind,Love,Sexuality,Isolation,Drama,Color,Uneasiness,,,
The Scream - Munch.jpg,Other/Self/Personal,Strife/Pain,Isolation,Texture,Color,Lively,Uneasiness,,,,,,,,,,
The World Cow - Marc.jpg,Outdoors,Public Domain,Rural Realm,Rest/Liesure,Spirituality,Joy,Color,Deconstruction,Greatness,,,,,,,,
The Yellow Man - Malfatti.jpg,Indoors,Public Domain,Urban Realm,Festivity/Celebration,Rest/Liesure,Occupation of Time,Social Consciousness,Drama,Color,Confidence,Beauty,,,,,,
Tower of Blue Horses - Marc.jpg,Outdoors,Public Domain,Rural Realm,,Spirituality,Color,Greatness,Harmony,,,,,,,,,
Yellow Cow - Marc.jpg,Outdoors,Public Domain,Rural Realm,Recreation,Spirituality,Joy,Color,Harmony,Lively,Gender,Beauty,,,,,,
Young girl in a flowered hat - Jawlensky.jpg,Indoors,Private Domain,,Rest/Liesure,Beauty,Color,Texture,Comfort,Detachment,,,,,,,,
Young girl with yellow flowers in the glass - Becker.jpg,Indoors,Private Domain,,Chores,Occupation of Time,Youth,Vacancy,,,,,,,,,,
Death and Fire - Klee.jpeg,Outdoors,Private Domain,,Conflict,,Cycle of life,Color,Strife/Pain,,,,,,,,,
Fish Magic - Klee.jpeg,Flowers/Plants,,Deconstruction,,,,,,,,,,,,,,
La Blouse Roumaine - Matisse.jpeg,Indoors,Private Domain,,,Social Consciousness,Beauty,Color,Minimalism,,,,,,,,,
Portrait of Gertrude Stien - Picasso.jpeg,Thinker/Artist,Status,Greatness,Thoughtful,Greatness,Harmony,,,,,,,,,,,
The Old Guitarist - Picasso.jpeg,Indoors,Private Domain,,Recreation,Rest/Liesure,the Mind,Occupation of Time,Social Consciousness,Strife/Pain,Color,Isolation,Sadness,Drama,,,,
Banks of the Seine at Chatou - Vlaminck.jpg,Forest,,,Abundance,Deconstruction,Lively,Color,,,,,,,,,,
Boats at Martigues - Dufy.jpg,River/Lake,,,Color,,,,,,,,,,,,,
Bonheur de Vivre - Matisse.jpg,Outdoors,Public Domain,Rural Realm,Recreation,Rest/Liesure,,Cycle of life,Spirituality,the Body,Love,Joy,Sexuality,Sensual,Harmony,,,
Charing Cross Bridge - Derain.jpg,City,Buildings,,Lively,Color,,,,,,,,,,,,
Church Tower at Domburg - Mondrian.jpg,City,Buildings,,Color,,,,,,,,,,,,,
Collioure Interior - Matisse.jpg,Indoors,Private Domain,Urban Realm,Rest/Liesure,Community/Family,Love,Comfort,Joy,Casual,Texture,Occupation of Time,,,,,,
Dance - Matisse.jpg,Outdoors,Public Domain,Rural Realm,Recreation,Festivity/Celebration,Social Consciousness,the Mind,Beauty,Joy,Lively,Color,Minimalism,Occupation of Time,,,,
Dune IV - Mondrain.jpg,Farm/grassland,,,Color,,,,,,,,,,,,,
Goldfish - Matisse.jpg,Furniture,,Abundance,Lively,Joy,,,,,,,,,,,,
Lady in the hat - Mashkov.jpg,Commoner,Joy,Joy,,,,,,,,,,,,,,
Landscape near Antwerp - Braque.jpg,Farm/grassland,,,Color,Deconstruction,Texture,,,,,,,,,,,
Landscape Near Chatou - Derain.jpg,Farm/grassland,Buildings,Beauty,,Color,Texture,Lively,Deconstruction,Harmony,Abundance,,,,,,,
Landscape with Red Roofs - Vlaminck.jpg,Farm/grassland,Buildings,Peaceful,Mystery,Texture,Deconstruction,Harmony,,,,,,,,,,
Le cafe Maure - Matisse.jpg,Indoors,Public Domain,Urban Realm,Rest/Liesure,Community/Family,Occupation of Time,Minimalism,Comfort,,,,,,,,,
Les Toit de Collioure - Matisse.jpg,Farm/grassland,Buildings,Beauty,,Texture,Color,Lively,Deconstruction,,,,,,,,,
Luxe - Matisse.jpg,Outdoors,Public Domain,Rural Realm,Rest/Liesure,Recreation,Occupation of Time,Color,Texture,Beauty,Lively,Casual,,,,,,
Mountains at Collioure - Derain.jpg,Farm/grassland,,Beauty,,Color,Texture,Lively,Abundance,Deconstruction,,,,,,,,
Notre Dame - Matisse.jpg,City,Buildings,,Peace,,,,,,,,,,,,,
Portrait of Andre Derain - Matisse.jpg,Thinker/Artist,Texture,,,,,,,,,,,,,,,
Portrait of Matisse - Derain.jpg,Thinker/Artist,Texture,Color,Deconstruction,,,,,,,,,,,,,
Portrait of the Son - Konchalovsky.jpg,Other/Self/Personal,Youth,Color,,,,,,,,,,,,,,
Prades the Village - Miro.jpg,City,Buildings,,Color,Lively,Deconstruction,,,,,,,,,,,
Regent Street - Derain.jpg,Outdoors,Public Domain,Urban Realm,Chores,,Community/Family,Occupation of Time,Deconstruction,Color,Lively,Harmony,,,,,,
Self Portrait - Matisse.jpg,Other/Self/Personal,Confidence,Texture,Status,,,,,,,,,,,,,
Ship at La Harve - Braque.jpg,City,,,Peace,,,,,,,,,,,,,
Street Lamp - Marquet.jpg,City,Buildings,,Deconstruction,Lively,,,,,,,,,,,,
The Blue Nude - Matisse.jpg,Outdoors,Private Domain,Rural Realm,Rest/Liesure,the Body,Social Consciousness,Sensual,,,,,,,,,,
The Blue Window - Matisse.jpg,,Color,Minimalism,,,,,,,,,,,,,,
The Corn Poppy - Dongen.jpg,Indoors,Public Domain,Urban Realm,,Gender,Color,Social Consciousness,,,,,,,,,,
The Dance - Derain.jpg,Outdoors,Public Domain,Rural Realm,Recreation,Festivity/Celebration,Color,Sexuality,Community/Family,the Body,Beauty,Primitivism,Cross Culturalism,,,,,
The Estaque - Braque.jpg,City,Buildings,Beauty,,Deconstruction,,,,,,,,,,,,
The Green Line - Matisse.jpg,Other/Self/Personal,Vacancy,,,,,,,,,,,,,,,
The Moulade - Matisse.jpg,Beach,,,Deconstruction,Color,Lively,,,,,,,,,,,
The Open Window - Matisse.jpg,Sea/Ocean,,,Deconstruction,,,,,,,,,,,,,
The Turning Road - Derain.jpg,Outdoors,Public Domain,Rural Realm,Recreation,Community/Family,Occupation of Time,Beauty,Color,,,,,,,,,
Turkisches Cafe - Macke.jpg,Indoors,Public Domain,Urban Realm,Rest/Liesure,Dining,Community/Family,Beauty,Minimalism,Color,Occupation of Time,Cross Culturalism,,,,,,
Windmill in Sunlight - Mondrain.jpg,Farm/grassland,Buildings,Joy,Texture,Lively,Color,Beauty,,,,,,,,,,
Window Opening on Nice - Dufy.jpg,Sea/Ocean,,Harmony,Deconstruction,New Directions,,,,,,,,,,,,
Woman with a Hat - Matisse.jpg,Other/Self/Personal,Status,Color,Texture,,,,,,,,,,,,,
Zorah on the Terrace - Matisse.jpg,Other/Self/Personal,Beauty/Ideal,Joy,Minimalism,Cross Culturalism,,,,,,,,,,,,
Bougival - Vlaminck.jpeg,Farm/grassland,Buildings,Beauty,Bountiful/Giving,Joy,Deconstruction,Abundance,Lively,Color,,,,,,,,
Portrait of Derain - Vlaminck.jpeg,Thinker/Artist,Greatness,Color,Deconstruction,,,,,,,,,,,,,
Posters at Trouville - Dufy.jpeg,Outdoors,Public Domain,Urban Realm,Chores,,Community/Family,Occupation of Time,Deconstruction,,,,,,,,,
Self Portrait with a Cap - Derain.jpeg,Other/Self/Personal,Serious,Greatness,Confidence,Deconstruction,,,,,,,,,,,,
Still life with Grapes - Mashov.jpeg,Food,,Deconstruction,,,,,,,,,,,,,,
The Piano Lesson - Matisse.jpeg,History Subgenre,Indoors,Private Domain,Urban Realm,Recreation,Education,Community/Family,the Mind,Love,Deconstruction,Discipline,,,,,,
The Red Mill - Mondrian.jpeg,Farm/grassland,Buildings,Power,Color,Minimalism,Harmony,,,,,,,,,,,
The River Seine at Chatou - Vlaminck.jpeg,River/Lake,,Bountiful/Giving,Beauty,Texture,Color,Lively,Deconstruction,,,,,,,,,
Tugboat on the Siene - Vlaminck.jpeg,River/Lake,,Bountiful/Giving,Beauty,Color,Texture,Lively,Deconstruction,,,,,,,,,
A Girl with a Watering Can - Renoir.jpg,Outdoors,Public Domain,,Recreation,Beauty,Occupation of Time,Momentary,,,,,,,,,,
A Stream Beneath the Poplars - Perry.jpg,River/Lake,,Peaceful,Bountiful/Giving,Momentary,,,,,,,,,,,,
At the Races in the Countryside - degas.jpg,Outdoors,Public Domain,Rural Realm,Recreation,Rest/Liesure,Community/Family,Love,Occupation of Time,Harmony,,,,,,,,
Autumn Effect at Argenteuil - Monet.jpg,River/Lake,,Bountiful/Giving,Beauty,Momentary,,,,,,,,,,,,
Autumn-Banks of the Seine near Bougival - Sisley.jpg,River/Lake,,Peaceful,Beauty,Momentary,,,,,,,,,,,,
Boulevard de Capucines - Monet.jpg,City,Buildings,Bountiful/Giving,Fast Pace,Momentary,,,,,,,,,,,,
Cafe-Concert at Les Ambassadeurs - Degas.jpg,Indoors,Public Domain,Urban Realm,Recreation,Festivity/Celebration,Social Consciousness,Occupation of Time,Momentary,Fast Pace,,,,,,,,
Camille Monet and a Child in the Artist's Garden at Argenteuil - Monet.jpg,Other/Self/Personal,Joy,Youth,Momentary,Texture,Deconstruction,,,,,,,,,,,
Caprice in Purple and Gold - Whistler.jpg,Other/Self/Personal,Beauty/Ideal,Dedication,Thoughtful,Cross Culturalism,,,,,,,,,,,,
Cliff Walk at Pourville - Monet.jpg,Sea/Ocean,,Beauty,Bountiful/Giving,Momentary,Texture,Fast Pace,,,,,,,,,,
Dal du moulin de la Galette - Renoir.jpg,Outdoors,Public Domain,Urban Realm,Recreation,Rest/Liesure,Dining,Communication,Community/Family,Social Consciousness,Occupation of Time,Momentary,Fast Pace,Harmony,,,,
Girl with Peaches - Serov.jpg,Other/Self/Personal,Youth,Freshness,,,,,,,,,,,,,,
Grainstack - Monet.jpg,Farm/grassland,,Bountiful/Giving,Momentary,Peaceful,,,,,,,,,,,,
Haystacks - Monet.jpg,Farm/grassland,,Bountiful/Giving,Texture,Peaceful,,,,,,,,,,,,
Hoarfrost - Pissarro.jpg,Farm/grassland,Human(s),Peace,New Directions,Peaceful,,,,,,,,,,,,
Hunting Butterflies - Morisot.jpg,Outdoors,Private Domain,Rural Realm,Recreation,Community/Family,Social Consciousness,Occupation of Time,Momentary,Texture,Independence,,,,,,,
In the Loge - Cassatt.jpg,Indoors,Public Domain,Urban Realm,Recreation,Social Consciousness,Occupation of Time,Momentary,Casual,Fast Pace,,,,,,,,
La Gare Saint-Lazare - Monet.jpg,City,Buildings,Bountiful/Giving,Momentary,Texture,Fast Pace,,,,,,,,,,,
La Loge - Renoir.jpg,Indoors,Public Domain,Urban Realm,Recreation,Social Consciousness,Occupation of Time,Momentary,Fast Pace,,,,,,,,,
La Promenade - Renoir.jpg,Outdoors,Private Domain,Rural Realm,Recreation,Social Consciousness,Beauty,Momentary,Texture,Love,Occupation of Time,,,,,,,
Les Bain a la Grenoullere - Monet.jpg,Outdoors,Public Domain,Rural Realm,Recreation,Communication,Occupation of Time,Momentary,Texture,Deconstruction,Comfort,Peace,,,,,,
Little Girl in a Blue Armchair - Cassatt.jpg,Indoors,Private Domain,,Rest/Liesure,Conflict,Community/Family,Cycle of life,Social Consciousness,Youth,,,,,,,,
Luncheon on the Grass - Monet.jpg,Outdoors,Public Domain,Rural Realm,Rest/Liesure,Dining,Occupation of Time,Social Consciousness,Momentary,Harmony,,,,,,,,
Madame Georges Charpentier - Renoir.jpg,Aristocracy,Status,Momentary,Gender,Cross Culturalism,,,,,,,,,,,,
Man at his Bath - Caillebotte.jpg,Indoors,Private Domain,Urban Realm,Rest/Liesure,Occupation of Time,the Body,Momentary,Texture,,,,,,,,,
Poplars - Monet.jpg,River/Lake,,Peaceful,Joy,,,,,,,,,,,,,
Study - Renior.jpg,Outdoors,Private Domain,Rural Realm,Rest/Liesure,the Body,Beauty,Sexuality,,,,,,,,,,
The Basin at Argenteuil - Monet.jpg,Outdoors,Public Domain,Urban Realm,Recreation,Occupation of Time,Momentary,Comfort,Beauty,,,,,,,,,
The Bellelli Family - Degas.jpg,Aristocracy,Sadness,Uneasiness,Serious,,,,,,,,,,,,,
The Childs Bath - Cassatt.jpg,Indoors,Private Domain,Urban Realm,Rest/Liesure,Chores,Community/Family,Science,the Body,Love,Morality,Gender,,,,,,
The Cradle - Morisot.jpg,Indoors,Private Domain,Urban Realm,Rest/Liesure,Chores,Community/Family,Love,Momentary,Gender,,,,,,,,
The Girl Covered by the Sun - Serov.jpg,Commoner,Youth,Beauty/Ideal,Thoughtful,Momentary,Sadness,,,,,,,,,,,
The Grands Boulevard - Renoir.jpg,Outdoors,Public Domain,Urban Realm,Work,Chores,Communication,Fast Pace,Momentary,Lively,Texture,Occupation of Time,,,,,,
The Harbor at Lorient - Morisot.jpg,Outdoors,Public Domain,Urban Realm,Rest/Liesure,Freshness,Momentary,Occupation of Time,,,,,,,,,,
The Swing - Renoir.jpg,Outdoors,Public Domain,Rural Realm,Recreation,Communication,Occupation of Time,Momentary,Texture,Joy,Comfort,,,,,,,
The Water Lilies - Monet.jpg,River/Lake,,Peaceful,Beauty,Texture,,,,,,,,,,,,
Two Sisters - Renoir.jpg,Other/Self/Personal,Youth,Thoughtful,Momentary,Texture,Lively,Abundance,Peace,,,,,,,,,
Visit to a Museum - Degas.jpg,Indoors,Public Domain,Urban Realm,Recreation,Education,Occupation of Time,Momentary,Texture,Gender,the Mind,,,,,,,
Woman with the Pearl Necklace - Cassatt.jpg,Indoors,Public Domain,Urban Realm,Recreation,Festivity/Celebration,Occupation of Time,Social Consciousness,Momentary,Gender,Intimacy,Lively,,,,,,
Women in the Garden - Monet.jpg,Outdoors,Public Domain,Rural Realm,Recreation,Rest/Liesure,Communication,Occupation of Time,Joy,Momentary,,,,,,,,
Floor Scrappers - Caillebotte.jpeg,Indoors,Public Domain,Urban Realm,Work,the Body,Occupation of Time,Sensual,Sexuality,Social Consciousness,,,,,,,,
Impression Sunrise - Monet.jpeg,Outdoors,Public Domain,Urban Realm,Work,Minimalism,Momentary,Occupation of Time,,,,,,,,,,
Luncheon of the Boating Party - Renoir.jpeg,Outdoors,Public Domain,Urban Realm,Recreation,Communication,Rest/Liesure,Festivity/Celebration,Community/Family,Occupation of Time,Joy,Lively,Comfort,Momentary,,,,
Paris Street Rainy Day - Caillebotte.jpeg,Outdoors,Public Domain,Urban Realm,Chores,Occupation of Time,Momentary,Isolation,New Directions,,,,,,,,,
Poppies - Monet.jpeg,Outdoors,Private Domain,Rural Realm,Recreation,Chores,Occupation of Time,Community/Family,Momentary,Peace,,,,,,,,
The Ballet Class - Degas.jpeg,Indoors,Public Domain,Urban Realm,Education,Work,Communication,the Body,Occupation of Time,Momentary,Lively,Exhaustion,,,,,,
The Boulevard Montmarte - Pissaro.jpeg,Outdoors,Public Domain,Urban Realm,Chores,Recreation,Momentary,Lively,Fast Pace,,,,,,,,,
Woman with a Parasol - Monet.jpeg,Outdoors,Private Domain,Rural Realm,Recreation,Community/Family,Occupation of Time,Momentary,Casual,Freshness,,,,,,,,
Women Walking on a Beach - Sorolla.jpeg,Outdoors,Private Domain,Rural Realm,Recreation,Occupation of Time,Beauty,Elegance,Nature Interaction,Casual,,,,,,,,
Achilles Receiving the Ambassadors of Agamemnon.jpg,Mythological Subgenre,Outdoors,Public Domain,Rural Realm,Work,Conflict,Communication,Government,the Mind,Drama,,,,,,,
Ancient Rome - Panini.jpg,City,Buildings,Bountiful/Giving,Beauty,Harmony,Ideal,,,,,,,,,,,
Aqueduct in Ruins - Robert.jpg,Outdoors,Private Domain,Rural Realm,Rest/Liesure,Work,Chores,Beauty,Antiquity,Nature Interaction,,,,,,,,
Benjamin Franklin Drawing Electricity from the Sky - West.jpg,Thinker/Artist,Genius,Greatness,Dedication,,,,,,,,,,,,,
Charles Towneley in his sculpture gallery - Zoffany.jpg,History Subgenre,Indoors,Private Domain,Urban Realm,Communication,Rest/Liesure,Occupation of Time,Social Consciousness,Harmony,Cross Culturalism,Elegance,,,,,,
Cornelia Pointing to her Children as Her Treasures - Kauffmann.jpg,History Subgenre,Indoors,Private Domain,,Communication,Morality,Community/Family,Social Consciousness,Antiquity,Youth,Drama,,,,,,
Diana and Cupid - Batoni.jpg,Mythological Subgenre,Outdoors,Private Domain,Rural Realm,Rest/Liesure,Chores,Conflict,Communication,Community/Family,Love,Intimacy,Gender,,,,,
Fantasy view - Panini.jpg,City,Buildings,Beauty,Ideal,Harmony,,,,,,,,,,,,
Johann Joachim Winckelmann.jpg,Thinker/Artist,Status,Genius,Greatness,Dedication,Thoughtful,,,,,,,,,,,
Judgement of Paris - Mengs.jpg,Mythological Subgenre,Outdoors,Public Domain,Rural Realm,Communication,Conflict,Beauty,Morality,Antiquity,Drama,,,,,,,
Julie Lebrun as Flora - Le Brun.jpg,Other/Self/Personal,Beauty/Ideal,Youth,,,,,,,,,,,,,,
Jupiter and Thetis - Ingres.jpg,Mythological Subgenre,Outdoors,Private Domain,,Communication,Conflict,Social Consciousness,the Body,Power,Morality,Sexuality,Drama,,,,,
Madame Raymod de Verninac - David.jpg,Aristocracy,Status,Thoughtful,,,,,,,,,,,,,,
Modern Romania - Tattarescu.jpg,Allegorical Subgenre,Outdoors,Public Domain,Rural Realm,,Government,Social Consciousness,Morality,Antiquity,,,,,,,,
Napoleon Crossing the Alps - David.jpg,History Subgenre,Outdoors,Public Domain,Rural Realm,Work,Conflict,Recreation,Government,Power,Drama,Ideal,Government,Patriotism,Greatness,Nature Interaction,,
Napoleon I on his Imperial Throne - Ingres.jpg,Royalty,Status,Power,Greatness,Dedication,,,,,,,,,,,,
Perseus and Andromeda - Leighton.jpg,Mythological Subgenre,Outdoors,Private Domain,Rural Realm,Work,Violence,Conflict,Drama,Morality,Antiquity,Sexuality,the Body,,,,,
Portrait of Antoine-Laurent Lavoisier and his wife - David.jpg,Aristocracy,Genius,Beauty/Ideal,Dedication,Intimacy,,,,,,,,,,,,
Portrait of Citizen Jean-Baptiste Belley - Trioson.jpg,Government/Military,Status,Greatness,Serious,Dedication,Strength,,,,,,,,,,,
Portrait of Madame Recamier - David.jpg,Aristocracy,Status,Beauty/Ideal,Mischievous,Sensual,Elegance,,,,,,,,,,,
Portrait of Madeline - Benoist.jpg,Commoner,Dedication,Sexuality,Elegance,,,,,,,,,,,,,
Portrait of Susanna van Collen nee Mogge and her daughter - Numan.jpg,Aristocracy,Status,Joy,Youth,Elegance,,,,,,,,,,,,
Self-portrait - Benoist.jpg,Other/Self/Personal,Status,Dedication,Confidence,Sensual,,,,,,,,,,,,
The Anger of Achilles - David.jpg,Mythological Subgenre,Outdoors,Public Domain,,Conflict,Communication,Morality,Community/Family,Antiquity,Drama,,,,,,,
The Architects Dream - Cole.jpg,City,Buildings,Ideal,,,,,,,,,,,,,,
The Death of Nelson - West.jpg,History Subgenre,Outdoors,Public Domain,,Work,Violence,Communication,Cycle of life,Government,Drama,,,,,,,
The Death of Seneca - David.jpg,History Subgenre,Indoors,Public Domain,Urban Realm,Violence,Conflict,Communication,Cycle of life,Morality,Antiquity,Discipline,Drama,,,,,
The Death of Socrates - David.jpg,History Subgenre,Indoors,Public Domain,Urban Realm,Conflict,Communication,Cycle of life,Government,Social Consciousness,Morality,Drama,Antiquity,Discipline,Revolution,,,
The Emperor Napoleon in his Study at the Tuileries - David.jpg,Royalty,Status,Power,Greatness,Elegance,Intimacy,,,,,,,,,,,
The Intervention of the Sabine Woman - David.jpg,Mythological Subgenre,Outdoors,Public Domain,Urban Realm,Violence,Conflict,Communication,Government,Morality,Love,Drama,Strength,Antiquity,Discipline,Uneasiness,,
The Lictors Returning to Brutus the Bodies of his sons - David.jpg,History Subgenre,Indoors,Public Domain,Urban Realm,Conflict,Work,Communication,Cycle of life,Government,Love,Morality,Antiquity,Drama,Discipline,Revolution,,
The Sleep of Endymion - Girodet.jpg,Mythological Subgenre,Outdoors,Private Domain,Rural Realm,Rest/Liesure,the Body,Beauty,Love,Drama,Elegance,Peace,Sensual,Gender,,,,
Virgil reading to Augustus - Ingres.jpg,History Subgenre,Indoors,Private Domain,Urban Realm,Rest/Liesure,Conflict,Communication,Community/Family,Cycle of life,Love,Antiquity,Drama,Loss,,,,
Burial of Atala - Trioson.jpeg,Religious Subgenre,Outdoors,Private Domain,Rural Realm,Conflict,,Spirituality,Cycle of life,Social Consciousness,Morality,Love,Drama,Intimacy,Loss,Discipline,Sensual,
Dante and Virgil - Bouguereau.jpeg,Mythological Subgenre,Outdoors,Public Domain,,Education,Violence,Conflict,Communication,Spirituality,Social Consciousness,the Body,Beauty,Morality,Drama,Antiquity,Uneasiness,
L'excommunication de Robert le Pieux - Laurens.jpeg,History Subgenre,Indoors,Private Domain,Urban Realm,Conflict,Rest/Liesure,,Social Consciousness,Love,Morality,Drama,Uneasiness,Fear,,,,
Leonidas at Thermopylae - David.jpeg,History Subgenre,Outdoors,Public Domain,Rural Realm,Violence,Conflict,Communication,Government,Morality,Social Consciousness,Drama,Antiquity,Discipline,,,,
Oedipus Explaining the Enigma of the Sphinx - Ingres.jpeg,Mythological Subgenre,Outdoors,Private Domain,Rural Realm,Communication,Conflict,,the Body,Antiquity,Drama,,,,,,,
Portrait of Monsieur Bertin - Inres.jpeg,Thinker/Artist,Status,Dedication,Confidence,Strength,Warm,,,,,,,,,,,
Princesse de Broglie - Ingres.jpeg,Aristocracy,Status,Beauty/Ideal,Youth,Greatness,,,,,,,,,,,,
The Artist and His Family - West.jpeg,Other/Self/Personal,Serious,Dedication,Intimacy,,,,,,,,,,,,,
The Coronation of Napoleon - David.jpeg,History Subgenre,Indoors,Public Domain,Urban Realm,Festivity/Celebration,Communication,Government,Harmony,Elegance,Greatness,,,,,,,
The Cupid Seller - Vien.jpeg,Indoors,Private Domain,,Rest/Liesure,Work,Communication,Social Consciousness,Love,Antiquity,,,,,,,,
The Damsel and Orlando - West.jpeg,Literary Subgenre,Outdoors,Private Domain,,Conflict,Communication,the Mind,Love,Antiquity,Drama,Uneasiness,,,,,,
The Death of General Wolfe - West.jpeg,History Subgenre,Outdoors,Public Domain,Rural Realm,Conflict,Violence,,Cycle of life,Government,Drama,Loss,Patriotism,,,,,
The Death of Leonardo da Vinci - Ingres.jpeg,History Subgenre,Indoors,Private Domain,,Conflict,Communication,,Spirituality,Cycle of life,Drama,Loss,Intimacy,,,,,
The Death of Marat - David.jpeg,History Subgenre,Indoors,Private Domain,Urban Realm,Violence,Conflict,,Cycle of life,Government,Beauty,Drama,Revolution,,,,,
The Explusion of Adam and Eve from Paradise - West.jpeg,Religious Subgenre,Outdoors,Private Domain,Rural Realm,Conflict,Communication,Spirituality,Morality,Drama,Loss,,,,,,,
The Oath of Horatii - David.jpeg,Mythological Subgenre,Indoors,Private Domain,Urban Realm,Communication,Work,Rest/Liesure,Morality,Government,Drama,Antiquity,Patriotism,Discipline,,,,
A Sunday on La Grande Jatte.jpg,Outdoors,Public Domain,Rural Realm,Recreation,Rest/Liesure,Occupation of Time,Harmony,,,,,,,,,,
A Wheatfield with Cypresses - van Gogh.jpg,Farm/grassland,,Beauty,Color,Texture,Deconstruction,Lively,Joy,,,,,,,,,
Arearea - Gauguin.jpg,Outdoors,Public Domain,Rural Realm,Rest/Liesure,Chores,Work,Religious Action,Spirituality,Community/Family,Occupation of Time,Harmony,Primitivism,Cross Culturalism,,,,
At the Moulin Rouge - Lautrec.jpg,Indoors,Public Domain,Urban Realm,Recreation,Dining,Communication,Community/Family,Occupation of Time,Drama,Lively,Fast Pace,,,,,,
Bathers - Cezanne.jpg,Outdoors,Public Domain,Rural Realm,Chores,Rest/Liesure,Community/Family,the Body,Occupation of Time,Deconstruction,Harmony,Comfort,Casual,,,,,
Boy in a Red Vest - Cezanne.jpg,Commoner,Vacancy,Youth,Youth,,,,,,,,,,,,,
Breton Girls Dancing - Gauguin.jpg,Outdoors,Private Domain,Rural Realm,Recreation,Festivity/Celebration,Community/Family,Color,Youth,Peace,,,,,,,,
Cafe Terrace at Night - van Gogh.jpg,Outdoors,Public Domain,Urban Realm,Recreation,Dining,Occupation of Time,Beauty,Texture,Comfort,Color,,,,,,,
Coastal Landscape from Martinique - Gauguin.jpg,Outdoors,Public Domain,Rural Realm,Recreation,Work,Chores,Community/Family,Beauty,Occupation of Time,Nature Interaction,Cross Culturalism,,,,,,
Coming and Going - Gauguin.jpg,Outdoors,Public Domain,Rural Realm,Rest/Liesure,Work,Chores,Community/Family,Occupation of Time,Lively,Cross Culturalism,Primitivism,Nature Interaction,,,,,
Day of God - Gauguin.jpg,Religious Subgenre,Outdoors,Public Domain,Rural Realm,Religious Action,Festivity/Celebration,Community/Family,Spirituality,Sexuality,Cross Culturalism,Primitivism,Color,Gender,,,,
Evening Calm - Signac.jpg,River/Lake,,Peaceful,Color,Harmony,,,,,,,,,,,,
Harvest at La Crau - van Gogh.jpg,Farm/grassland,Buildings,Beauty,Bountiful/Giving,Color,Texture,,,,,,,,,,,
Irises - van Gogh.jpg,Flowers/Plants,,,,,,,,,,,,,,,,
Le Chahut - Seurat.jpg,Indoors,Public Domain,Urban Realm,Recreation,Festivity/Celebration,Occupation of Time,Harmony,Lively,Fast Pace,,,,,,,,
Madame Cezanne - Cezanne.jpg,Other/Self/Personal,Serious,Vacancy,Texture,,,,,,,,,,,,,
Models - Seurat.jpg,Indoors,Private Domain,Urban Realm,Rest/Liesure,,the Body,Harmony,Sensual,Gender,Intimacy,Strength,,,,,,
Mont Sainte-Victorie - Cezanne.jpg,Farm/grassland,Buildings,Deconstruction,Texture,Harmony,,,,,,,,,,,,
Morning Calm - Signac.jpg,River/Lake,,Peaceful,Harmony,Color,,,,,,,,,,,,
Parade de cirque - Seurat.jpg,Outdoors,Public Domain,Urban Realm,Recreation,Festivity/Celebration,Occupation of Time,Harmony,,,,,,,,,,
Paul Alexis reading to Emile Zola - Cezanne.jpg,Thinker/Artist,Exhaustion,Dedication,Texture,Intimacy,,,,,,,,,,,,
Road with Cypress and Star - van Gogh.jpg,Outdoors,Public Domain,Rural Realm,Chores,Cycle of life,Texture,Color,Nature Interaction,Uneasiness,,,,,,,,
Seascape Near Les Saintes - van Gogh.jpg,Sea/Ocean,,Beauty,Lively,Color,Texture,,,,,,,,,,,
Self-portrait dedicated to Vincent van Gogh - Gauguin.jpg,Other/Self/Personal,Thoughtful,Serious,Color,Uneasiness,,,,,,,,,,,,
Self-portrait in a hat - Gauguin.jpg,Other/Self/Personal,Dedication,Mischievous,Color,Texture,Primitivism,Discipline,Confidence,Strength,,,,,,,,
Self-portrait with bandaged ear - van gogh.jpg,Other/Self/Personal,Strife/Pain,Exhaustion,Dedication,Color,Texture,Freshness,Uneasiness,,,,,,,,,
Spirit of the Dead Watching - Gauguin.jpg,Indoors,Private Domain,Rural Realm,Rest/Liesure,Conflict,Spirituality,Cycle of life,the Mind,Color,Primitivism,Cross Culturalism,Uneasiness,Sexuality,Drama,,,
Starry Night over the Rhone - van Gogh.jpg,River/Lake,Buildings,Beauty,Mystery,Bountiful/Giving,Color,Texture,Isolation,Lively,Harmony,,,,,,,
Still Life with Plaster Cupid - Cezanne.jpg,Food,,,,,,,,,,,,,,,,
The Basket of Apples - Cezanne.jpg,Furniture,Food,,,,,,,,,,,,,,,
The Bather - Cezanne.jpg,Outdoors,Private Domain,Rural Realm,Rest/Liesure,,the Body,Occupation of Time,Texture,Isolation,Vacancy,,,,,,,
The Bedroom - van Gogh.jpg,City,,Beauty,Color,Texture,Minimalism,Joy,Lively,,,,,,,,,
The Card Players - Cezanne.jpg,Indoors,Public Domain,,Recreation,Communication,Occupation of Time,Texture,Peace,,,,,,,,,
The Church at Auvers - van Gogh.jpg,City,Buildings,Color,Texture,Beauty,Harmony,,,,,,,,,,,
The Dream - Rosseau.jpg,Outdoors,Private Domain,Rural Realm,Rest/Liesure,,the Body,Cross Culturalism,Lively,Nature Interaction,Drama,,,,,,,
The Mango Trees - Gauguin.jpg,Outdoors,Public Domain,Rural Realm,Work,Community/Family,Occupation of Time,Primitivism,Cross Culturalism,Nature Interaction,,,,,,,,
The Painter of Sunflowers - Gauguin.jpg,Thinker/Artist,Dedication,Exhaustion,Color,,,,,,,,,,,,,
The Red Cow - Gauguin.jpg,Outdoors,Private Domain,Rural Realm,Work,Chores,Occupation of Time,Spirituality,Color,Texture,Peace,Nature Interaction,,,,,,
The Red Rock - Cezanne.jpg,Forest,,Bountiful/Giving,Texture,Deconstruction,Lively,,,,,,,,,,,
The Sleeping Gypsy - Rosseau.jpg,Outdoors,Private Domain,Rural Realm,Rest/Liesure,Minimalism,Nature Interaction,,,,,,,,,,,
The Starry Night - van Gogh.jpg,City,Buildings,Beauty,Bountiful/Giving,Texture,Color,Lively,,,,,,,,,,
Tiger in a Tropical Storm - Rosseau.jpg,Outdoors,Private Domain,Rural Realm,Violence,Conflict,Power,Drama,Nature Interaction,Uneasiness,,,,,,,,
Tropical Conversation - Gauguin.jpg,Outdoors,Public Domain,Rural Realm,Communication,Work,Community/Family,Occupation of Time,Texture,Cross Culturalism,Primitivism,Intimacy,Drama,,,,,
Turning Road at Montgeroult - Cezanne.jpg,City,Buildings,Texture,Deconstruction,,,,,,,,,,,,,
Vision after the Sermon - Gauguin.jpg,Outdoors,Public Domain,Rural Realm,Religious Action,Violence,Conflict,Spirituality,the Mind,Color,Drama,Lively,,,,,,
Wheatfield with Crows - van Gogh.jpg,Farm/grassland,Animals,Bountiful/Giving,Texture,Color,Sadness,Isolation,Uneasiness,,,,,,,,,
When will you marry - Gauguin.jpg,Outdoors,Private Domain,Rural Realm,Rest/Liesure,Communication,Community/Family,Social Consciousness,Occupation of Time,Color,Primitivism,Cross Culturalism,Gender,,,,,
Self-portrait dedicated to Paul Gauguin - van Gogh.jpeg,Other/Self/Personal,Thoughtful,Dedication,Color,Texture,,,,,,,,,,,,
Still Life with Apples - Cezanne.jpeg,Food,Furniture,,,,,,,,,,,,,,,
A Burial at Ornans - Courbet.jpg,Outdoors,Public Domain,Rural Realm,Festivity/Celebration,Religious Action,Spirituality,Community/Family,Cycle of life,Ugly,Loss,,,,,,,
A Loge at the Theater des Italiens - Gonzales.jpg,Indoors,Public Domain,Urban Realm,Recreation,Occupation of Time,Detachment,Vacancy,Intimacy,,,,,,,,,
Autum Day - Levitan.jpg,Forest,Human(s),Sadness,Nature Interaction,,,,,,,,,,,,,
Autumn Bouquet - Repin.jpg,Commoner,Exhaustion,Nature Interaction,Intimacy,Hope,,,,,,,,,,,,
Bar at the Folies-Bergere - Manet.jpg,Indoors,Public Domain,Urban Realm,Work,Social Consciousness,Occupation of Time,Morality,Gender,Harmony,Sexuality,,,,,,,
Barge Haulers on the Volga - Repin.jpg,Outdoors,Public Domain,Rural Realm,Work,Conflict,Social Consciousness,Ugly,Exhaustion,Nature Interaction,Drama,,,,,,,
Beach at Scheveningen in Stormy Weather - van Gogh.jpg,Outdoors,Public Domain,Rural Realm,Work,Power,Texture,Nature Interaction,Ugly,Uneasiness,,,,,,,,
Corner of a Cafe-Concert - Manet.jpg,Indoors,Public Domain,Urban Realm,Work,Recreation,Occupation of Time,Texture,Lively,Joy,,,,,,,,
Emile Zola - Manet.jpg,Thinker/Artist,Status,Genius,Dedication,Cross Culturalism,Confidence,,,,,,,,,,,
Family Portrait - Ostade.jpg,Other/Self/Personal,Joy,Youth,Community/Family,Comfort,,,,,,,,,,,,
Femme nu Couchee - Courbet.jpg,Indoors,Private Domain,,Rest/Liesure,the Body,Comfort,Beauty,Elegance,,,,,,,,,
Golden Autumn - Levitan.jpg,Forest,,Beauty,Bountiful/Giving,New Directions,Ideal,,,,,,,,,,,
Hawning Apprentice - Mankacsy.jpg,Commoner,Exhaustion,,Drama,Casual,,,,,,,,,,,,
Hunters at Rest - Perov.jpg,Outdoors,Private Domain,Rural Realm,Rest/Liesure,Recreation,Communication,Cycle of life,Occupation of Time,Drama,Nature Interaction,Joy,Comfort,Lively,,,,
In the Conservatory - Manet.jpg,Outdoors,Private Domain,,Recreation,Rest/Liesure,Occupation of Time,Detachment,Intimacy,Casual,,,,,,,,
Ivan the Terrible and His Son Ivan - Repin.jpg,History Subgenre,Indoors,Private Domain,Urban Realm,Violence,Conflict,,Cycle of life,Government,Love,Morality,Drama,Ugly,Fear,Sadness,,
Jewess with Oranges - Gierymski.jpg,Commoner,Strife/Pain,Exhaustion,Sadness,Texture,Ugly,,,,,,,,,,,
L'Angelus - Millet.jpg,Outdoors,Private Domain,Rural Realm,Work,Religious Action,Spirituality,Community/Family,Occupation of Time,Nature Interaction,Intimacy,Loss,,,,,,
La rencontre - Courbet.jpg,History Subgenre,Outdoors,Private Domain,Rural Realm,Communication,Chores,Work,Occupation of Time,Casual,Harmony,Freshness,Joy,,,,,
Les Demoiselles du bord de la Seine - Courbet.jpg,Outdoors,Private Domain,Rural Realm,Rest/Liesure,Recreation,Occupation of Time,Sensual,Nature Interaction,Comfort,,,,,,,,
Morning in a Pine Forest - Shishkin.jpg,Outdoors,Private Domain,Rural Realm,Recreation,Community/Family,Beauty,Nature Interaction,Peace,Joy,Harmony,,,,,,,
Music in the Tuileries Gardens - Manet.jpg,Outdoors,Public Domain,Rural Realm,Recreation,Rest/Liesure,Festivity/Celebration,Community/Family,Occupation of Time,Harmony,Comfort,,,,,,,
Olympia - Manet.jpg,Commoner,Beauty/Ideal,Greatness,Confidence,Sensual,Sexuality,Elegance,Comfort,,,,,,,,,
Ploughing in the Nivernais - Bonheur.jpg,Farm/grassland,Animals,Beauty,Bountiful/Giving,Freshness,Ideal,,,,,,,,,,,
Plum Brandy - Manet.jpg,Indoors,Public Domain,Urban Realm,Rest/Liesure,Texture,Occupation of Time,the Mind,Detachment,Casual,Comfort,Freshness,,,,,,
Portrait of an Unknown Woman - Kramskoi.jpg,Other/Self/Personal,Beauty/Ideal,Serious,Confidence,Thoughtful,,,,,,,,,,,,
Science and Charity - Picasso.jpg,Indoors,Private Domain,Urban Realm,Rest/Liesure,Work,,Science,Social Consciousness,the Body,Morality,Ugly,Casual,,,,,
Sheep in the Highlands - Bonheur.jpg,Mountain,Animals,Peaceful,Beauty,Nature Interaction,Ideal,Harmony,Peace,,,,,,,,,
Skull of a Skeleton with Burning Cigarette - van Gogh.jpg,Other/Self/Personal,Science,the Body,Uneasiness,,,,,,,,,,,,,
Taking a Snow Town - Surikov.jpg,History Subgenre,Outdoors,Public Domain,Rural Realm,Recreation,Festivity/Celebration,Violence,Community/Family,Beauty,Occupation of Time,Joy,Nature Interaction,Drama,,,,
The Apotheosis of War - Vereschchagin.jpg,Outdoors,Public Domain,Rural Realm,,Cycle of life,Government,Morality,Ugly,Uneasiness,Freshness,,,,,,,
The Daughters of Edward Darley Boit.jpg,Aristocracy,Status,Youth,Detachment,Uneasiness,Vacancy,Cycle of life,,,,,,,,,,
The Fifer - Manet.jpg,Commoner,Youth,Dedication,Color,Warm,,,,,,,,,,,,
The First Mourning - Bouguereau.jpg,Religious Subgenre,Outdoors,Private Domain,Rural Realm,Conflict,,Spirituality,Cycle of life,Drama,Ugly,Sadness,,,,,,
The Gleaners - Millet.jpg,Outdoors,Public Domain,Rural Realm,Work,Social Consciousness,Occupation of Time,Nature Interaction,Ugly,Exhaustion,Revolution,,,,,,,
The Little Cavaliers - Manet.jpg,Outdoors,Public Domain,Rural Realm,Recreation,Communication,Community/Family,Government,Occupation of Time,Casual,Harmony,,,,,,,
The Morning of the Streltsy Execution - Surikov.jpg,History Subgenre,Outdoors,Public Domain,Urban Realm,Conflict,Communication,,Government,Social Consciousness,Power,Drama,Ugly,Revolution,Sadness,Uneasiness,,
The Painter's Studio - Courbet.jpg,Allegorical Subgenre,Indoors,Public Domain,Urban Realm,Recreation,Work,Communication,Community/Family,Occupation of Time,Harmony,,,,,,,
The Railway - Manet.jpg,Outdoors,Public Domain,Urban Realm,Rest/Liesure,Detachment,Vacancy,Casual,Uneasiness,,,,,,,,,
The Rooks Have Come Back - Savrasov.jpg,Forest,Buildings,Peaceful,Nature Interaction,New Directions,Lively,,,,,,,,,,,
The Violoncellist - Courbet.jpg,Other/Self/Personal,Beauty/Ideal,Sensual,Harmony,Elegance,Drama,,,,,,,,,,,
The Wheat Sifters - Courbet.jpg,Indoors,Public Domain,Rural Realm,Work,Rest/Liesure,Community/Family,Social Consciousness,Occupation of Time,Ugly,Casual,Detachment,Exhaustion,,,,,
Valley of the Loue - Courbet.jpg,Mountain,Buildings,Beauty,Mystery,Nature Interaction,New Directions,,,,,,,,,,,
Whistler's Mother - Whistler.jpg,Other/Self/Personal,Exhaustion,Detachment,Vacancy,,,,,,,,,,,,,
Luncheon on the Grass - Manet.jpeg,Outdoors,Private Domain,Rural Realm,Recreation,Rest/Liesure,the Body,Beauty,Occupation of Time,Confidence,Sexuality,Gender,Nature Interaction,Casual,Comfort,Intimacy,,
Silent Monastary - Levitan.jpeg,Forest,Buildings,Peaceful,Mystery,Beauty,Harmony,Ideal,,,,,,,,,,
The Potato Eaters - van Gogh.jpeg,Indoors,Private Domain,Rural Realm,Rest/Liesure,Dining,Communication,Community/Family,Social Consciousness,Occupation of Time,Ugly,Exhaustion,Harmony,,,,,
The Shepherdess - Bouguereau.jpeg,Commoner,Beauty/Ideal,Dedication,Strength,Nature Interaction,Elegance,Peace,Thoughtful,,,,,,,,,
The Stone Breakers - Courbet.jpeg,Outdoors,Private Domain,Rural Realm,Work,Social Consciousness,Community/Family,Occupation of Time,Ugly,Nature Interaction,Exhaustion,,,,,,,
A goldsmith in his shop - Christus.jpg,Indoors,Public Domain,Urban Realm,Work,Occupation of Time,Casual,Harmony,,,,,,,,,,
Adoration of the Kings - van der Goes.jpg,Religious Subgenre,Outdoors,Public Domain,Rural Realm,Festivity/Celebration,Religious Action,Spirituality,Cycle of life,Beauty,Greatness,Harmony,,,,,,
Adoration of the Magi - Botticelli.jpg,Religious Subgenre,Outdoors,Public Domain,Rural Realm,Festivity/Celebration,Religious Action,Communication,Spirituality,Cycle of life,Beauty,Morality,Greatness,,,,,
Arnolfini Portrait - van Eyck.jpg,Commoner,Status,Dedication,Vacancy,Peace,,,,,,,,,,,,
Baptism of Christ - Verrocchio.jpg,Religious Subgenre,Outdoors,Private Domain,Rural Realm,Religious Action,Spirituality,Cycle of life,Morality,Greatness,,,,,,,,
Birth of the Virgin - Ghirlandaio.jpg,Religious Subgenre,Indoors,Public Domain,Urban Realm,Rest/Liesure,Religious Action,Festivity/Celebration,,Spirituality,Cycle of life,Love,Morality,Joy,,,,
Calumny of Apelles - Botticelli.jpg,Literary Subgenre,Indoors,Public Domain,Urban Realm,Violence,Conflict,Communication,Morality,Drama,Antiquity,,,,,,,
Christ and the Virgin - Campin.jpg,Religious Subgenre,Outdoors,Private Domain,,Religious Action,Spirituality,Color,Warm,Greatness,,,,,,,,
Christ Giving the Keys of the Kingdom to St. Peter - Perugino.jpg,Religious Subgenre,Outdoors,Public Domain,Urban Realm,Communication,Festivity/Celebration,Spirituality,Morality,Harmony,Greatness,,,,,,,
Crucifixion with the Virgin and St. John - van der weyden.jpg,Religious Subgenre,Outdoors,Private Domain,,Religious Action,,Violence,Spirituality,Morality,Loss,Sadness,Strife/Pain,,,,,
Danae - Correggio.jpg,Mythological Subgenre,Indoors,Private Domain,Urban Realm,Rest/Liesure,Youth,Sexuality,Comfort,Joy,,,,,,,,
Death of the Virgin - Mantegna.jpg,Religious Subgenre,Indoors,Public Domain,Urban Realm,Conflict,,Spirituality,Cycle of life,Drama,Loss,Sadness,,,,,,
La Primavera (Spring) - Botticelli.jpg,Allegorical Subgenre,Outdoors,Public Domain,Rural Realm,Festivity/Celebration,Drama,New Directions,Bountiful/Giving,Community/Family,Nature Interaction,Beauty,,,,,,
Lamentation of Christ - Mantegna.jpg,Religious Subgenre,Indoors,Private Domain,,Conflict,,Spirituality,Strife/Pain,Hope,Sadness,,,,,,,
Madonna and Child - Crivelli.jpg,Religious,Greatness,Dedication,Elegance,,,,,,,,,,,,,
Madonna and Child with Two Angels - Fra Filippo Lippi.jpg,Religious,Warm,Dedication,Beauty/Ideal,Greatness,Youth,Lively,,,,,,,,,,
Madonna in the Church - van Eyck.jpg,Religious Subgenre,Indoors,Private Domain,Urban Realm,Chores,Spirituality,Greatness,Harmony,,,,,,,,,
Madonna of the Meadow - Raphael.jpg,Religious Subgenre,Outdoors,Private Domain,Rural Realm,Recreation,Rest/Liesure,Community/Family,Spirituality,Love,Harmony,Intimacy,,,,,,
Miracle of the Relic of the Cross at the Rialto Bridge - Carpaccio.jpg,Religious Subgenre,Outdoors,Public Domain,Urban Realm,Festivity/Celebration,Work,Chores,Spirituality,Morality,Lively,Greatness,,,,,,
Mona Lisa - da Vinci.jpg,Aristocracy,Beauty/Ideal,Harmony,Warm,Elegance,,,,,,,,,,,,
Pastoral Concert - Titian.jpg,Outdoors,Private Domain,Rural Realm,Recreation,Rest/Liesure,Communication,Occupation of Time,Harmony,Intimacy,Joy,,,,,,,
Pieta - Bellini.jpg,Religious Subgenre,Outdoors,Private Domain,,,Spirituality,Cycle of life,Loss,Drama,Sadness,Strife/Pain,,,,,,
Pieta of Villeneuve les avignon.jpg,Religious Subgenre,Outdoors,Private Domain,Rural Realm,Religious Action,Conflict,,Spirituality,Cycle of life,Color,Sadness,Beauty,Loss,,,,
Portrait of a Man with a Medal of Cosimo il Vecchio de' Medici - Botticelli.jpg,Aristocracy,Confidence,Status,,,,,,,,,,,,,,
Portrait of a Young Girl - Christus.jpg,Aristocracy,Status,Beauty/Ideal,Serious,Elegance,Harmony,,,,,,,,,,,
Portrait of a Young Woman - Botticelli.jpg,Aristocracy,Status,Casual,Gender,Dedication,Harmony,,,,,,,,,,,
Portrait of Eleonora Gonzaga - Titian.jpg,Aristocracy,Status,Beauty/Ideal,Greatness,Serious,Elegance,Gender,,,,,,,,,,
Portrait of Francesco Maria Della Rovere - Titian.jpg,Aristocracy,Status,Power,Greatness,Serious,Strength,Confidence,Harmony,,,,,,,,,
Portrait of Pope Julius II - Raphael.jpg,Religious,Thoughtful,Intimacy,Greatness,,,,,,,,,,,,,
Portrait of Sultan Mehmed II - Bellini.jpg,Royalty,Status,Cross Culturalism,Detachment,Greatness,,,,,,,,,,,,
Saint Luke Painting the Madonna - Gossaert.jpg,Religious Subgenre,Indoors,Private Domain,,Work,Spirituality,Greatness,Drama,,,,,,,,,
Saint Sebastian - Mentegna.jpg,Religious Subgenre,Outdoors,Public Domain,Urban Realm,Violence,Conflict,Spirituality,Morality,the Body,Strife/Pain,Strength,Greatness,,,,,
School of Athens - Raphael.jpg,Indoors,Public Domain,Urban Realm,Work,Education,Festivity/Celebration,Communication,Community/Family,Science,Antiquity,Harmony,Lively,Drama,Greatness,,,
Self Portrait - Durer.jpg,Other/Self/Personal,Vacancy,Harmony,Serious,Beauty/Ideal,,,,,,,,,,,,
Sleeping Venus - Giorgione.jpg,Outdoors,Private Domain,Rural Realm,Rest/Liesure,the Body,Beauty,Occupation of Time,Harmony,Sensual,Elegance,Comfort,,,,,,
The Ambassadors - Holbein.jpg,Government/Military,Status,Genius,Dedication,Science,Uneasiness,,,,,,,,,,,
The Annunciation - Fra Angelico.jpg,Religious Subgenre,Outdoors,Private Domain,,Religious Action,Communication,Spirituality,Greatness,Harmony,,,,,,,,
The Birth of Venus - Botticelli.jpg,Mythological Subgenre,Outdoors,Private Domain,Rural Realm,Festivity/Celebration,the Body,Beauty,Nature Interaction,Antiquity,Elegance,Sensual,Harmony,Drama,Lively,,,
The Creation of Adam - Michelangelo.jpg,Religious Subgenre,Outdoors,Private Domain,Rural Realm,Festivity/Celebration,Spirituality,Drama,the Body,Cycle of life,,,,,,,,
The Crowning wiht Thorns - Titian.jpg,Religious Subgenre,Indoors,Public Domain,,Violence,Conflict,Spirituality,Antiquity,Strife/Pain,Drama,,,,,,,
The Damned Cast into Hell - Signorelli.jpg,Religious Subgenre,Outdoors,Public Domain,,Violence,Conflict,Religious Action,Work,Spirituality,Cycle of life,Social Consciousness,Morality,Ugly,Lively,Drama,Uneasiness,
The Last Judgement - Michelangelo.jpg,Religious Subgenre,Outdoors,Public Domain,,Religious Action,Festivity/Celebration,Violence,Conflict,Spirituality,Cycle of life,Social Consciousness,Morality,Drama,Lively,,,
The Last Supper - da Vinci.jpg,Religious Subgenre,Indoors,Private Domain,Rural Realm,Dining,Festivity/Celebration,Communication,Conflict,Spirituality,Morality,Harmony,,,,,,
The Sistine Madonna - Raphael.jpg,Religious Subgenre,Outdoors,Private Domain,,Festivity/Celebration,Spirituality,Greatness,,,,,,,,,,
The Tempest - Giorgione.jpg,Outdoors,Private Domain,Urban Realm,Rest/Liesure,Love,Sexuality,,,,,,,,,,,
The tower of babel - Bruegel.jpg,City,Human(s),Morality,Conflict,Uneasiness,,,,,,,,,,,,
The virgin and child with saint and donor - david.jpg,Religious Subgenre,Outdoors,Private Domain,Urban Realm,Rest/Liesure,Religious Action,Communication,Community/Family,Spirituality,Harmony,Greatness,,,,,,
Three Philosophers - Giorgione.jpg,Outdoors,Private Domain,Rural Realm,Rest/Liesure,Education,Communication,Chores,Cycle of life,Science,New Directions,Mystery,Harmony,Dedication,,,,
Two Witches - Grien.jpg,Outdoors,Private Domain,Rural Realm,Work,Religious Action,Spirituality,the Body,Morality,Sexuality,Gender,Drama,Harmony,Discipline,,,,
Archduchess Marie Antionette Queen of France - LeBrun.jpg,Royalty,Status,Power,Beauty/Ideal,Greatness,Harmony,Elegance,,,,,,,,,,
Boy with a Spinning Top - Chardin.jpg,Indoors,Private Domain,Urban Realm,Recreation,Beauty,Occupation of Time,Youth,Joy,,,,,,,,,
Charles III Dining Before the Court - Prado.jpg,Indoors,Public Domain,Urban Realm,Recreation,Dining,Patriotism,Government,Occupation of Time,Love,Lively,Harmony,Abundance,,,,,
Cupid and Psyche - West.jpg,Outdoors,Private Domain,Rural Realm,Rest/Liesure,Community/Family,Social Consciousness,the Body,Beauty,Love,Drama,Youth,Intimacy,,,,,
Diana after a bath - Boucher.jpg,Outdoors,Private Domain,Rural Realm,Rest/Liesure,Chores,Communication,the Body,Beauty,Occupation of Time,Sensual,Nature Interaction,Comfort,Harmony,Abundance,,,
Diana After the Hunt - Boucher.jpg,Outdoors,Private Domain,Rural Realm,Rest/Liesure,Chores,Communication,the Body,Beauty,Occupation of Time,Nature Interaction,Joy,Sensual,Elegance,Abundance,Harmony,Comfort,
Dresden - Bellotto.jpg,City,Human(s),Peaceful,Greatness,Harmony,Ideal,,,,,,,,,,,
Elizabeth Trubetskaya.jpg,Aristocracy,Status,Beauty/Ideal,Joy,Mischievous,Thoughtful,,,,,,,,,,,
Hercules and Omphale.jpg,Outdoors,Private Domain,Rural Realm,Rest/Liesure,Communication,the Body,Love,Harmony,Joy,Intimacy,Sexuality,,,,,,
La Toilette de Venus - Boucher.jpg,Indoors,Private Domain,Urban Realm,Rest/Liesure,Chores,the Body,Beauty,Occupation of Time,Sensual,Sexuality,Abundance,Harmony,Freshness,Lively,,,
Les Plaisirs du Bal - Watteau.jpg,Outdoors,Public Domain,Rural Realm,Recreation,Rest/Liesure,Festivity/Celebration,Community/Family,Social Consciousness,Occupation of Time,Abundance,Harmony,Joy,Lively,,,,
Luncheon with Ham - Lancret.jpg,Outdoors,Public Domain,Rural Realm,Recreation,Dining,Festivity/Celebration,Community/Family,Social Consciousness,Occupation of Time,Abundance,Joy,Lively,,,,,
Madame Bergeret - Francois.jpg,Aristocracy,Status,Beauty/Ideal,Joy,Youth,Abundance,,,,,,,,,,,
Madame de Pompadour - Boucher.jpg,Aristocracy,Status,Beauty/Ideal,Joy,Abundance,Comfort,,,,,,,,,,,
Marie Antoinette and Her Children - Le Brun.jpg,Royalty,Status,Beauty/Ideal,Greatness,Dedication,Intimacy,Joy,Power,,,,,,,,,
Marrigae a la mode - Hogarth.jpg,Indoors,Public Domain,Urban Realm,Work,Chores,Communication,Community/Family,Social Consciousness,Morality,Lively,Gender,,,,,,
Mr and Mrs William Hallett - Gainsborough.jpg,Aristocracy,Status,Dedication,New Directions,Abundance,Texture,Harmony,,,,,,,,,,
Mrs Richard Brinsley Sheridan - Gainsborough.jpg,Thinker/Artist,Confidence,Abundance,Isolation,Texture,Beauty/Ideal,Thoughtful,,,,,,,,,,
Mrs Sarah Siddons - Gainsborough.jpg,Thinker/Artist,Status,Beauty/Ideal,Power,Abundance,Texture,,,,,,,,,,,
Piazza San Marco - Canaletto.jpg,City,Human(s),Beauty,Ideal,Harmony,Lively,,,,,,,,,,,
Pierrot - Watteau.jpg,Outdoors,Public Domain,Rural Realm,Recreation,Work,Social Consciousness,Occupation of Time,Warm,Joy,,,,,,,,
Pilgrimage to Cythera - Watteau.jpg,Outdoors,Public Domain,Rural Realm,Recreation,Rest/Liesure,Festivity/Celebration,Social Consciousness,Beauty,Love,Occupation of Time,Abundance,Texture,Sexuality,Nature Interaction,Harmony,,
Portrait of Louis XV - Ranc.jpg,Royalty,Status,Greatness,Youth,Abundance,Confidence,,,,,,,,,,,
Portrait of Prokofiy Demidov - Levitsky.jpg,Aristocracy,Status,Greatness,Joy,,,,,,,,,,,,,
Satan Sin and Death - Hogarth.jpg,Literary Subgenre,Outdoors,Private Domain,,Violence,Conflict,Communication,Community/Family,Morality,Sexuality,Drama,,,,,,
Self Portrait with Straw Hat - Le Brun.jpg,Other/Self/Personal,Status,Genius,Beauty/Ideal,Elegance,Gender,,,,,,,,,,,
Soap Bubbles - Chardin.jpg,Indoors,Private Domain,,Recreation,Beauty,Occupation of Time,Joy,Harmony,Youth,Peace,,,,,,,
The Archers - Reynolds.jpg,Outdoors,Private Domain,Rural Realm,Recreation,Occupation of Time,Nature Interaction,Texture,Harmony,Abundance,,,,,,,,
The Banquet of Cleopatra - Tiepolo.jpg,History Subgenre,Indoors,Public Domain,Urban Realm,Recreation,Dining,Festivity/Celebration,Communication,Drama,Abundance,Sexuality,Gender,Harmony,Lively,,,
The Bathers - Fragonard.jpg,Outdoors,Private Domain,Rural Realm,Recreation,Chores,Festivity/Celebration,Beauty,Occupation of Time,Lively,Texture,Joy,Sexuality,Nature Interaction,Harmony,,,
The Blue Boy - Gainsborough.jpg,Aristocracy,Status,Beauty/Ideal,Youth,Mischievous,Confidence,Texture,,,,,,,,,,
The Declaration of Love - de Troy.jpg,Outdoors,Public Domain,Rural Realm,Recreation,Communication,Festivity/Celebration,Community/Family,Social Consciousness,Love,Drama,Harmony,Lively,,,,,
The Entrance to the Grand Canal Venice - Canaletto.jpg,City,,Ideal,Lively,,,,,,,,,,,,,
The Fountain of Love - Fragonard.jpg,Allegorical Subgenre,Outdoors,Private Domain,Rural Realm,Recreation,Love,Harmony,Texture,Sexuality,Antiquity,Lively,Youth,Joy,,,,
The Gate of Calais - Hogarth.jpg,Outdoors,Public Domain,Urban Realm,Work,Festivity/Celebration,Communication,Community/Family,Occupation of Time,Joy,,,,,,,,
The Graham Children - Hogarth.jpg,Aristocracy,Status,Beauty/Ideal,Joy,Youth,Casual,Abundance,,,,,,,,,,
The Honorable Mrs Graham.jpg,Aristocracy,Status,Beauty/Ideal,Thoughtful,Abundance,,,,,,,,,,,,
The Ladies Waldegrave - Reynolds.jpg,Aristocracy,Status,Beauty/Ideal,Youth,Elegance,Harmony,Abundance,,,,,,,,,,
The Lock - Fragonard.jpg,Indoors,Private Domain,Urban Realm,Recreation,Rest/Liesure,the Body,Beauty,Love,Sexuality,Drama,Harmony,,,,,,
The Prearranged Flight - Fragonard.jpg,Outdoors,Private Domain,Rural Realm,Recreation,Beauty,Occupation of Time,Joy,Elegance,Lively,,,,,,,,
The Progress of Love The Pursuit - Fragonard.jpg,Outdoors,Private Domain,Rural Realm,Recreation,Communication,Beauty,Love,Drama,Abundance,Texture,Youth,Joy,Nature Interaction,Harmony,,,
The Progress of Love.jpg,Outdoors,Private Domain,Rural Realm,Recreation,Beauty,Love,Abundance,Texture,Youth,Joy,Drama,Harmony,,,,,
The Scale of Love- Watteau.jpg,Outdoors,Private Domain,Rural Realm,Recreation,Rest/Liesure,Communication,Love,Occupation of Time,Texture,Abundance,Intimacy,,,,,,
The Stolen Kiss - Fragonard.jpg,Indoors,Private Domain,Urban Realm,Recreation,Love,Youth,Texture,Mischievous,Joy,Sexuality,,,,,,,
The Toilet of Venus Boucher.jpg,Indoors,Private Domain,Urban Realm,Rest/Liesure,Chores,the Body,Beauty,Occupation of Time,Abundance,Freshness,Joy,Sexuality,Lively,Harmony,,,
The Triumph of Venice - Pompeo.jpg,Allegorical Subgenre,Outdoors,Public Domain,Urban Realm,Festivity/Celebration,Work,Abundance,Drama,Greatness,Antiquity,Patriotism,Lively,Harmony,,,,
The Triumph of Venus - Boucher.jpg,Outdoors,Public Domain,Rural Realm,Recreation,Rest/Liesure,Chores,Festivity/Celebration,Love,Beauty,Texture,Abundance,Sexuality,Joy,Lively,,,
The Village Bride - Greuze.jpg,Indoors,Private Domain,Rural Realm,Conflict,Communication,Chores,Community/Family,Love,Drama,Uneasiness,Lively,,,,,,
The Swing - Fragonard.jpeg,Outdoors,Private Domain,Rural Realm,Recreation,Beauty,Love,Occupation of Time,Joy,Sexuality,Mischievous,Abundance,Texture,Nature Interaction,Harmony,,,
Alyonushka.jpg,Mythological Subgenre,Outdoors,Private Domain,Rural Realm,Conflict,Rest/Liesure,Morality,Nature Interaction,Texture,Harmony,,,,,,,
Charles IV of Spain and His Family - Goyta.jpg,Royalty,Status,Greatness,Joy,Dedication,Love,Elegance,Harmony,,,,,,,,,
Christ on the Sea of Galilee - Delacroix.jpg,Religious Subgenre,Outdoors,Public Domain,Rural Realm,Work,Violence,Conflict,Spirituality,Power,Occupation of Time,Drama,Nature Interaction,Texture,,,,
Dido building Carthage - Turner.jpg,City,Human(s),Beauty,Ideal,New Directions,,,,,,,,,,,,
Entry of the Crusaders in Constantinople - Delacroix.jpg,History Subgenre,Outdoors,Public Domain,Urban Realm,Violence,Conflict,,Government,Morality,Ugly,Texture,Drama,,,,,
Fishermen at Sea - Turner.jpg,Outdoors,Public Domain,Rural Realm,Work,Power,Cycle of life,Nature Interaction,Fear,,,,,,,,,
Hylas and the Nymphs - Waterhouse.jpg,Mythological Subgenre,Outdoors,Public Domain,Rural Realm,Communication,Morality,Sexuality,Ugly,Color,Drama,,,,,,,
Jewish wedding in Morocco - Delacroix.jpg,Indoors,Public Domain,Urban Realm,Recreation,Festivity/Celebration,Community/Family,Love,Lively,,,,,,,,,
Knight at the Crossroads - Vasnetsov.jpg,Literary Subgenre,Outdoors,Private Domain,Rural Realm,Chores,Conflict,Cycle of life,Mystery,Drama,Isolation,,,,,,,
La maja desnuda - Goya.jpg,Indoors,Private Domain,,Rest/Liesure,the Body,Beauty,,,,,,,,,,,
Lady Lilith - Rossetti.jpg,Religious,Beauty/Ideal,Sexuality,Gender,Vacancy,Abundance,,,,,,,,,,,
Medea - Delacroix.jpg,Mythological Subgenre,Outdoors,Private Domain,Rural Realm,Violence,Conflict,Community/Family,Morality,Drama,Ugly,Gender,Fear,Uneasiness,,,,
Modern Rome - Turner.jpg,City,Human(s),Peaceful,Cycle of life,Harmony,New Directions,,,,,,,,,,,
Saturn Devouring one of his Sons - Lucientes.jpg,Mythological Subgenre,Outdoors,Private Domain,,Dining,Violence,the Mind,Cycle of life,Ugly,Uneasiness,Strife/Pain,Morality,,,,,
Self-portrait with Dr Arrieta - Goya.jpg,Other/Self/Personal,Greatness,Dedication,Strife/Pain,Science,Hope,the Mind,Fear,Cycle of life,,,,,,,,
Snow Storm - Turner.jpg,Mountain,Human(s),Power,Danger,Unforgiving,Drama,Nature Interaction,Antiquity,Fear,,,,,,,,
The Abbey in the Oakwood - Friedrich.jpg,Mountain,Buildings,Mystery,Unforgiving,Cycle of life,Nature Interaction,,,,,,,,,,,
The Barque of Dante - Delacroix.jpg,History Subgenre,Outdoors,Public Domain,Rural Realm,Violence,Conflict,Work,Spirituality,the Mind,Power,Morality,Nature Interaction,Fear,Drama,Uneasiness,,
The Battle of Trafalgar - Turner.jpg,History Subgenre,Outdoors,Public Domain,Rural Realm,Violence,Conflict,Government,Government,Patriotism,Greatness,Nature Interaction,,,,,,
The Black Duchess - Goya.jpg,Aristocracy,Status,Confidence,Dedication,,,,,,,,,,,,,
The Burning of the Houses of Parliament - Turner.jpg,River/Lake,Buildings,Power,Danger,Unforgiving,Nature Interaction,,,,,,,,,,,
The Charging Chasseur - Gericault.jpg,Outdoors,Public Domain,Rural Realm,Conflict,Work,Government,Patriotism,Greatness,Strength,,,,,,,,
The Clothed Maja - Goya.jpg,Indoors,Private Domain,,Rest/Liesure,the Body,Beauty,Gender,Sensual,,,,,,,,,
The Colossus - Goya.jpg,Outdoors,Public Domain,Rural Realm,Violence,Conflict,Government,Ugly,Power,Patriotism,Greatness,,,,,,,
The Death of Sardanapalus - Delacroix.jpg,Literary Subgenre,Indoors,Public Domain,,Work,Rest/Liesure,Violence,Conflict,Cycle of life,Government,the Body,Ugly,Abundance,Drama,Antiquity,,
The Desperate Man - Courbet.jpg,Other/Self/Personal,Strife/Pain,Greatness,Dedication,Uneasiness,Drama,Thoughtful,,,,,,,,,,
The Family of Infante Don Luis - Goya.jpg,Royalty,Status,Joy,Community/Family,,,,,,,,,,,,,
The Fighting Temeraire - Turner.jpg,Outdoors,Public Domain,Rural Realm,Work,Cycle of life,Beauty,Greatness,New Directions,Nature Interaction,Elegance,,,,,,,
The Hay Wain - Constable.jpg,Farm/grassland,Buildings,Beauty,Bountiful/Giving,,,,,,,,,,,,,
The Kiss - Hayez.jpg,Indoors,Private Domain,,Recreation,Communication,Government,Government,Social Consciousness,Love,Drama,Patriotism,Intimacy,,,,,
The Lonely Tree - Friedrich.jpg,Mountain,,Peaceful,Beauty,Isolation,Strength,,,,,,,,,,,
The Massacre at Chios - Delacroix.jpg,History Subgenre,Outdoors,Public Domain,Rural Realm,Rest/Liesure,Violence,Conflict,,Government,Cycle of life,Morality,Fear,Ugly,Strife/Pain,Drama,,
The Monk by the Sea - Friedrich.jpg,Outdoors,Private Domain,Rural Realm,Recreation,Education,Spirituality,Isolation,Vacancy,Nature Interaction,Mystery,,,,,,,
The Nightmare - Fuseli.jpg,Indoors,Private Domain,,Rest/Liesure,Conflict,the Mind,Drama,Fear,Sexuality,Ugly,,,,,,,
The Ninth Wave - Aivazovsky.jpg,Sea/Ocean,Human(s),Power,Danger,Unforgiving,Drama,Fear,Nature Interaction,Beauty,Strength,,,,,,,
The Sea of Ice - Friedrich.jpg,Sea/Ocean,,Power,Unforgiving,Fear,Nature Interaction,Sadness,,,,,,,,,,
The Second of May 1808 - Goya.jpg,History Subgenre,Outdoors,Public Domain,Urban Realm,Violence,Conflict,Government,Community/Family,Government,Power,Patriotism,Drama,Uneasiness,,,,
The Shipwreck - Turner.jpg,Outdoors,Public Domain,Rural Realm,Violence,Conflict,,Power,Greatness,Nature Interaction,Strength,Drama,Lively,,,,,
The Slave Ship - Turner.jpg,History Subgenre,Outdoors,Public Domain,Rural Realm,Work,Violence,,Cycle of life,Social Consciousness,Ugly,Nature Interaction,Drama,Lively,,,,
The Third of May 1808 - Goya.jpg,History Subgenre,Outdoors,Public Domain,Urban Realm,Violence,Conflict,Communication,Community/Family,Government,Government,Patriotism,Fear,Sadness,,,,
Watson and the Shark - Copley.jpg,History Subgenre,Outdoors,Public Domain,Urban Realm,Violence,Work,Power,Nature Interaction,Fear,Community/Family,Drama,Strife/Pain,Strength,,,,
Witches' Flight - Goya.jpg,Outdoors,Private Domain,Rural Realm,Festivity/Celebration,Violence,Conflict,Social Consciousness,the Mind,Drama,,,,,,,,
Witches' Sabbath - Goya.jpg,Outdoors,Public Domain,Rural Realm,Religious Action,Violence,Communication,,Social Consciousness,Drama,Morality,,,,,,,
Wreckers Coast of Northumberland - Turner.jpg,History Subgenre,Outdoors,Public Domain,Rural Realm,Work,Violence,Power,Nature Interaction,Greatness,,,,,,,,
Bridal Procession on the  Hardangerfjord - Gude.jpeg,Outdoors,Public Domain,Rural Realm,Festivity/Celebration,Recreation,Community/Family,Beauty,Love,Nature Interaction,Patriotism,Joy,,,,,,
Chalk Cliffs on Rugen - Friedrich.jpeg,Outdoors,Private Domain,Rural Realm,Recreation,Cycle of life,Beauty,Love,Hope,Peace,Nature Interaction,,,,,,,
Lady Libert Leading the People - Delocroix.jpeg,Allegorical Subgenre,Outdoors,Public Domain,Urban Realm,Violence,Festivity/Celebration,Work,,Community/Family,Government,Government,Social Consciousness,Patriotism,Drama,Lively,Greatness,
The Raft of the Medusa - Geriacault.jpeg,History Subgenre,Outdoors,Public Domain,Rural Realm,Conflict,Violence,,Cycle of life,the Body,the Mind,Ugly,Drama,Strife/Pain,Nature Interaction,Lively,,
Wanderer above the sea of fog - Friedrich.jpeg,Outdoors,Private Domain,Rural Realm,Recreation,Spirituality,Beauty,Occupation of Time,Peace,Nature Interaction,Harmony,,,,,,,
A dream caused by the flight of a bee - Dal.jpg,Outdoors,Private Domain,,Rest/Liesure,Conflict,Power,the Mind,Drama,Uneasiness,Sensual,Sexuality,,,,,,
Apparition of Face and Fruit Dish on a Beach - Dali.jpg,Beach,,Mystery,Uneasiness,Deconstruction,the Mind,,,,,,,,,,,
Battle of Fishes - Masson.jpg,,,,,,,,,,,,,,,,,
Christ of St John of the Cross - Dali.jpg,Religious Subgenre,Outdoors,Private Domain,Rural Realm,Violence,Religious Action,Spirituality,Cycle of life,the Mind,,,,,,,,
Elephants - Dali.jpg,Outdoors,Private Domain,Rural Realm,Chores,the Mind,Beauty,Harmony,,,,,,,,,,
Europe after the Rain II - Ernst.jpg,Farm/grassland,Buildings,War,Exhaustion,Strife/Pain,Ugly,,Fear,Uneasiness,,,,,,,,
Galatea of the Spheres - Dali.jpg,Other/Self/Personal,Beauty/Ideal,Deconstruction,the Mind,Science,Greatness,,,,,,,,,,,
Geopoliticus Child Watching the Birth of the New Man - Dali.jpg,Outdoors,Private Domain,,Chores,Cycle of life,Social Consciousness,the Mind,Hope,Love,New Directions,,,,,,,
Girl with Death Mask - Kahlo.jpg,Commoner,Cycle of life,Spirituality,Sadness,Isolation,Festivity,Community/Family,,,,,,,,,,
Golconda - Magritte.jpg,Outdoors,Public Domain,Urban Realm,,Social Consciousness,the Mind,Deconstruction,Harmony,,,,,,,,,
Grandma Moorheads aromatic cuisine - Carrington.jpg,Indoors,Private Domain,,Dining,Chores,Community/Family,Social Consciousness,Spirituality,Gender,the Mind,,,,,,,
Hand with Reflecting Mirror - Escher.jpg,Other/Self/Personal,the Mind,Deconstruction,,,,,,,,,,,,,,
Harlequin's Carnival - Miro.jpg,Indoors,Public Domain,,Recreation,Festivity/Celebration,the Mind,Beauty,Joy,Lively,Harmony,,,,,,,
Landscape - Breton.jpg,Indoors,Private Domain,,Festivity/Celebration,the Mind,Lively,,,,,,,,,,,
Mama Papa is Wounded - Tanguy.jpg,Outdoors,Private Domain,Rural Realm,,Community/Family,the Mind,Vacancy,Uneasiness,Sadness,,,,,,,,
Man in a Bowler Hat - Magritte.jpg,Commoner,Detachment,Vacancy,the Mind,Mystery,Freshness,,,,,,,,,,,
Marxism will heal the sick - Kahlo.jpg,Outdoors,Private Domain,,Communication,Government,Social Consciousness,the Mind,,,,,,,,,,
Melting Watch - Dali.jpg,Outdoors,Private Domain,,,the Mind,Mystery,Deconstruction,Color,,,,,,,,,
Metamorphosis of Narcissus - Dali.jpg,Mythological Subgenre,Outdoors,Private Domain,,Rest/Liesure,Conflict,the Mind,Deconstruction,Lively,Drama,,,,,,,
Not to be Reproduced - Magritte.jpg,Indoors,Private Domain,,Conflict,the Mind,,,,,,,,,,,,
Persistence of Memory - Dali.jpg,Beach,,Beauty,the Mind,Mystery,New Directions,,,,,,,,,,,
Philosopher's Lamp - Magritte.jpg,Other/Self/Personal,Exhaustion,Strife/Pain,the Mind,Thoughtful,Science,,,,,,,,,,,
Self Portrait - Carrington.jpg,Other/Self/Personal,Thoughtful,Serious,the Mind,Independence,,,,,,,,,,,,
Swans Reflecting Elephants - Dali.jpg,Outdoors,Private Domain,Rural Realm,Rest/Liesure,the Mind,Deconstruction,Nature Interaction,,,,,,,,,,
The Anti-pope - Ernst.jpg,Outdoors,Private Domain,,Conflict,Community/Family,the Mind,Love,Sexuality,Drama,Uneasiness,,,,,,,
The Barbarians - Ernst.jpg,Outdoors,Public Domain,Rural Realm,,the Mind,Texture,Deconstruction,Uneasiness,,,,,,,,,
The Burning Giraffe - Dali.jpg,Outdoors,Private Domain,Rural Realm,Conflict,Violence,Science,Government,Social Consciousness,the Mind,Strife/Pain,Uneasiness,,,,,,
The Castle of the Pyrenees - Magritte.jpg,Sea/Ocean,,Mystery,the Mind,Deconstruction,Hope,,,,,,,,,,,
The Disintegration of the Persistence of Memory - Dali.jpg,Beach,,the Mind,New Directions,Deconstruction,Mystery,,,,,,,,,,,
The Elephant Celebes - Ernst.jpg,Outdoors,Public Domain,Rural Realm,Conflict,the Mind,Deconstruction,,,,,,,,,,,
The Giantess - Carrington.jpg,Commoner,Greatness,the Mind,Harmony,Power,,,,,,,,,,,,
The Great Masturbator - Dali.jpg,Outdoors,Private Domain,Rural Realm,Recreation,Conflict,the Mind,the Body,Drama,Sexuality,Deconstruction,Uneasiness,,,,,,
The Lovers - Magritte.jpg,Indoors,Private Domain,,Recreation,the Mind,Love,Drama,Vacancy,Detachment,Intimacy,Harmony,,,,,,
The Menaced Assassin - Magritte.jpg,Indoors,Private Domain,,Violence,Recreation,Conflict,Cycle of life,the Mind,Drama,Uneasiness,,,,,,,
The Sacrament of the Last Supper - Dali.jpg,Religious Subgenre,Indoors,Private Domain,Rural Realm,Dining,Communication,Spirituality,Cycle of life,Science,the Mind,Deconstruction,Harmony,Religious,,,,
The Son of Man - Magritte.jpg,Commoner,the Mind,Detachment,Vacancy,Social Consciousness,,,,,,,,,,,,
The Temptation of St Anthony - Dali.jpg,Religious Subgenre,Outdoors,Private Domain,Rural Realm,Conflict,Spirituality,the Mind,Morality,Sexuality,Drama,Strength,Greatness,,,,,
The Treachery of Images - Magritte.jpg,,,,,,,,,,,,,,,,,
The Triumph of Surrealism - Ernst.jpg,Other/Self/Personal,Joy,the Mind,Social Consciousness,Deconstruction,Lively,,,,,,,,,,,
Tilled Field - Miro.jpg,Farm/grassland,Animals,Bountiful/Giving,Spirituality,Social Consciousness,Joy,Lively,Deconstruction,,,,,,,,,
Time Transfixed - Magritte.jpg,Indoors,Private Domain,,,the Mind,,,,,,,,,,,,
Tuna Fishing - Dali.jpg,Outdoors,Public Domain,Rural Realm,Work,Violence,Spirituality,the Mind,Deconstruction,Lively,Drama,Nature Interaction,Uneasiness,,,,,
White Crucifixion - Chagall.jpg,Religious Subgenre,Outdoors,Public Domain,Rural Realm,Religious Action,Conflict,Spirituality,Cycle of life,the Mind,Deconstruction,Strife/Pain,,,,,,
Without Hope - Kahlo.jpg,Other/Self/Personal,Strife/Pain,Ugly,Uneasiness,Isolation,Sadness,,,,,,,,,,,
Woman Old Man and Flower - Ernst.jpg,Outdoors,Public Domain,Rural Realm,,the Mind,Deconstruction,,,,,,,,,,,
Portrait of Max Ernst - Carrington.jpeg,Thinker/Artist,Greatness,Love,Casual,Intimacy,,,,,,,,,,,,
The Broken Column - Kahlo.jpeg,Other/Self/Personal,Power,Strife/Pain,Serious,Confidence,Spirituality,Sexuality,Deconstruction,Strength,,,,,,,,
The Hallucinogenic Toreador - Dali.jpeg,City,,Color,Social Consciousness,Deconstruction,Lively,,,,,,,,,,,
The Robing of the Bride - Ernst.jpeg,Indoors,Private Domain,,Chores,the Body,the Mind,Beauty,Ugly,Sexuality,Texture,,,,,,,
Random0.jpg,Random,,,,,,,,,,,,,,,,
Random1.jpg,Random,,,,,,,,,,,,,,,,
Random10.jpg,Random,,,,,,,,,,,,,,,,
Random11.jpg,Random,,,,,,,,,,,,,,,,
Random12.jpg,Random,,,,,,,,,,,,,,,,
Random13.jpg,Random,,,,,,,,,,,,,,,,
Random14.jpg,Random,,,,,,,,,,,,,,,,
Random15.jpg,Random,,,,,,,,,,,,,,,,
Random16.jpg,Random,,,,,,,,,,,,,,,,
Random17.jpg,Random,,,,,,,,,,,,,,,,
Random18.jpg,Random,,,,,,,,,,,,,,,,
Random19.jpg,Random,,,,,,,,,,,,,,,,
Random2.jpg,Random,,,,,,,,,,,,,,,,
Random20.jpg,Random,,,,,,,,,,,,,,,,
Random21.jpg,Random,,,,,,,,,,,,,,,,
Random22.jpg,Random,,,,,,,,,,,,,,,,
Random23.jpg,Random,,,,,,,,,,,,,,,,
Random24.jpg,Random,,,,,,,,,,,,,,,,
Random25.jpg,Random,,,,,,,,,,,,,,,,
Random26.jpg,Random,,,,,,,,,,,,,,,,
Random27.jpg,Random,,,,,,,,,,,,,,,,
Random28.jpg,Random,,,,,,,,,,,,,,,,
Random29.jpg,Random,,,,,,,,,,,,,,,,
Random3.jpg,Random,,,,,,,,,,,,,,,,
Random30.jpg,Random,,,,,,,,,,,,,,,,
Random31.jpg,Random,,,,,,,,,,,,,,,,
Random32.jpg,Random,,,,,,,,,,,,,,,,
Random33.jpg,Random,,,,,,,,,,,,,,,,
Random34.jpg,Random,,,,,,,,,,,,,,,,
Random35.jpg,Random,,,,,,,,,,,,,,,,
Random36.jpg,Random,,,,,,,,,,,,,,,,
Random37.jpg,Random,,,,,,,,,,,,,,,,
Random38.jpg,Random,,,,,,,,,,,,,,,,
Random39.jpg,Random,,,,,,,,,,,,,,,,
Random4.jpg,Random,,,,,,,,,,,,,,,,
Random40.jpg,Random,,,,,,,,,,,,,,,,
Random41.jpg,Random,,,,,,,,,,,,,,,,
Random42.jpg,Random,,,,,,,,,,,,,,,,
Random43.jpg,Random,,,,,,,,,,,,,,,,
Random44.jpg,Random,,,,,,,,,,,,,,,,
Random45.jpg,Random,,,,,,,,,,,,,,,,
Random46.jpg,Random,,,,,,,,,,,,,,,,
Random47.jpg,Random,,,,,,,,,,,,,,,,
Random48.jpg,Random,,,,,,,,,,,,,,,,
Random5.jpg,Random,,,,,,,,,,,,,,,,
Random6.jpg,Random,,,,,,,,,,,,,,,,
Random7.jpg,Random,,,,,,,,,,,,,,,,
Random8.jpg,Random,,,,,,,,,,,,,,,,
Random9.jpg,Random,,,,,,,,,,,,,,,,
RandomShapes0.jpg,Random Shapes,,,,,,,,,,,,,,,,
RandomShapes1.jpg,Random Shapes,,,,,,,,,,,,,,,,
RandomShapes10.jpg,Random Shapes,,,,,,,,,,,,,,,,
RandomShapes11.jpg,Random Shapes,,,,,,,,,,,,,,,,
RandomShapes12.jpg,Random Shapes,,,,,,,,,,,,,,,,
RandomShapes13.jpg,Random Shapes,,,,,,,,,,,,,,,,
RandomShapes14.jpg,Random Shapes,,,,,,,,,,,,,,,,
RandomShapes15.jpg,Random Shapes,,,,,,,,,,,,,,,,
RandomShapes16.jpg,Random Shapes,,,,,,,,,,,,,,,,
RandomShapes17.jpg,Random Shapes,,,,,,,,,,,,,,,,
RandomShapes18.jpg,Random Shapes,,,,,,,,,,,,,,,,
RandomShapes19.jpg,Random Shapes,,,,,,,,,,,,,,,,
RandomShapes2.jpg,Random Shapes,,,,,,,,,,,,,,,,
RandomShapes20.jpg,Random Shapes,,,,,,,,,,,,,,,,
RandomShapes21.jpg,Random Shapes,,,,,,,,,,,,,,,,
RandomShapes22.jpg,Random Shapes,,,,,,,,,,,,,,,,
RandomShapes23.jpg,Random Shapes,,,,,,,,,,,,,,,,
RandomShapes24.jpg,Random Shapes,,,,,,,,,,,,,,,,
RandomShapes25.jpg,Random Shapes,,,,,,,,,,,,,,,,
RandomShapes26.jpg,Random Shapes,,,,,,,,,,,,,,,,
RandomShapes27.jpg,Random Shapes,,,,,,,,,,,,,,,,
RandomShapes28.jpg,Random Shapes,,,,,,,,,,,,,,,,
RandomShapes29.jpg,Random Shapes,,,,,,,,,,,,,,,,
RandomShapes3.jpg,Random Shapes,,,,,,,,,,,,,,,,
RandomShapes30.jpg,Random Shapes,,,,,,,,,,,,,,,,
RandomShapes31.jpg,Random Shapes,,,,,,,,,,,,,,,,
RandomShapes32.jpg,Random Shapes,,,,,,,,,,,,,,,,
RandomShapes33.jpg,Random Shapes,,,,,,,,,,,,,,,,
RandomShapes34.jpg,Random Shapes,,,,,,,,,,,,,,,,
RandomShapes35.jpg,Random Shapes,,,,,,,,,,,,,,,,
RandomShapes36.jpg,Random Shapes,,,,,,,,,,,,,,,,
RandomShapes37.jpg,Random Shapes,,,,,,,,,,,,,,,,
RandomShapes38.jpg,Random Shapes,,,,,,,,,,,,,,,,
RandomShapes39.jpg,Random Shapes,,,,,,,,,,,,,,,,
RandomShapes4.jpg,Random Shapes,,,,,,,,,,,,,,,,
RandomShapes40.jpg,Random Shapes,,,,,,,,,,,,,,,,
RandomShapes41.jpg,Random Shapes,,,,,,,,,,,,,,,,
RandomShapes42.jpg,Random Shapes,,,,,,,,,,,,,,,,
RandomShapes43.jpg,Random Shapes,,,,,,,,,,,,,,,,
RandomShapes44.jpg,Random Shapes,,,,,,,,,,,,,,,,
RandomShapes45.jpg,Random Shapes,,,,,,,,,,,,,,,,
RandomShapes46.jpg,Random Shapes,,,,,,,,,,,,,,,,
RandomShapes47.jpg,Random Shapes,,,,,,,,,,,,,,,,
RandomShapes48.jpg,Random Shapes,,,,,,,,,,,,,,,,
RandomShapes5.jpg,Random Shapes,,,,,,,,,,,,,,,,
RandomShapes6.jpg,Random Shapes,,,,,,,,,,,,,,,,
RandomShapes7.jpg,Random Shapes,,,,,,,,,,,,,,,,
RandomShapes8.jpg,Random Shapes,,,,,,,,,,,,,,,,
RandomShapes9.jpg,Random Shapes,,,,,,,,,,,,,,,,
uniform0.jpg,Uniform,,,,,,,,,,,,,,,,
uniform1.jpg,Uniform,,,,,,,,,,,,,,,,
uniform10.jpg,Uniform,,,,,,,,,,,,,,,,
uniform11.jpg,Uniform,,,,,,,,,,,,,,,,
uniform12.jpg,Uniform,,,,,,,,,,,,,,,,
uniform13.jpg,Uniform,,,,,,,,,,,,,,,,
uniform14.jpg,Uniform,,,,,,,,,,,,,,,,
uniform15.jpg,Uniform,,,,,,,,,,,,,,,,
uniform16.jpg,Uniform,,,,,,,,,,,,,,,,
uniform17.jpg,Uniform,,,,,,,,,,,,,,,,
uniform18.jpg,Uniform,,,,,,,,,,,,,,,,
uniform19.jpg,Uniform,,,,,,,,,,,,,,,,
uniform2.jpg,Uniform,,,,,,,,,,,,,,,,
uniform20.jpg,Uniform,,,,,,,,,,,,,,,,
uniform21.jpg,Uniform,,,,,,,,,,,,,,,,
uniform22.jpg,Uniform,,,,,,,,,,,,,,,,
uniform23.jpg,Uniform,,,,,,,,,,,,,,,,
uniform24.jpg,Uniform,,,,,,,,,,,,,,,,
uniform25.jpg,Uniform,,,,,,,,,,,,,,,,
uniform26.jpg,Uniform,,,,,,,,,,,,,,,,
uniform27.jpg,Uniform,,,,,,,,,,,,,,,,
uniform28.jpg,Uniform,,,,,,,,,,,,,,,,
uniform29.jpg,Uniform,,,,,,,,,,,,,,,,
uniform3.jpg,Uniform,,,,,,,,,,,,,,,,
uniform30.jpg,Uniform,,,,,,,,,,,,,,,,
uniform31.jpg,Uniform,,,,,,,,,,,,,,,,
uniform32.jpg,Uniform,,,,,,,,,,,,,,,,
uniform33.jpg,Uniform,,,,,,,,,,,,,,,,
uniform34.jpg,Uniform,,,,,,,,,,,,,,,,
uniform35.jpg,Uniform,,,,,,,,,,,,,,,,
uniform37.jpg,Uniform,,,,,,,,,,,,,,,,
uniform38.jpg,Uniform,,,,,,,,,,,,,,,,
uniform39.jpg,Uniform,,,,,,,,,,,,,,,,
uniform4.jpg,Uniform,,,,,,,,,,,,,,,,
uniform40.jpg,Uniform,,,,,,,,,,,,,,,,
uniform41.jpg,Uniform,,,,,,,,,,,,,,,,
uniform42.jpg,Uniform,,,,,,,,,,,,,,,,
uniform43.jpg,Uniform,,,,,,,,,,,,,,,,
uniform44.jpg,Uniform,,,,,,,,,,,,,,,,
uniform45.jpg,Uniform,,,,,,,,,,,,,,,,
uniform46.jpg,Uniform,,,,,,,,,,,,,,,,
uniform47.jpg,Uniform,,,,,,,,,,,,,,,,
uniform48.jpg,Uniform,,,,,,,,,,,,,,,,
uniform49.jpg,Uniform,,,,,,,,,,,,,,,,
uniform5.jpg,Uniform,,,,,,,,,,,,,,,,
uniform6.jpg,Uniform,,,,,,,,,,,,,,,,
uniform7.jpg,Uniform,,,,,,,,,,,,,,,,
uniform8.jpg,Uniform,,,,,,,,,,,,,,,,
uniform9.jpg,Uniform,,,,,,,,,,,,,,,,
