Name,Depth,Contrast,Value,Lines
A Woman playing a clavichord.jpg,Normal/Regular Depth,Normal Contrast,Balanced Value,Distinct Lines
Aristotle with a bust of homer - Rembrant.jpg,Shallow Depth,High Contrast,Dark Value,Intermediate Lines
Bacchanal before a Statue of Pan - Poussin.jpg,Normal/Regular Depth,Low Contrast,Light Value,Distinct Lines
Charles I with M. de St. Antoine - van Dyck.jpg,Normal/Regular Depth,Normal Contrast,Light Value,Distinct Lines
Death of the Virgin - Caravaggio.jpg,Shallow Depth,High Contrast,Dark Value,Distinct Lines
Deposition - Caravaggio.jpg,Shallow Depth,High Contrast,Balanced Value,Distinct Lines
Education of the Princess - Paul Reubens.jpg,Normal/Regular Depth,Normal Contrast,Balanced Value,Distinct Lines
Girl with a pearl earring - vermeer.jpg,Shallow Depth,High Contrast,Balanced Value,Distinct Lines
Judith and her maidservant with the head of Holofernes - Gentileschi.jpg,Shallow Depth,High Contrast,Dark Value,Distinct Lines
Judith Slaying Holofernes - Gentileschi.jpg,Shallow Depth,Normal Contrast,Balanced Value,Distinct Lines
las meninas - Velazquez.jpg,Deep Depth,Normal Contrast,Balanced Value,Distinct Lines
Louis XIV - Rigaud.jpg,Shallow Depth,Normal Contrast,Light Value,Distinct Lines
Old Woman Cooking Eggs - 1618.jpg,Shallow Depth,High Contrast,Balanced Value,Distinct Lines
Portrait of Charles II - Wright.jpg,Shallow Depth,Low Contrast,Balanced Value,Distinct Lines
Quince Cabbage Melon and Cucumber - Cotan.jpg,Shallow Depth,High Contrast,Dark Value,Distinct Lines
Samson and Delilah - Rubens.jpg,Normal/Regular Depth,High Contrast,Dark Value,Distinct Lines
Samson and Delilah - van Dyck.jpg,Normal/Regular Depth,Normal Contrast,Balanced Value,Distinct Lines
Self Portrait - Rembrant.jpg,Shallow Depth,High Contrast,Dark Value,Intermediate Lines
Self-portrait - Leyster.jpg,Shallow Depth,Low Contrast,Light Value,Distinct Lines
Singing boy with a flute - Hals.jpg,Shallow Depth,Normal Contrast,Balanced Value,Distinct Lines
St. John the Baptist in Wilderness - Caravaggio.jpg,Shallow Depth,High Contrast,Balanced Value,Distinct Lines
Still life with a sliver ewer - Kalf.jpg,Shallow Depth,High Contrast,Dark Value,Distinct Lines
Still Life with Ebony Chest - Pereda.jpg,Shallow Depth,Normal Contrast,Balanced Value,Distinct Lines
Still Life with Flowers etc - Peeters.jpg,Shallow Depth,Normal Contrast,Balanced Value,Distinct Lines
The Anatomy Lesson of Dr. Nicolaes Tuple - Rembrant.jpg,Shallow Depth,Normal Contrast,Dark Value,Distinct Lines
The Arrival of Marie de Medici at Marseille - rubens.jpg,Shallow Depth,Normal Contrast,Light Value,Distinct Lines
The art of painting - vermeer.jpg,Normal/Regular Depth,Normal Contrast,Balanced Value,Distinct Lines
The Calling of Saint Matthew - Caravaggio.jpg,Normal/Regular Depth,High Contrast,Dark Value,Intermediate Lines
The Consequences of War - Rubens.jpg,Shallow Depth,Normal Contrast,Balanced Value,Intermediate Lines
The Crowning with Thorns - Caravaggio.jpg,Shallow Depth,Normal Contrast,Balanced Value,Distinct Lines
The Crucifixion of St. Peter - Caravaggio.jpg,Shallow Depth,High Contrast,Balanced Value,Distinct Lines
The Feast of St Nicholas - Steen.jpg,Normal/Regular Depth,Normal Contrast,Balanced Value,Distinct Lines
The Geographer - Vermeer.jpg,Normal/Regular Depth,Normal Contrast,Balanced Value,Distinct Lines
The Immaculate Conception of Los Venerables - Murillo.jpg,Shallow Depth,Normal Contrast,Balanced Value,Intermediate Lines
The Jewish Bride - Rembrant.jpg,Shallow Depth,Low Contrast,Dark Value,Intermediate Lines
The Jewish Cemetary - Ruisdael.jpg,Deep Depth,Normal Contrast,Balanced Value,Distinct Lines
The Martyrdom of Saint Serapion - Zurbaran.jpg,Shallow Depth,Normal Contrast,Balanced Value,Distinct Lines
The Night Watch - Rembrant.jpg,Deep Depth,High Contrast,Dark Value,Intermediate Lines
The Presentation of the Portrait of Marie de' Medici - Rubens.jpg,Deep Depth,Normal Contrast,Light Value,Distinct Lines
The Proposition - Leyster.jpg,Shallow Depth,High Contrast,Dark Value,Distinct Lines
The Rape of the Daughters of Leucippus.jpg,Deep Depth,Normal Contrast,Light Value,Distinct Lines
The Supper at Emmaus - Caravaggio.jpg,Normal/Regular Depth,Normal Contrast,Balanced Value,Distinct Lines
The Triumph of Bacchus - Velazquez.jpg,Normal/Regular Depth,Normal Contrast,Balanced Value,Distinct Lines
The Waterseller of Seville - Velazquez.jpg,Shallow Depth,High Contrast,Dark Value,Distinct Lines
Venus Mars and Cupid - Rubens.jpg,Normal/Regular Depth,High Contrast,Balanced Value,Distinct Lines
View of Haarlen with Bleaching Grounds - Ruisdael.jpg,Deep Depth,Normal Contrast,Light Value,Intermediate Lines
Vulcan's Forge - Velazquez.jpg,Normal/Regular Depth,Normal Contrast,Balanced Value,Distinct Lines
Woman with a water jug - Vermeer.jpg,Shallow Depth,Low Contrast,Light Value,Distinct Lines
Women Regents - Hals.jpg,Normal/Regular Depth,High Contrast,Dark Value,Intermediate Lines
Big Nude - Braque.jpg,Flat Depth,Low Contrast,Light Value,Intermediate Lines
Bottle and Fishes - Braque.jpg,Shallow Depth,Normal Contrast,Dark Value,Indistinct Lines
Bottle and Glass on a Table - Gris.jpg,Flat Depth,Normal Contrast,Light Value,Distinct Lines
Clarinet and Bottle of Rum on a Mantlepiece - Braque.jpg,Flat Depth,Low Contrast,Balanced Value,Indistinct Lines
Contrast of Forms - Leger.jpg,Shallow Depth,Low Contrast,Light Value,Distinct Lines
Cubist Self Portrait - Dali.jpg,Flat Depth,Low Contrast,Light Value,Indistinct Lines
Daniel-Henry Kahnweiler - Picasso.jpg,Flat Depth,Normal Contrast,Balanced Value,Indistinct Lines
Dora Maar au Chat - Picasso.jpg,Shallow Depth,Normal Contrast,Balanced Value,Distinct Lines
Fruit Dish and Glass - Braque.jpg,Flat Depth,Normal Contrast,Balanced Value,Indistinct Lines
Gala and the Angelus of Millet - Dali.jpg,Normal/Regular Depth,High Contrast,Balanced Value,Distinct Lines
Girl Before A Mirror - Picasso.jpg,Flat Depth,Low Contrast,Light Value,Distinct Lines
Girl with Mandolin - Picasso.jpg,Shallow Depth,Normal Contrast,Balanced Value,Intermediate Lines
Gueridon - Braque.jpg,Flat Depth,Normal Contrast,Balanced Value,Intermediate Lines
Guernica - Picasso.jpg,Flat Depth,High Contrast,Balanced Value,Intermediate Lines
Guitar - Picasso.jpg,Flat Depth,Low Contrast,Light Value,Distinct Lines
Houses at l'Estaque - Braque.jpg,Shallow Depth,Low Contrast,Dark Value,Intermediate Lines
Jacqueline Kneeling - Picasso.jpg,Shallow Depth,Normal Contrast,Balanced Value,Distinct Lines
L'Oiseau bleu - Metzinger.jpg,Flat Depth,Normal Contrast,Balanced Value,Indistinct Lines
La Femme aux Phlox - Gleizes.jpg,Shallow Depth,Normal Contrast,Light Value,Intermediate Lines
Ma Joile - Picasso.jpg,Flat Depth,Low Contrast,Dark Value,Indistinct Lines
Man with a Pipe - Picasso.jpg,Flat Depth,Low Contrast,Balanced Value,Indistinct Lines
Nature morte au compotier - Picasso.jpg,Flat Depth,Low Contrast,Light Value,Intermediate Lines
Nude Descending a Staircase - Duchamp.jpg,Flat Depth,Normal Contrast,Balanced Value,Indistinct Lines
Painter and Model - Picasso.jpg,Flat Depth,High Contrast,Balanced Value,Intermediate Lines
Paris Through a Window - Chagall.jpg,Normal/Regular Depth,Normal Contrast,Balanced Value,Distinct Lines
Portrait of Ambroise Vollard - Picasso.jpg,Flat Depth,Low Contrast,Dark Value,Indistinct Lines
Portrait of Dora Maar - Picasso.jpg,Flat Depth,High Contrast,Balanced Value,Distinct Lines
Portrait of Pablo Picasso - Gris.jpg,Flat Depth,Normal Contrast,Balanced Value,Intermediate Lines
Self Portrait with Seven Fingers - Chagall.jpg,Shallow Depth,High Contrast,Balanced Value,Distinct Lines
Still life with Clarinet - Braque.jpg,Flat Depth,Normal Contrast,Dark Value,Indistinct Lines
The City - Delaunay.jpg,Flat Depth,Normal Contrast,Balanced Value,Indistinct Lines
The City - Leger.jpg,Flat Depth,High Contrast,Balanced Value,Intermediate Lines
The Eiffel Tower - Delaunay.jpg,Shallow Depth,Normal Contrast,Light Value,Intermediate Lines
The Green Violinist - Chagall.jpg,Shallow Depth,Normal Contrast,Light Value,Distinct Lines
The Open Window - Gris.jpg,Shallow Depth,High Contrast,Balanced Value,Distinct Lines
The Portuguese - Braque.jpg,Flat Depth,Normal Contrast,Balanced Value,Indistinct Lines
The Reservoir - Picasso.jpg,Normal/Regular Depth,Normal Contrast,Light Value,Intermediate Lines
The Round Table - Braque.jpg,Shallow Depth,Low Contrast,Balanced Value,Distinct Lines
The Table - Gris.jpg,Flat Depth,Normal Contrast,Balanced Value,Indistinct Lines
Three Musicians - Picasso.jpg,Flat Depth,Low Contrast,Dark Value,Intermediate Lines
Three Women - Picasso.jpg,Shallow Depth,Normal Contrast,Dark Value,Intermediate Lines
Violin and Candlestick - Braque.jpg,Flat Depth,High Contrast,Balanced Value,Indistinct Lines
Violin and Checkerboard - Gris.jpg,Flat Depth,High Contrast,Balanced Value,Indistinct Lines
Violin and Guitar - Gris.jpg,Flat Depth,Normal Contrast,Balanced Value,Indistinct Lines
Violin and Palette - Braque.jpg,Shallow Depth,Normal Contrast,Balanced Value,Indistinct Lines
Woman in Hat with a Fur Collar - Picasso.jpg,Flat Depth,High Contrast,Light Value,Distinct Lines
Woman with Guitar - Braque.jpg,Flat Depth,Normal Contrast,Dark Value,Indistinct Lines
Zapata-style Landscape - Rivera.jpg,Shallow Depth,Normal Contrast,Light Value,Indistinct Lines
Guitar on a table - Gris.jpeg,Shallow Depth,Normal Contrast,Balanced Value,Intermediate Lines
All Saints - Kandinsky.jpg,Flat Depth,Low Contrast,Light Value,Intermediate Lines
All Saints I - Kandinsky.jpg,Flat Depth,Low Contrast,Light Value,Indistinct Lines
Blue Horse I - Marc.jpg,Shallow Depth,Normal Contrast,Balanced Value,Distinct Lines
Blue Horses - Marc.jpg,Shallow Depth,Normal Contrast,Balanced Value,Intermediate Lines
Boy Leading a Horse - Picasso.jpg,Shallow Depth,Normal Contrast,Light Value,Distinct Lines
Castle and Sun - Klee.jpg,Flat Depth,Low Contrast,Balanced Value,Distinct Lines
Death in a Sickroom - Munch.jpg,Normal/Regular Depth,Low Contrast,Balanced Value,Distinct Lines
Dog Lying in the Snow - Marc.jpg,Shallow Depth,Normal Contrast,Light Value,Distinct Lines
Evening on Karl Johan Street - Munch.jpg,Deep Depth,High Contrast,Balanced Value,Intermediate Lines
Fighting Forms - Marc.jpg,Flat Depth,High Contrast,Balanced Value,Indistinct Lines
Girls on the Bridge - Munch.jpg,Deep Depth,Normal Contrast,Balanced Value,Intermediate Lines
Grazing Horses IV - Marc.jpg,Normal/Regular Depth,Low Contrast,Light Value,Distinct Lines
Harmony in Red - Matisse.jpg,Flat Depth,Normal Contrast,Balanced Value,Distinct Lines
Hermits - Schiele.jpg,Flat Depth,Normal Contrast,Dark Value,Intermediate Lines
Improvisation 28 - Kandinsky.jpg,Flat Depth,High Contrast,Balanced Value,Intermediate Lines
L'Atelier Rouge - Matisse.jpg,Shallow Depth,Low Contrast,Light Value,Distinct Lines
Little Blue Horse - Marc.jpg,Flat Depth,Normal Contrast,Balanced Value,Intermediate Lines
Love and Pain - Munch.jpg,Shallow Depth,High Contrast,Dark Value,Intermediate Lines
Migrants - Portinari.jpg,Normal/Regular Depth,High Contrast,Dark Value,Distinct Lines
Nude at Rest - Balthus.jpg,Shallow Depth,Low Contrast,Light Value,Distinct Lines
Nude Sitting on a Divan - Modigliani.jpg,Shallow Depth,Normal Contrast,Balanced Value,Distinct Lines
Portrait of Luna Czechowski - Modigliani.jpg,Flat Depth,Low Contrast,Light Value,Distinct Lines
Portrait of Wally - Schiele.jpg,Flat Depth,High Contrast,Light Value,Intermediate Lines
Potsdamer Platz - Kirchner.jpg,Shallow Depth,High Contrast,Balanced Value,Intermediate Lines
Puberty - Munch.jpg,Shallow Depth,Normal Contrast,Dark Value,Distinct Lines
Seated Male Nude - Schiele.jpg,Shallow Depth,High Contrast,Light Value,Distinct Lines
Seated Nude - Modigliani.jpg,Shallow Depth,Normal Contrast,Balanced Value,Intermediate Lines
Seated Woman with Bent Knee - Schiele.jpg,Shallow Depth,Normal Contrast,Light Value,Distinct Lines
Self Portrait - Picasso.jpg,Flat Depth,High Contrast,Balanced Value,Distinct Lines
Self Portrait as a Soldier - Kirchner.jpg,Shallow Depth,Normal Contrast,Balanced Value,Intermediate Lines
Self Portrait with Chinese Lantern Plant - Schiele.jpg,Shallow Depth,High Contrast,Light Value,Intermediate Lines
Small Pleasures - Kandinsky.jpg,Flat Depth,Normal Contrast,Balanced Value,Indistinct Lines
Street Berlin - Kirchner.jpg,Normal/Regular Depth,High Contrast,Balanced Value,Intermediate Lines
Street Dresden - Kirchner.jpg,Deep Depth,Normal Contrast,Balanced Value,Intermediate Lines
The Absinthe Drinker - Picasso.jpg,Shallow Depth,Normal Contrast,Balanced Value,Distinct Lines
The Blue Rider - Kandinsky.jpg,Normal/Regular Depth,Normal Contrast,Balanced Value,Intermediate Lines
The Dance of Life - Munch.jpg,Normal/Regular Depth,Normal Contrast,Dark Value,Intermediate Lines
The Scream - Munch.jpg,Normal/Regular Depth,Normal Contrast,Dark Value,Intermediate Lines
The World Cow - Marc.jpg,Shallow Depth,Normal Contrast,Balanced Value,Intermediate Lines
The Yellow Man - Malfatti.jpg,Shallow Depth,High Contrast,Balanced Value,Distinct Lines
Tower of Blue Horses - Marc.jpg,Shallow Depth,Normal Contrast,Light Value,Intermediate Lines
Yellow Cow - Marc.jpg,Normal/Regular Depth,High Contrast,Balanced Value,Intermediate Lines
Young girl in a flowered hat - Jawlensky.jpg,Flat Depth,Normal Contrast,Balanced Value,Intermediate Lines
Young girl with yellow flowers in the glass - Becker.jpg,Shallow Depth,Normal Contrast,Balanced Value,Distinct Lines
Death and Fire - Klee.jpeg,Flat Depth,High Contrast,Light Value,Distinct Lines
Fish Magic - Klee.jpeg,Flat Depth,High Contrast,Dark Value,Distinct Lines
La Blouse Roumaine - Matisse.jpeg,Flat Depth,Low Contrast,Light Value,Distinct Lines
Portrait of Gertrude Stien - Picasso.jpeg,Shallow Depth,Normal Contrast,Dark Value,Distinct Lines
The Old Guitarist - Picasso.jpeg,Shallow Depth,Normal Contrast,Dark Value,Distinct Lines
Banks of the Seine at Chatou - Vlaminck.jpg,Shallow Depth,Normal Contrast,Balanced Value,Indistinct Lines
Boats at Martigues - Dufy.jpg,Deep Depth,Normal Contrast,Light Value,Distinct Lines
Bonheur de Vivre - Matisse.jpg,Normal/Regular Depth,Low Contrast,Light Value,Distinct Lines
Charing Cross Bridge - Derain.jpg,Shallow Depth,High Contrast,Balanced Value,Distinct Lines
Church Tower at Domburg - Mondrian.jpg,Normal/Regular Depth,High Contrast,Dark Value,Distinct Lines
Collioure Interior - Matisse.jpg,Shallow Depth,Low Contrast,Light Value,Intermediate Lines
Dance - Matisse.jpg,Flat Depth,Low Contrast,Balanced Value,Distinct Lines
Dune IV - Mondrain.jpg,Normal/Regular Depth,Low Contrast,Light Value,Indistinct Lines
Goldfish - Matisse.jpg,Shallow Depth,Normal Contrast,Balanced Value,Intermediate Lines
Lady in the hat - Mashkov.jpg,Shallow Depth,Normal Contrast,Light Value,Distinct Lines
Landscape near Antwerp - Braque.jpg,Deep Depth,Low Contrast,Light Value,Indistinct Lines
Landscape Near Chatou - Derain.jpg,Deep Depth,Normal Contrast,Balanced Value,Intermediate Lines
Landscape with Red Roofs - Vlaminck.jpg,Normal/Regular Depth,High Contrast,Balanced Value,Intermediate Lines
Le cafe Maure - Matisse.jpg,Shallow Depth,Low Contrast,Light Value,Distinct Lines
Les Toit de Collioure - Matisse.jpg,Deep Depth,Low Contrast,Light Value,Indistinct Lines
Luxe - Matisse.jpg,Deep Depth,Low Contrast,Light Value,Intermediate Lines
Mountains at Collioure - Derain.jpg,Deep Depth,Normal Contrast,Light Value,Intermediate Lines
Notre Dame - Matisse.jpg,Deep Depth,Normal Contrast,Balanced Value,Intermediate Lines
Portrait of Andre Derain - Matisse.jpg,Shallow Depth,Normal Contrast,Light Value,Intermediate Lines
Portrait of Matisse - Derain.jpg,Shallow Depth,Normal Contrast,Balanced Value,Intermediate Lines
Portrait of the Son - Konchalovsky.jpg,Normal/Regular Depth,Normal Contrast,Balanced Value,Intermediate Lines
Prades the Village - Miro.jpg,Deep Depth,Normal Contrast,Balanced Value,Distinct Lines
Regent Street - Derain.jpg,Normal/Regular Depth,Normal Contrast,Balanced Value,Indistinct Lines
Self Portrait - Matisse.jpg,Shallow Depth,Normal Contrast,Balanced Value,Distinct Lines
Ship at La Harve - Braque.jpg,Deep Depth,Normal Contrast,Balanced Value,Intermediate Lines
Street Lamp - Marquet.jpg,Normal/Regular Depth,Normal Contrast,Light Value,Intermediate Lines
The Blue Nude - Matisse.jpg,Shallow Depth,High Contrast,Balanced Value,Intermediate Lines
The Blue Window - Matisse.jpg,Flat Depth,Low Contrast,Light Value,Intermediate Lines
The Corn Poppy - Dongen.jpg,Flat Depth,Normal Contrast,Light Value,Distinct Lines
The Dance - Derain.jpg,Flat Depth,Normal Contrast,Balanced Value,Distinct Lines
The Estaque - Braque.jpg,Deep Depth,Normal Contrast,Balanced Value,Intermediate Lines
The Green Line - Matisse.jpg,Shallow Depth,Low Contrast,Light Value,Distinct Lines
The Moulade - Matisse.jpg,Normal/Regular Depth,Low Contrast,Light Value,Indistinct Lines
The Open Window - Matisse.jpg,Deep Depth,Low Contrast,Light Value,Intermediate Lines
The Turning Road - Derain.jpg,Deep Depth,Normal Contrast,Balanced Value,Distinct Lines
Turkisches Cafe - Macke.jpg,Shallow Depth,Low Contrast,Light Value,Distinct Lines
Windmill in Sunlight - Mondrain.jpg,Normal/Regular Depth,High Contrast,Balanced Value,Intermediate Lines
Window Opening on Nice - Dufy.jpg,Deep Depth,Low Contrast,Light Value,Intermediate Lines
Woman with a Hat - Matisse.jpg,Shallow Depth,Normal Contrast,Balanced Value,Intermediate Lines
Zorah on the Terrace - Matisse.jpg,Shallow Depth,High Contrast,Balanced Value,Distinct Lines
Bougival - Vlaminck.jpeg,Deep Depth,Normal Contrast,Balanced Value,Intermediate Lines
Portrait of Derain - Vlaminck.jpeg,Flat Depth,Low Contrast,Light Value,Intermediate Lines
Posters at Trouville - Dufy.jpeg,Normal/Regular Depth,Normal Contrast,Balanced Value,Intermediate Lines
Self Portrait with a Cap - Derain.jpeg,Normal/Regular Depth,High Contrast,Balanced Value,Distinct Lines
Still life with Grapes - Mashov.jpeg,Shallow Depth,High Contrast,Dark Value,Distinct Lines
The Piano Lesson - Matisse.jpeg,Flat Depth,Normal Contrast,Balanced Value,Distinct Lines
The Red Mill - Mondrian.jpeg,Shallow Depth,Normal Contrast,Dark Value,Distinct Lines
The River Seine at Chatou - Vlaminck.jpeg,Deep Depth,Normal Contrast,Light Value,Intermediate Lines
Tugboat on the Siene - Vlaminck.jpeg,Deep Depth,Low Contrast,Light Value,Intermediate Lines
A Girl with a Watering Can - Renoir.jpg,Normal/Regular Depth,Low Contrast,Light Value,Intermediate Lines
A Stream Beneath the Poplars - Perry.jpg,Deep Depth,Normal Contrast,Balanced Value,Indistinct Lines
At the Races in the Countryside - degas.jpg,Deep Depth,Normal Contrast,Light Value,Distinct Lines
Autumn Effect at Argenteuil - Monet.jpg,Deep Depth,Low Contrast,Light Value,Indistinct Lines
Autumn-Banks of the Seine near Bougival - Sisley.jpg,Deep Depth,Normal Contrast,Light Value,Indistinct Lines
Boulevard de Capucines - Monet.jpg,Normal/Regular Depth,Normal Contrast,Balanced Value,Indistinct Lines
Cafe-Concert at Les Ambassadeurs - Degas.jpg,Normal/Regular Depth,Normal Contrast,Balanced Value,Intermediate Lines
Camille Monet and a Child in the Artist's Garden at Argenteuil - Monet.jpg,Shallow Depth,Normal Contrast,Light Value,Intermediate Lines
Caprice in Purple and Gold - Whistler.jpg,Shallow Depth,Normal Contrast,Balanced Value,Distinct Lines
Cliff Walk at Pourville - Monet.jpg,Deep Depth,Low Contrast,Light Value,Indistinct Lines
Dal du moulin de la Galette - Renoir.jpg,Deep Depth,Normal Contrast,Balanced Value,Distinct Lines
Girl with Peaches - Serov.jpg,Normal/Regular Depth,Normal Contrast,Light Value,Distinct Lines
Grainstack - Monet.jpg,Normal/Regular Depth,Normal Contrast,Balanced Value,Indistinct Lines
Haystacks - Monet.jpg,Deep Depth,Normal Contrast,Light Value,Intermediate Lines
Hoarfrost - Pissarro.jpg,Normal/Regular Depth,Low Contrast,Light Value,Distinct Lines
Hunting Butterflies - Morisot.jpg,Normal/Regular Depth,Normal Contrast,Balanced Value,Intermediate Lines
In the Loge - Cassatt.jpg,Deep Depth,Low Contrast,Light Value,Intermediate Lines
La Gare Saint-Lazare - Monet.jpg,Deep Depth,Low Contrast,Light Value,Indistinct Lines
La Loge - Renoir.jpg,Shallow Depth,Normal Contrast,Balanced Value,Distinct Lines
La Promenade - Renoir.jpg,Shallow Depth,Normal Contrast,Balanced Value,Intermediate Lines
Les Bain a la Grenoullere - Monet.jpg,Deep Depth,Low Contrast,Light Value,Intermediate Lines
Little Girl in a Blue Armchair - Cassatt.jpg,Normal/Regular Depth,Normal Contrast,Balanced Value,Distinct Lines
Luncheon on the Grass - Monet.jpg,Normal/Regular Depth,Normal Contrast,Balanced Value,Distinct Lines
Madame Georges Charpentier - Renoir.jpg,Shallow Depth,Normal Contrast,Balanced Value,Distinct Lines
Man at his Bath - Caillebotte.jpg,Shallow Depth,High Contrast,Balanced Value,Distinct Lines
Poplars - Monet.jpg,Normal/Regular Depth,Low Contrast,Light Value,Intermediate Lines
Study - Renior.jpg,Shallow Depth,Low Contrast,Light Value,Intermediate Lines
The Basin at Argenteuil - Monet.jpg,Deep Depth,Normal Contrast,Light Value,Intermediate Lines
The Bellelli Family - Degas.jpg,Shallow Depth,Normal Contrast,Balanced Value,Distinct Lines
The Childs Bath - Cassatt.jpg,Shallow Depth,Low Contrast,Balanced Value,Distinct Lines
The Cradle - Morisot.jpg,Shallow Depth,Low Contrast,Light Value,Intermediate Lines
The Girl Covered by the Sun - Serov.jpg,Deep Depth,Normal Contrast,Balanced Value,Intermediate Lines
The Grands Boulevard - Renoir.jpg,Normal/Regular Depth,Normal Contrast,Balanced Value,Indistinct Lines
The Harbor at Lorient - Morisot.jpg,Deep Depth,Low Contrast,Light Value,Intermediate Lines
The Swing - Renoir.jpg,Normal/Regular Depth,Low Contrast,Light Value,Intermediate Lines
The Water Lilies - Monet.jpg,Shallow Depth,Low Contrast,Light Value,Intermediate Lines
Two Sisters - Renoir.jpg,Deep Depth,Low Contrast,Light Value,Indistinct Lines
Visit to a Museum - Degas.jpg,Normal/Regular Depth,Normal Contrast,Balanced Value,Indistinct Lines
Woman with the Pearl Necklace - Cassatt.jpg,Normal/Regular Depth,Normal Contrast,Light Value,Intermediate Lines
Women in the Garden - Monet.jpg,Shallow Depth,Normal Contrast,Balanced Value,Distinct Lines
Floor Scrappers - Caillebotte.jpeg,Normal/Regular Depth,Low Contrast,Dark Value,Distinct Lines
Impression Sunrise - Monet.jpeg,Normal/Regular Depth,Low Contrast,Light Value,Indistinct Lines
Luncheon of the Boating Party - Renoir.jpeg,Normal/Regular Depth,Low Contrast,Light Value,Distinct Lines
Paris Street Rainy Day - Caillebotte.jpeg,Deep Depth,Low Contrast,Light Value,Distinct Lines
Poppies - Monet.jpeg,Deep Depth,Low Contrast,Light Value,Distinct Lines
The Ballet Class - Degas.jpeg,Deep Depth,Normal Contrast,Balanced Value,Distinct Lines
The Boulevard Montmarte - Pissaro.jpeg,Deep Depth,High Contrast,Dark Value,Indistinct Lines
Woman with a Parasol - Monet.jpeg,Normal/Regular Depth,Low Contrast,Light Value,Distinct Lines
Women Walking on a Beach - Sorolla.jpeg,Normal/Regular Depth,Normal Contrast,Balanced Value,Distinct Lines
Achilles Receiving the Ambassadors of Agamemnon.jpg,Deep Depth,Normal Contrast,Balanced Value,Distinct Lines
Ancient Rome - Panini.jpg,Deep Depth,Normal Contrast,Balanced Value,Distinct Lines
Aqueduct in Ruins - Robert.jpg,Normal/Regular Depth,Normal Contrast,Balanced Value,Distinct Lines
Benjamin Franklin Drawing Electricity from the Sky - West.jpg,Shallow Depth,Normal Contrast,Balanced Value,Distinct Lines
Charles Towneley in his sculpture gallery - Zoffany.jpg,Normal/Regular Depth,Normal Contrast,Balanced Value,Distinct Lines
Cornelia Pointing to her Children as Her Treasures - Kauffmann.jpg,Normal/Regular Depth,Normal Contrast,Balanced Value,Distinct Lines
Diana and Cupid - Batoni.jpg,Deep Depth,Normal Contrast,Balanced Value,Distinct Lines
Fantasy view - Panini.jpg,Deep Depth,Normal Contrast,Balanced Value,Distinct Lines
Johann Joachim Winckelmann.jpg,Shallow Depth,High Contrast,Balanced Value,Distinct Lines
Judgement of Paris - Mengs.jpg,Shallow Depth,Normal Contrast,Balanced Value,Distinct Lines
Julie Lebrun as Flora - Le Brun.jpg,Deep Depth,Normal Contrast,Balanced Value,Distinct Lines
Jupiter and Thetis - Ingres.jpg,Shallow Depth,Normal Contrast,Balanced Value,Distinct Lines
Madame Raymod de Verninac - David.jpg,Shallow Depth,Normal Contrast,Light Value,Distinct Lines
Modern Romania - Tattarescu.jpg,Deep Depth,Normal Contrast,Balanced Value,Distinct Lines
Napoleon Crossing the Alps - David.jpg,Deep Depth,High Contrast,Balanced Value,Distinct Lines
Napoleon I on his Imperial Throne - Ingres.jpg,Shallow Depth,Normal Contrast,Balanced Value,Distinct Lines
Perseus and Andromeda - Leighton.jpg,Deep Depth,Normal Contrast,Balanced Value,Distinct Lines
Portrait of Antoine-Laurent Lavoisier and his wife - David.jpg,Normal/Regular Depth,Normal Contrast,Balanced Value,Distinct Lines
Portrait of Citizen Jean-Baptiste Belley - Trioson.jpg,Deep Depth,Normal Contrast,Balanced Value,Distinct Lines
Portrait of Madame Recamier - David.jpg,Normal/Regular Depth,Normal Contrast,Balanced Value,Distinct Lines
Portrait of Madeline - Benoist.jpg,Shallow Depth,High Contrast,Balanced Value,Distinct Lines
Portrait of Susanna van Collen nee Mogge and her daughter - Numan.jpg,Normal/Regular Depth,High Contrast,Balanced Value,Distinct Lines
Self-portrait - Benoist.jpg,Shallow Depth,Normal Contrast,Light Value,Distinct Lines
The Anger of Achilles - David.jpg,Shallow Depth,Normal Contrast,Light Value,Distinct Lines
The Architects Dream - Cole.jpg,Deep Depth,High Contrast,Balanced Value,Distinct Lines
The Death of Nelson - West.jpg,Deep Depth,High Contrast,Balanced Value,Distinct Lines
The Death of Seneca - David.jpg,Normal/Regular Depth,High Contrast,Balanced Value,Distinct Lines
The Death of Socrates - David.jpg,Deep Depth,Normal Contrast,Dark Value,Distinct Lines
The Emperor Napoleon in his Study at the Tuileries - David.jpg,Normal/Regular Depth,High Contrast,Balanced Value,Distinct Lines
The Intervention of the Sabine Woman - David.jpg,Deep Depth,Normal Contrast,Balanced Value,Distinct Lines
The Lictors Returning to Brutus the Bodies of his sons - David.jpg,Normal/Regular Depth,Normal Contrast,Balanced Value,Distinct Lines
The Sleep of Endymion - Girodet.jpg,Shallow Depth,High Contrast,Balanced Value,Intermediate Lines
Virgil reading to Augustus - Ingres.jpg,Shallow Depth,Normal Contrast,Dark Value,Distinct Lines
Burial of Atala - Trioson.jpeg,Deep Depth,High Contrast,Balanced Value,Distinct Lines
Dante and Virgil - Bouguereau.jpeg,Normal/Regular Depth,High Contrast,Balanced Value,Distinct Lines
L'excommunication de Robert le Pieux - Laurens.jpeg,Normal/Regular Depth,Normal Contrast,Balanced Value,Distinct Lines
Leonidas at Thermopylae - David.jpeg,Deep Depth,High Contrast,Balanced Value,Distinct Lines
Oedipus Explaining the Enigma of the Sphinx - Ingres.jpeg,Deep Depth,High Contrast,Balanced Value,Distinct Lines
Portrait of Monsieur Bertin - Inres.jpeg,Shallow Depth,Normal Contrast,Balanced Value,Distinct Lines
Princesse de Broglie - Ingres.jpeg,Shallow Depth,Normal Contrast,Balanced Value,Distinct Lines
The Artist and His Family - West.jpeg,Shallow Depth,Normal Contrast,Balanced Value,Distinct Lines
The Coronation of Napoleon - David.jpeg,Normal/Regular Depth,Normal Contrast,Balanced Value,Distinct Lines
The Cupid Seller - Vien.jpeg,Shallow Depth,Normal Contrast,Light Value,Distinct Lines
The Damsel and Orlando - West.jpeg,Shallow Depth,High Contrast,Balanced Value,Distinct Lines
The Death of General Wolfe - West.jpeg,Deep Depth,High Contrast,Balanced Value,Distinct Lines
The Death of Leonardo da Vinci - Ingres.jpeg,Shallow Depth,High Contrast,Balanced Value,Distinct Lines
The Death of Marat - David.jpeg,Shallow Depth,Normal Contrast,Balanced Value,Distinct Lines
The Explusion of Adam and Eve from Paradise - West.jpeg,Deep Depth,High Contrast,Balanced Value,Distinct Lines
The Oath of Horatii - David.jpeg,Normal/Regular Depth,High Contrast,Balanced Value,Distinct Lines
A Sunday on La Grande Jatte.jpg,Deep Depth,Normal Contrast,Balanced Value,Distinct Lines
A Wheatfield with Cypresses - van Gogh.jpg,Deep Depth,Low Contrast,Light Value,Intermediate Lines
Arearea - Gauguin.jpg,Normal/Regular Depth,Low Contrast,Balanced Value,Distinct Lines
At the Moulin Rouge - Lautrec.jpg,Normal/Regular Depth,High Contrast,Dark Value,Distinct Lines
Bathers - Cezanne.jpg,Shallow Depth,Low Contrast,Balanced Value,Intermediate Lines
Boy in a Red Vest - Cezanne.jpg,Shallow Depth,Normal Contrast,Balanced Value,Distinct Lines
Breton Girls Dancing - Gauguin.jpg,Deep Depth,Low Contrast,Light Value,Distinct Lines
Cafe Terrace at Night - van Gogh.jpg,Deep Depth,High Contrast,Balanced Value,Intermediate Lines
Coastal Landscape from Martinique - Gauguin.jpg,Deep Depth,Low Contrast,Light Value,Distinct Lines
Coming and Going - Gauguin.jpg,Deep Depth,Low Contrast,Light Value,Distinct Lines
Day of God - Gauguin.jpg,Deep Depth,Normal Contrast,Light Value,Distinct Lines
Evening Calm - Signac.jpg,Deep Depth,Normal Contrast,Light Value,Distinct Lines
Harvest at La Crau - van Gogh.jpg,Deep Depth,Low Contrast,Light Value,Distinct Lines
Irises - van Gogh.jpg,Normal/Regular Depth,Low Contrast,Light Value,Intermediate Lines
Le Chahut - Seurat.jpg,Shallow Depth,Normal Contrast,Balanced Value,Distinct Lines
Madame Cezanne - Cezanne.jpg,Shallow Depth,Normal Contrast,Light Value,Distinct Lines
Models - Seurat.jpg,Shallow Depth,Low Contrast,Light Value,Distinct Lines
Mont Sainte-Victorie - Cezanne.jpg,Deep Depth,Low Contrast,Light Value,Intermediate Lines
Morning Calm - Signac.jpg,Deep Depth,Low Contrast,Light Value,Distinct Lines
Parade de cirque - Seurat.jpg,Shallow Depth,Low Contrast,Dark Value,Distinct Lines
Paul Alexis reading to Emile Zola - Cezanne.jpg,Shallow Depth,High Contrast,Balanced Value,Distinct Lines
Road with Cypress and Star - van Gogh.jpg,Shallow Depth,High Contrast,Balanced Value,Intermediate Lines
Seascape Near Les Saintes - van Gogh.jpg,Deep Depth,Low Contrast,Light Value,Intermediate Lines
Self-portrait dedicated to Vincent van Gogh - Gauguin.jpg,Shallow Depth,Normal Contrast,Light Value,Distinct Lines
Self-portrait in a hat - Gauguin.jpg,Normal/Regular Depth,Normal Contrast,Dark Value,Distinct Lines
Self-portrait with bandaged ear - van gogh.jpg,Shallow Depth,Low Contrast,Light Value,Distinct Lines
Spirit of the Dead Watching - Gauguin.jpg,Shallow Depth,High Contrast,Dark Value,Intermediate Lines
Starry Night over the Rhone - van Gogh.jpg,Deep Depth,High Contrast,Dark Value,Intermediate Lines
Still Life with Plaster Cupid - Cezanne.jpg,Shallow Depth,Normal Contrast,Balanced Value,Distinct Lines
The Basket of Apples - Cezanne.jpg,Shallow Depth,Normal Contrast,Balanced Value,Distinct Lines
The Bather - Cezanne.jpg,Shallow Depth,Low Contrast,Light Value,Distinct Lines
The Bedroom - van Gogh.jpg,Shallow Depth,Low Contrast,Light Value,Distinct Lines
The Card Players - Cezanne.jpg,Shallow Depth,Normal Contrast,Balanced Value,Distinct Lines
The Church at Auvers - van Gogh.jpg,Normal/Regular Depth,High Contrast,Balanced Value,Distinct Lines
The Dream - Rosseau.jpg,Shallow Depth,High Contrast,Balanced Value,Distinct Lines
The Mango Trees - Gauguin.jpg,Deep Depth,Normal Contrast,Light Value,Distinct Lines
The Painter of Sunflowers - Gauguin.jpg,Shallow Depth,Low Contrast,Light Value,Distinct Lines
The Red Cow - Gauguin.jpg,Normal/Regular Depth,Normal Contrast,Light Value,Intermediate Lines
The Red Rock - Cezanne.jpg,Shallow Depth,Normal Contrast,Light Value,Intermediate Lines
The Sleeping Gypsy - Rosseau.jpg,Deep Depth,High Contrast,Balanced Value,Distinct Lines
The Starry Night - van Gogh.jpg,Normal/Regular Depth,High Contrast,Dark Value,Distinct Lines
Tiger in a Tropical Storm - Rosseau.jpg,Normal/Regular Depth,Normal Contrast,Balanced Value,Distinct Lines
Tropical Conversation - Gauguin.jpg,Normal/Regular Depth,Low Contrast,Light Value,Intermediate Lines
Turning Road at Montgeroult - Cezanne.jpg,Normal/Regular Depth,Normal Contrast,Balanced Value,Intermediate Lines
Vision after the Sermon - Gauguin.jpg,Normal/Regular Depth,Normal Contrast,Balanced Value,Distinct Lines
Wheatfield with Crows - van Gogh.jpg,Shallow Depth,Low Contrast,Dark Value,Indistinct Lines
When will you marry - Gauguin.jpg,Deep Depth,Normal Contrast,Light Value,Distinct Lines
Self-portrait dedicated to Paul Gauguin - van Gogh.jpeg,Shallow Depth,Normal Contrast,Balanced Value,Distinct Lines
Still Life with Apples - Cezanne.jpeg,Shallow Depth,High Contrast,Balanced Value,Distinct Lines
A Burial at Ornans - Courbet.jpg,Shallow Depth,High Contrast,Dark Value,Intermediate Lines
A Loge at the Theater des Italiens - Gonzales.jpg,Shallow Depth,High Contrast,Balanced Value,Intermediate Lines
Autum Day - Levitan.jpg,Deep Depth,Low Contrast,Light Value,Intermediate Lines
Autumn Bouquet - Repin.jpg,Deep Depth,Low Contrast,Light Value,Distinct Lines
Bar at the Folies-Bergere - Manet.jpg,Deep Depth,Normal Contrast,Balanced Value,Intermediate Lines
Barge Haulers on the Volga - Repin.jpg,Deep Depth,High Contrast,Light Value,Distinct Lines
Beach at Scheveningen in Stormy Weather - van Gogh.jpg,Normal/Regular Depth,High Contrast,Dark Value,Indistinct Lines
Corner of a Cafe-Concert - Manet.jpg,Normal/Regular Depth,Normal Contrast,Balanced Value,Distinct Lines
Emile Zola - Manet.jpg,Shallow Depth,High Contrast,Dark Value,Distinct Lines
Family Portrait - Ostade.jpg,Shallow Depth,High Contrast,Balanced Value,Distinct Lines
Femme nu Couchee - Courbet.jpg,Shallow Depth,Normal Contrast,Balanced Value,Distinct Lines
Golden Autumn - Levitan.jpg,Deep Depth,Low Contrast,Light Value,Intermediate Lines
Hawning Apprentice - Mankacsy.jpg,Shallow Depth,High Contrast,Dark Value,Intermediate Lines
Hunters at Rest - Perov.jpg,Normal/Regular Depth,Normal Contrast,Balanced Value,Distinct Lines
In the Conservatory - Manet.jpg,Shallow Depth,Low Contrast,Light Value,Distinct Lines
Ivan the Terrible and His Son Ivan - Repin.jpg,Normal/Regular Depth,High Contrast,Dark Value,Distinct Lines
Jewess with Oranges - Gierymski.jpg,Normal/Regular Depth,High Contrast,Balanced Value,Distinct Lines
L'Angelus - Millet.jpg,Deep Depth,Low Contrast,Dark Value,Distinct Lines
La rencontre - Courbet.jpg,Normal/Regular Depth,Normal Contrast,Light Value,Distinct Lines
Les Demoiselles du bord de la Seine - Courbet.jpg,Shallow Depth,Normal Contrast,Balanced Value,Distinct Lines
Morning in a Pine Forest - Shishkin.jpg,Deep Depth,Normal Contrast,Balanced Value,Distinct Lines
Music in the Tuileries Gardens - Manet.jpg,Deep Depth,Normal Contrast,Balanced Value,Intermediate Lines
Olympia - Manet.jpg,Shallow Depth,High Contrast,Balanced Value,Distinct Lines
Ploughing in the Nivernais - Bonheur.jpg,Deep Depth,Normal Contrast,Light Value,Distinct Lines
Plum Brandy - Manet.jpg,Shallow Depth,Low Contrast,Light Value,Distinct Lines
Portrait of an Unknown Woman - Kramskoi.jpg,Normal/Regular Depth,High Contrast,Balanced Value,Distinct Lines
Science and Charity - Picasso.jpg,Shallow Depth,Normal Contrast,Balanced Value,Distinct Lines
Sheep in the Highlands - Bonheur.jpg,Deep Depth,Normal Contrast,Balanced Value,Distinct Lines
Skull of a Skeleton with Burning Cigarette - van Gogh.jpg,Shallow Depth,High Contrast,Dark Value,Distinct Lines
Taking a Snow Town - Surikov.jpg,Normal/Regular Depth,High Contrast,Balanced Value,Distinct Lines
The Apotheosis of War - Vereschchagin.jpg,Deep Depth,Normal Contrast,Light Value,Distinct Lines
The Daughters of Edward Darley Boit.jpg,Normal/Regular Depth,High Contrast,Balanced Value,Distinct Lines
The Fifer - Manet.jpg,Shallow Depth,Normal Contrast,Light Value,Distinct Lines
The First Mourning - Bouguereau.jpg,Normal/Regular Depth,Normal Contrast,Balanced Value,Distinct Lines
The Gleaners - Millet.jpg,Deep Depth,Normal Contrast,Light Value,Distinct Lines
The Little Cavaliers - Manet.jpg,Shallow Depth,Normal Contrast,Balanced Value,Distinct Lines
The Morning of the Streltsy Execution - Surikov.jpg,Deep Depth,High Contrast,Balanced Value,Distinct Lines
The Painter's Studio - Courbet.jpg,Shallow Depth,High Contrast,Balanced Value,Distinct Lines
The Railway - Manet.jpg,Normal/Regular Depth,Low Contrast,Light Value,Distinct Lines
The Rooks Have Come Back - Savrasov.jpg,Deep Depth,Normal Contrast,Balanced Value,Distinct Lines
The Violoncellist - Courbet.jpg,Shallow Depth,High Contrast,Dark Value,Intermediate Lines
The Wheat Sifters - Courbet.jpg,Shallow Depth,Normal Contrast,Light Value,Distinct Lines
Valley of the Loue - Courbet.jpg,Normal/Regular Depth,Normal Contrast,Balanced Value,Distinct Lines
Whistler's Mother - Whistler.jpg,Shallow Depth,Normal Contrast,Balanced Value,Distinct Lines
Luncheon on the Grass - Manet.jpeg,Shallow Depth,High Contrast,Dark Value,Distinct Lines
Silent Monastary - Levitan.jpeg,Deep Depth,Normal Contrast,Balanced Value,Distinct Lines
The Potato Eaters - van Gogh.jpeg,Shallow Depth,High Contrast,Balanced Value,Distinct Lines
The Shepherdess - Bouguereau.jpeg,Normal/Regular Depth,Normal Contrast,Light Value,Distinct Lines
The Stone Breakers - Courbet.jpeg,Shallow Depth,High Contrast,Balanced Value,Distinct Lines
A goldsmith in his shop - Christus.jpg,Flat Depth,Normal Contrast,Balanced Value,Distinct Lines
Adoration of the Kings - van der Goes.jpg,Shallow Depth,Normal Contrast,Balanced Value,Distinct Lines
Adoration of the Magi - Botticelli.jpg,Shallow Depth,Normal Contrast,Balanced Value,Distinct Lines
Arnolfini Portrait - van Eyck.jpg,Shallow Depth,Normal Contrast,Balanced Value,Distinct Lines
Baptism of Christ - Verrocchio.jpg,Normal/Regular Depth,Normal Contrast,Balanced Value,Distinct Lines
Birth of the Virgin - Ghirlandaio.jpg,Shallow Depth,Low Contrast,Light Value,Distinct Lines
Calumny of Apelles - Botticelli.jpg,Shallow Depth,Normal Contrast,Balanced Value,Distinct Lines
Christ and the Virgin - Campin.jpg,Flat Depth,Low Contrast,Light Value,Distinct Lines
Christ Giving the Keys of the Kingdom to St. Peter - Perugino.jpg,Deep Depth,Normal Contrast,Light Value,Distinct Lines
Crucifixion with the Virgin and St. John - van der weyden.jpg,Shallow Depth,Normal Contrast,Light Value,Distinct Lines
Danae - Correggio.jpg,Normal/Regular Depth,Normal Contrast,Balanced Value,Distinct Lines
Death of the Virgin - Mantegna.jpg,Normal/Regular Depth,Normal Contrast,Balanced Value,Distinct Lines
La Primavera (Spring) - Botticelli.jpg,Shallow Depth,High Contrast,Balanced Value,Distinct Lines
Lamentation of Christ - Mantegna.jpg,Normal/Regular Depth,Normal Contrast,Light Value,Distinct Lines
Madonna and Child - Crivelli.jpg,Shallow Depth,Normal Contrast,Light Value,Distinct Lines
Madonna and Child with Two Angels - Fra Filippo Lippi.jpg,Shallow Depth,Normal Contrast,Balanced Value,Distinct Lines
Madonna in the Church - van Eyck.jpg,Normal/Regular Depth,Normal Contrast,Balanced Value,Distinct Lines
Madonna of the Meadow - Raphael.jpg,Deep Depth,Low Contrast,Light Value,Distinct Lines
Miracle of the Relic of the Cross at the Rialto Bridge - Carpaccio.jpg,Deep Depth,Normal Contrast,Balanced Value,Distinct Lines
Mona Lisa - da Vinci.jpg,Shallow Depth,High Contrast,Balanced Value,Distinct Lines
Pastoral Concert - Titian.jpg,Deep Depth,High Contrast,Balanced Value,Distinct Lines
Pieta - Bellini.jpg,Shallow Depth,Normal Contrast,Balanced Value,Distinct Lines
Pieta of Villeneuve les avignon.jpg,Shallow Depth,Normal Contrast,Balanced Value,Distinct Lines
Portrait of a Man with a Medal of Cosimo il Vecchio de' Medici - Botticelli.jpg,Shallow Depth,Normal Contrast,Light Value,Distinct Lines
Portrait of a Young Girl - Christus.jpg,Shallow Depth,High Contrast,Balanced Value,Distinct Lines
Portrait of a Young Woman - Botticelli.jpg,Flat Depth,Low Contrast,Light Value,Distinct Lines
Portrait of Eleonora Gonzaga - Titian.jpg,Shallow Depth,Normal Contrast,Balanced Value,Distinct Lines
Portrait of Francesco Maria Della Rovere - Titian.jpg,Shallow Depth,High Contrast,Dark Value,Intermediate Lines
Portrait of Pope Julius II - Raphael.jpg,Shallow Depth,Normal Contrast,Balanced Value,Distinct Lines
Portrait of Sultan Mehmed II - Bellini.jpg,Flat Depth,High Contrast,Balanced Value,Distinct Lines
Saint Luke Painting the Madonna - Gossaert.jpg,Shallow Depth,High Contrast,Balanced Value,Distinct Lines
Saint Sebastian - Mentegna.jpg,Shallow Depth,Low Contrast,Light Value,Distinct Lines
School of Athens - Raphael.jpg,Deep Depth,Normal Contrast,Light Value,Distinct Lines
Self Portrait - Durer.jpg,Shallow Depth,High Contrast,Dark Value,Intermediate Lines
Sleeping Venus - Giorgione.jpg,Deep Depth,Normal Contrast,Balanced Value,Distinct Lines
The Ambassadors - Holbein.jpg,Shallow Depth,Normal Contrast,Light Value,Distinct Lines
The Annunciation - Fra Angelico.jpg,Shallow Depth,Low Contrast,Light Value,Distinct Lines
The Birth of Venus - Botticelli.jpg,Normal/Regular Depth,Normal Contrast,Light Value,Distinct Lines
The Creation of Adam - Michelangelo.jpg,Shallow Depth,Normal Contrast,Light Value,Distinct Lines
The Crowning wiht Thorns - Titian.jpg,Shallow Depth,High Contrast,Dark Value,Intermediate Lines
The Damned Cast into Hell - Signorelli.jpg,Shallow Depth,Normal Contrast,Light Value,Distinct Lines
The Last Judgement - Michelangelo.jpg,Shallow Depth,Normal Contrast,Light Value,Distinct Lines
The Last Supper - da Vinci.jpg,Normal/Regular Depth,Normal Contrast,Balanced Value,Distinct Lines
The Sistine Madonna - Raphael.jpg,Shallow Depth,Normal Contrast,Light Value,Distinct Lines
The Tempest - Giorgione.jpg,Deep Depth,Normal Contrast,Light Value,Distinct Lines
The tower of babel - Bruegel.jpg,Deep Depth,Normal Contrast,Light Value,Distinct Lines
The virgin and child with saint and donor - david.jpg,Shallow Depth,Normal Contrast,Balanced Value,Distinct Lines
Three Philosophers - Giorgione.jpg,Deep Depth,High Contrast,Balanced Value,Distinct Lines
Two Witches - Grien.jpg,Shallow Depth,Normal Contrast,Balanced Value,Distinct Lines
Archduchess Marie Antionette Queen of France - LeBrun.jpg,Normal/Regular Depth,High Contrast,Balanced Value,Distinct Lines
Boy with a Spinning Top - Chardin.jpg,Normal/Regular Depth,High Contrast,Dark Value,Distinct Lines
Charles III Dining Before the Court - Prado.jpg,Deep Depth,High Contrast,Light Value,Intermediate Lines
Cupid and Psyche - West.jpg,Shallow Depth,High Contrast,Dark Value,Distinct Lines
Diana after a bath - Boucher.jpg,Normal/Regular Depth,Normal Contrast,Light Value,Distinct Lines
Diana After the Hunt - Boucher.jpg,Shallow Depth,Normal Contrast,Balanced Value,Distinct Lines
Dresden - Bellotto.jpg,Deep Depth,Normal Contrast,Light Value,Distinct Lines
Elizabeth Trubetskaya.jpg,Normal/Regular Depth,High Contrast,Balanced Value,Intermediate Lines
Hercules and Omphale.jpg,Shallow Depth,Normal Contrast,Balanced Value,Distinct Lines
La Toilette de Venus - Boucher.jpg,Shallow Depth,Normal Contrast,Balanced Value,Distinct Lines
Les Plaisirs du Bal - Watteau.jpg,Deep Depth,Normal Contrast,Balanced Value,Intermediate Lines
Luncheon with Ham - Lancret.jpg,Normal/Regular Depth,Normal Contrast,Balanced Value,Distinct Lines
Madame Bergeret - Francois.jpg,Shallow Depth,Normal Contrast,Balanced Value,Distinct Lines
Madame de Pompadour - Boucher.jpg,Normal/Regular Depth,High Contrast,Balanced Value,Distinct Lines
Marie Antoinette and Her Children - Le Brun.jpg,Normal/Regular Depth,High Contrast,Balanced Value,Distinct Lines
Marrigae a la mode - Hogarth.jpg,Normal/Regular Depth,High Contrast,Balanced Value,Distinct Lines
Mr and Mrs William Hallett - Gainsborough.jpg,Shallow Depth,Normal Contrast,Balanced Value,Distinct Lines
Mrs Richard Brinsley Sheridan - Gainsborough.jpg,Deep Depth,Normal Contrast,Balanced Value,Intermediate Lines
Mrs Sarah Siddons - Gainsborough.jpg,Shallow Depth,High Contrast,Balanced Value,Distinct Lines
Piazza San Marco - Canaletto.jpg,Deep Depth,Normal Contrast,Light Value,Distinct Lines
Pierrot - Watteau.jpg,Shallow Depth,Normal Contrast,Balanced Value,Distinct Lines
Pilgrimage to Cythera - Watteau.jpg,Deep Depth,Low Contrast,Light Value,Intermediate Lines
Portrait of Louis XV - Ranc.jpg,Shallow Depth,Normal Contrast,Balanced Value,Distinct Lines
Portrait of Prokofiy Demidov - Levitsky.jpg,Shallow Depth,High Contrast,Balanced Value,Distinct Lines
Satan Sin and Death - Hogarth.jpg,Shallow Depth,High Contrast,Dark Value,Intermediate Lines
Self Portrait with Straw Hat - Le Brun.jpg,Shallow Depth,Normal Contrast,Balanced Value,Distinct Lines
Soap Bubbles - Chardin.jpg,Shallow Depth,Normal Contrast,Balanced Value,Distinct Lines
The Archers - Reynolds.jpg,Normal/Regular Depth,High Contrast,Balanced Value,Distinct Lines
The Banquet of Cleopatra - Tiepolo.jpg,Normal/Regular Depth,High Contrast,Light Value,Distinct Lines
The Bathers - Fragonard.jpg,Shallow Depth,High Contrast,Balanced Value,Distinct Lines
The Blue Boy - Gainsborough.jpg,Shallow Depth,High Contrast,Dark Value,Distinct Lines
The Declaration of Love - de Troy.jpg,Deep Depth,Normal Contrast,Light Value,Distinct Lines
The Entrance to the Grand Canal Venice - Canaletto.jpg,Deep Depth,High Contrast,Light Value,Distinct Lines
The Fountain of Love - Fragonard.jpg,Normal/Regular Depth,High Contrast,Dark Value,Intermediate Lines
The Gate of Calais - Hogarth.jpg,Deep Depth,Normal Contrast,Balanced Value,Distinct Lines
The Graham Children - Hogarth.jpg,Shallow Depth,Normal Contrast,Balanced Value,Distinct Lines
The Honorable Mrs Graham.jpg,Normal/Regular Depth,Normal Contrast,Balanced Value,Distinct Lines
The Ladies Waldegrave - Reynolds.jpg,Normal/Regular Depth,High Contrast,Balanced Value,Distinct Lines
The Lock - Fragonard.jpg,Normal/Regular Depth,High Contrast,Balanced Value,Distinct Lines
The Prearranged Flight - Fragonard.jpg,Shallow Depth,Normal Contrast,Light Value,Distinct Lines
The Progress of Love The Pursuit - Fragonard.jpg,Normal/Regular Depth,High Contrast,Balanced Value,Intermediate Lines
The Progress of Love.jpg,Deep Depth,High Contrast,Balanced Value,Intermediate Lines
The Scale of Love- Watteau.jpg,Normal/Regular Depth,Normal Contrast,Balanced Value,Intermediate Lines
The Stolen Kiss - Fragonard.jpg,Normal/Regular Depth,High Contrast,Balanced Value,Distinct Lines
The Toilet of Venus Boucher.jpg,Normal/Regular Depth,Normal Contrast,Balanced Value,Distinct Lines
The Triumph of Venice - Pompeo.jpg,Deep Depth,High Contrast,Balanced Value,Distinct Lines
The Triumph of Venus - Boucher.jpg,Deep Depth,Normal Contrast,Light Value,Distinct Lines
The Village Bride - Greuze.jpg,Shallow Depth,High Contrast,Light Value,Distinct Lines
The Swing - Fragonard.jpeg,Deep Depth,High Contrast,Balanced Value,Distinct Lines
Alyonushka.jpg,Normal/Regular Depth,Normal Contrast,Balanced Value,Distinct Lines
Charles IV of Spain and His Family - Goyta.jpg,Shallow Depth,High Contrast,Balanced Value,Distinct Lines
Christ on the Sea of Galilee - Delacroix.jpg,Deep Depth,Normal Contrast,Dark Value,Intermediate Lines
Dido building Carthage - Turner.jpg,Deep Depth,Normal Contrast,Light Value,Distinct Lines
Entry of the Crusaders in Constantinople - Delacroix.jpg,Deep Depth,High Contrast,Balanced Value,Distinct Lines
Fishermen at Sea - Turner.jpg,Deep Depth,High Contrast,Dark Value,Intermediate Lines
Hylas and the Nymphs - Waterhouse.jpg,Normal/Regular Depth,High Contrast,Balanced Value,Distinct Lines
Jewish wedding in Morocco - Delacroix.jpg,Normal/Regular Depth,High Contrast,Balanced Value,Distinct Lines
Knight at the Crossroads - Vasnetsov.jpg,Deep Depth,Normal Contrast,Balanced Value,Distinct Lines
La maja desnuda - Goya.jpg,Shallow Depth,High Contrast,Balanced Value,Distinct Lines
Lady Lilith - Rossetti.jpg,Shallow Depth,Normal Contrast,Balanced Value,Distinct Lines
Medea - Delacroix.jpg,Normal/Regular Depth,Normal Contrast,Dark Value,Distinct Lines
Modern Rome - Turner.jpg,Deep Depth,Normal Contrast,Light Value,Intermediate Lines
Saturn Devouring one of his Sons - Lucientes.jpg,Shallow Depth,High Contrast,Dark Value,Intermediate Lines
Self-portrait with Dr Arrieta - Goya.jpg,Shallow Depth,High Contrast,Dark Value,Distinct Lines
Snow Storm - Turner.jpg,Deep Depth,Normal Contrast,Balanced Value,Intermediate Lines
The Abbey in the Oakwood - Friedrich.jpg,Normal/Regular Depth,High Contrast,Dark Value,Distinct Lines
The Barque of Dante - Delacroix.jpg,Shallow Depth,High Contrast,Dark Value,Distinct Lines
The Battle of Trafalgar - Turner.jpg,Deep Depth,High Contrast,Light Value,Intermediate Lines
The Black Duchess - Goya.jpg,Deep Depth,Normal Contrast,Balanced Value,Distinct Lines
The Burning of the Houses of Parliament - Turner.jpg,Deep Depth,Normal Contrast,Light Value,Indistinct Lines
The Charging Chasseur - Gericault.jpg,Normal/Regular Depth,Normal Contrast,Balanced Value,Distinct Lines
The Clothed Maja - Goya.jpg,Shallow Depth,High Contrast,Balanced Value,Distinct Lines
The Colossus - Goya.jpg,Deep Depth,High Contrast,Balanced Value,Intermediate Lines
The Death of Sardanapalus - Delacroix.jpg,Normal/Regular Depth,High Contrast,Balanced Value,Distinct Lines
The Desperate Man - Courbet.jpg,Shallow Depth,High Contrast,Balanced Value,Distinct Lines
The Family of Infante Don Luis - Goya.jpg,Shallow Depth,Normal Contrast,Balanced Value,Distinct Lines
The Fighting Temeraire - Turner.jpg,Deep Depth,Normal Contrast,Light Value,Distinct Lines
The Hay Wain - Constable.jpg,Deep Depth,High Contrast,Balanced Value,Distinct Lines
The Kiss - Hayez.jpg,Normal/Regular Depth,High Contrast,Light Value,Distinct Lines
The Lonely Tree - Friedrich.jpg,Deep Depth,High Contrast,Balanced Value,Distinct Lines
The Massacre at Chios - Delacroix.jpg,Deep Depth,High Contrast,Balanced Value,Distinct Lines
The Monk by the Sea - Friedrich.jpg,Deep Depth,Normal Contrast,Balanced Value,Intermediate Lines
The Nightmare - Fuseli.jpg,Normal/Regular Depth,High Contrast,Balanced Value,Intermediate Lines
The Ninth Wave - Aivazovsky.jpg,Deep Depth,High Contrast,Balanced Value,Distinct Lines
The Sea of Ice - Friedrich.jpg,Deep Depth,Normal Contrast,Light Value,Distinct Lines
The Second of May 1808 - Goya.jpg,Normal/Regular Depth,Normal Contrast,Balanced Value,Distinct Lines
The Shipwreck - Turner.jpg,Deep Depth,High Contrast,Dark Value,Intermediate Lines
The Slave Ship - Turner.jpg,Deep Depth,Normal Contrast,Light Value,Indistinct Lines
The Third of May 1808 - Goya.jpg,Normal/Regular Depth,High Contrast,Dark Value,Distinct Lines
Watson and the Shark - Copley.jpg,Deep Depth,High Contrast,Balanced Value,Distinct Lines
Witches' Flight - Goya.jpg,Normal/Regular Depth,High Contrast,Balanced Value,Distinct Lines
Witches' Sabbath - Goya.jpg,Deep Depth,Normal Contrast,Balanced Value,Distinct Lines
Wreckers Coast of Northumberland - Turner.jpg,Deep Depth,Low Contrast,Light Value,Indistinct Lines
Bridal Procession on the  Hardangerfjord - Gude.jpeg,Deep Depth,Normal Contrast,Light Value,Distinct Lines
Chalk Cliffs on Rugen - Friedrich.jpeg,Deep Depth,High Contrast,Balanced Value,Intermediate Lines
Lady Libert Leading the People - Delocroix.jpeg,Normal/Regular Depth,High Contrast,Balanced Value,Distinct Lines
The Raft of the Medusa - Geriacault.jpeg,Normal/Regular Depth,High Contrast,Balanced Value,Distinct Lines
Wanderer above the sea of fog - Friedrich.jpeg,Deep Depth,High Contrast,Balanced Value,Intermediate Lines
A dream caused by the flight of a bee - Dal.jpg,Deep Depth,Low Contrast,Light Value,Distinct Lines
Apparition of Face and Fruit Dish on a Beach - Dali.jpg,Deep Depth,Normal Contrast,Balanced Value,Intermediate Lines
Battle of Fishes - Masson.jpg,Flat Depth,Low Contrast,Light Value,Distinct Lines
Christ of St John of the Cross - Dali.jpg,Deep Depth,High Contrast,Dark Value,Distinct Lines
Elephants - Dali.jpg,Deep Depth,Normal Contrast,Balanced Value,Distinct Lines
Europe after the Rain II - Ernst.jpg,Shallow Depth,Normal Contrast,Balanced Value,Distinct Lines
Galatea of the Spheres - Dali.jpg,Normal/Regular Depth,Normal Contrast,Light Value,Intermediate Lines
Geopoliticus Child Watching the Birth of the New Man - Dali.jpg,Deep Depth,High Contrast,Balanced Value,Distinct Lines
Girl with Death Mask - Kahlo.jpg,Deep Depth,Normal Contrast,Balanced Value,Distinct Lines
Golconda - Magritte.jpg,Deep Depth,Normal Contrast,Balanced Value,Distinct Lines
Grandma Moorheads aromatic cuisine - Carrington.jpg,Shallow Depth,Normal Contrast,Light Value,Distinct Lines
Hand with Reflecting Mirror - Escher.jpg,Deep Depth,High Contrast,Balanced Value,Distinct Lines
Harlequin's Carnival - Miro.jpg,Shallow Depth,Normal Contrast,Light Value,Distinct Lines
Landscape - Breton.jpg,Flat Depth,High Contrast,Dark Value,Distinct Lines
Mama Papa is Wounded - Tanguy.jpg,Deep Depth,Normal Contrast,Balanced Value,Distinct Lines
Man in a Bowler Hat - Magritte.jpg,Shallow Depth,Normal Contrast,Balanced Value,Distinct Lines
Marxism will heal the sick - Kahlo.jpg,Flat Depth,Low Contrast,Light Value,Distinct Lines
Melting Watch - Dali.jpg,Shallow Depth,High Contrast,Balanced Value,Distinct Lines
Metamorphosis of Narcissus - Dali.jpg,Deep Depth,Normal Contrast,Balanced Value,Distinct Lines
Not to be Reproduced - Magritte.jpg,Normal/Regular Depth,Normal Contrast,Balanced Value,Distinct Lines
Persistence of Memory - Dali.jpg,Deep Depth,Normal Contrast,Balanced Value,Distinct Lines
Philosopher's Lamp - Magritte.jpg,Shallow Depth,High Contrast,Balanced Value,Distinct Lines
Self Portrait - Carrington.jpg,Normal/Regular Depth,Normal Contrast,Light Value,Distinct Lines
Swans Reflecting Elephants - Dali.jpg,Deep Depth,High Contrast,Balanced Value,Distinct Lines
The Anti-pope - Ernst.jpg,Shallow Depth,Normal Contrast,Balanced Value,Distinct Lines
The Barbarians - Ernst.jpg,Shallow Depth,Normal Contrast,Balanced Value,Distinct Lines
The Burning Giraffe - Dali.jpg,Deep Depth,Normal Contrast,Balanced Value,Distinct Lines
The Castle of the Pyrenees - Magritte.jpg,Deep Depth,Normal Contrast,Balanced Value,Distinct Lines
The Disintegration of the Persistence of Memory - Dali.jpg,Deep Depth,Normal Contrast,Balanced Value,Distinct Lines
The Elephant Celebes - Ernst.jpg,Normal/Regular Depth,Normal Contrast,Balanced Value,Distinct Lines
The Giantess - Carrington.jpg,Shallow Depth,Normal Contrast,Balanced Value,Intermediate Lines
The Great Masturbator - Dali.jpg,Normal/Regular Depth,High Contrast,Light Value,Distinct Lines
The Lovers - Magritte.jpg,Shallow Depth,Normal Contrast,Balanced Value,Distinct Lines
The Menaced Assassin - Magritte.jpg,Normal/Regular Depth,Normal Contrast,Light Value,Distinct Lines
The Sacrament of the Last Supper - Dali.jpg,Deep Depth,High Contrast,Balanced Value,Distinct Lines
The Son of Man - Magritte.jpg,Shallow Depth,Low Contrast,Light Value,Distinct Lines
The Temptation of St Anthony - Dali.jpg,Deep Depth,High Contrast,Balanced Value,Distinct Lines
The Treachery of Images - Magritte.jpg,Shallow Depth,Normal Contrast,Light Value,Distinct Lines
The Triumph of Surrealism - Ernst.jpg,Deep Depth,Normal Contrast,Balanced Value,Distinct Lines
Tilled Field - Miro.jpg,Flat Depth,High Contrast,Balanced Value,Distinct Lines
Time Transfixed - Magritte.jpg,Normal/Regular Depth,Normal Contrast,Balanced Value,Distinct Lines
Tuna Fishing - Dali.jpg,Deep Depth,High Contrast,Balanced Value,Intermediate Lines
White Crucifixion - Chagall.jpg,Flat Depth,Normal Contrast,Light Value,Distinct Lines
Without Hope - Kahlo.jpg,Deep Depth,Normal Contrast,Light Value,Distinct Lines
Woman Old Man and Flower - Ernst.jpg,Deep Depth,Normal Contrast,Balanced Value,Distinct Lines
Portrait of Max Ernst - Carrington.jpeg,Deep Depth,Low Contrast,Light Value,Intermediate Lines
The Broken Column - Kahlo.jpeg,Deep Depth,Normal Contrast,Light Value,Distinct Lines
The Hallucinogenic Toreador - Dali.jpeg,Normal/Regular Depth,High Contrast,Light Value,Intermediate Lines
The Robing of the Bride - Ernst.jpeg,Shallow Depth,Normal Contrast,Balanced Value,Distinct Lines
Random0.jpg,Random,,,
Random1.jpg,Random,,,
Random10.jpg,Random,,,
Random11.jpg,Random,,,
Random12.jpg,Random,,,
Random13.jpg,Random,,,
Random14.jpg,Random,,,
Random15.jpg,Random,,,
Random16.jpg,Random,,,
Random17.jpg,Random,,,
Random18.jpg,Random,,,
Random19.jpg,Random,,,
Random2.jpg,Random,,,
Random20.jpg,Random,,,
Random21.jpg,Random,,,
Random22.jpg,Random,,,
Random23.jpg,Random,,,
Random24.jpg,Random,,,
Random25.jpg,Random,,,
Random26.jpg,Random,,,
Random27.jpg,Random,,,
Random28.jpg,Random,,,
Random29.jpg,Random,,,
Random3.jpg,Random,,,
Random30.jpg,Random,,,
Random31.jpg,Random,,,
Random32.jpg,Random,,,
Random33.jpg,Random,,,
Random34.jpg,Random,,,
Random35.jpg,Random,,,
Random36.jpg,Random,,,
Random37.jpg,Random,,,
Random38.jpg,Random,,,
Random39.jpg,Random,,,
Random4.jpg,Random,,,
Random40.jpg,Random,,,
Random41.jpg,Random,,,
Random42.jpg,Random,,,
Random43.jpg,Random,,,
Random44.jpg,Random,,,
Random45.jpg,Random,,,
Random46.jpg,Random,,,
Random47.jpg,Random,,,
Random48.jpg,Random,,,
Random5.jpg,Random,,,
Random6.jpg,Random,,,
Random7.jpg,Random,,,
Random8.jpg,Random,,,
Random9.jpg,Random,,,
RandomShapes0.jpg,Random Shapes,,,
RandomShapes1.jpg,Random Shapes,,,
RandomShapes10.jpg,Random Shapes,,,
RandomShapes11.jpg,Random Shapes,,,
RandomShapes12.jpg,Random Shapes,,,
RandomShapes13.jpg,Random Shapes,,,
RandomShapes14.jpg,Random Shapes,,,
RandomShapes15.jpg,Random Shapes,,,
RandomShapes16.jpg,Random Shapes,,,
RandomShapes17.jpg,Random Shapes,,,
RandomShapes18.jpg,Random Shapes,,,
RandomShapes19.jpg,Random Shapes,,,
RandomShapes2.jpg,Random Shapes,,,
RandomShapes20.jpg,Random Shapes,,,
RandomShapes21.jpg,Random Shapes,,,
RandomShapes22.jpg,Random Shapes,,,
RandomShapes23.jpg,Random Shapes,,,
RandomShapes24.jpg,Random Shapes,,,
RandomShapes25.jpg,Random Shapes,,,
RandomShapes26.jpg,Random Shapes,,,
RandomShapes27.jpg,Random Shapes,,,
RandomShapes28.jpg,Random Shapes,,,
RandomShapes29.jpg,Random Shapes,,,
RandomShapes3.jpg,Random Shapes,,,
RandomShapes30.jpg,Random Shapes,,,
RandomShapes31.jpg,Random Shapes,,,
RandomShapes32.jpg,Random Shapes,,,
RandomShapes33.jpg,Random Shapes,,,
RandomShapes34.jpg,Random Shapes,,,
RandomShapes35.jpg,Random Shapes,,,
RandomShapes36.jpg,Random Shapes,,,
RandomShapes37.jpg,Random Shapes,,,
RandomShapes38.jpg,Random Shapes,,,
RandomShapes39.jpg,Random Shapes,,,
RandomShapes4.jpg,Random Shapes,,,
RandomShapes40.jpg,Random Shapes,,,
RandomShapes41.jpg,Random Shapes,,,
RandomShapes42.jpg,Random Shapes,,,
RandomShapes43.jpg,Random Shapes,,,
RandomShapes44.jpg,Random Shapes,,,
RandomShapes45.jpg,Random Shapes,,,
RandomShapes46.jpg,Random Shapes,,,
RandomShapes47.jpg,Random Shapes,,,
RandomShapes48.jpg,Random Shapes,,,
RandomShapes5.jpg,Random Shapes,,,
RandomShapes6.jpg,Random Shapes,,,
RandomShapes7.jpg,Random Shapes,,,
RandomShapes8.jpg,Random Shapes,,,
RandomShapes9.jpg,Random Shapes,,,
uniform0.jpg,Uniform,,,
uniform1.jpg,Uniform,,,
uniform10.jpg,Uniform,,,
uniform11.jpg,Uniform,,,
uniform12.jpg,Uniform,,,
uniform13.jpg,Uniform,,,
uniform14.jpg,Uniform,,,
uniform15.jpg,Uniform,,,
uniform16.jpg,Uniform,,,
uniform17.jpg,Uniform,,,
uniform18.jpg,Uniform,,,
uniform19.jpg,Uniform,,,
uniform2.jpg,Uniform,,,
uniform20.jpg,Uniform,,,
uniform21.jpg,Uniform,,,
uniform22.jpg,Uniform,,,
uniform23.jpg,Uniform,,,
uniform24.jpg,Uniform,,,
uniform25.jpg,Uniform,,,
uniform26.jpg,Uniform,,,
uniform27.jpg,Uniform,,,
uniform28.jpg,Uniform,,,
uniform29.jpg,Uniform,,,
uniform3.jpg,Uniform,,,
uniform30.jpg,Uniform,,,
uniform31.jpg,Uniform,,,
uniform32.jpg,Uniform,,,
uniform33.jpg,Uniform,,,
uniform34.jpg,Uniform,,,
uniform35.jpg,Uniform,,,
uniform37.jpg,Uniform,,,
uniform38.jpg,Uniform,,,
uniform39.jpg,Uniform,,,
uniform4.jpg,Uniform,,,
uniform40.jpg,Uniform,,,
uniform41.jpg,Uniform,,,
uniform42.jpg,Uniform,,,
uniform43.jpg,Uniform,,,
uniform44.jpg,Uniform,,,
uniform45.jpg,Uniform,,,
uniform46.jpg,Uniform,,,
uniform47.jpg,Uniform,,,
uniform48.jpg,Uniform,,,
uniform49.jpg,Uniform,,,
uniform5.jpg,Uniform,,,
uniform6.jpg,Uniform,,,
uniform7.jpg,Uniform,,,
uniform8.jpg,Uniform,,,
uniform9.jpg,Uniform,,,
