Name,Balance,Movement,Empty Space,Perspective
A Woman playing a clavichord.jpg,Mostly Imbalanced Space,Intermediate Movement,Intermediate Empty Space,Direct Perspective
Aristotle with a bust of homer - Rembrant.jpg,Highly Balanced Space,Highly Static Movement,Intermediate Empty Space,Direct Perspective
Bacchanal before a Statue of Pan - Poussin.jpg,Mostly Balanced Space,Highly Static Movement,Small Empty Space,Intermediate Perspective
Charles I with M. de St. Antoine - van Dyck.jpg,Mostly Balanced Space,Intermediate Movement,Small Empty Space,Intermediate Perspective
Death of the Virgin - Caravaggio.jpg,Mostly Balanced Space,Highly Static Movement,Intermediate Empty Space,Intermediate Perspective
Deposition - Caravaggio.jpg,Mostly Imbalanced Space,Highly Dynamic Movement,Intermediate Empty Space,Direct Perspective
Education of the Princess - Paul Reubens.jpg,Mostly Balanced Space,Intermediate Movement,Intermediate Empty Space,Intermediate Perspective
Girl with a pearl earring - vermeer.jpg,Mostly Balanced Space,Highly Static Movement,Large Empty Space,Direct Perspective
Judith and her maidservant with the head of Holofernes - Gentileschi.jpg,Mostly Imbalanced Space,Highly Dynamic Movement,Intermediate Empty Space,Direct Perspective
Judith Slaying Holofernes - Gentileschi.jpg,Highly Imbalanced Space,Highly Dynamic Movement,Intermediate Empty Space,Intermediate Perspective
las meninas - Velazquez.jpg,Highly Balanced Space,Highly Dynamic Movement,Large Empty Space,Direct Perspective
Louis XIV - Rigaud.jpg,Highly Balanced Space,Highly Static Movement,Large Empty Space,Direct Perspective
Old Woman Cooking Eggs - 1618.jpg,Mostly Balanced Space,Highly Dynamic Movement,Intermediate Empty Space,Direct Perspective
Portrait of Charles II - Wright.jpg,Highly Balanced Space,Highly Static Movement,Small Empty Space,Direct Perspective
Quince Cabbage Melon and Cucumber - Cotan.jpg,Highly Imbalanced Space,Highly Dynamic Movement,Large Empty Space,Direct Perspective
Samson and Delilah - Rubens.jpg,Highly Imbalanced Space,Highly Dynamic Movement,Intermediate Empty Space,Direct Perspective
Samson and Delilah - van Dyck.jpg,Mostly Balanced Space,Highly Dynamic Movement,Intermediate Empty Space,Direct Perspective
Self Portrait - Rembrant.jpg,Highly Balanced Space,Highly Static Movement,Large Empty Space,Direct Perspective
Self-portrait - Leyster.jpg,Mostly Balanced Space,Intermediate Movement,Large Empty Space,Direct Perspective
Singing boy with a flute - Hals.jpg,Mostly Balanced Space,Highly Dynamic Movement,Large Empty Space,Direct Perspective
St. John the Baptist in Wilderness - Caravaggio.jpg,Mostly Imbalanced Space,Intermediate Movement,Intermediate Empty Space,Direct Perspective
Still life with a sliver ewer - Kalf.jpg,Highly Balanced Space,Intermediate Movement,Large Empty Space,Direct Perspective
Still Life with Ebony Chest - Pereda.jpg,Highly Balanced Space,Highly Static Movement,Intermediate Empty Space,Direct Perspective
Still Life with Flowers etc - Peeters.jpg,Mostly Balanced Space,Intermediate Movement,Small Empty Space,Direct Perspective
The Anatomy Lesson of Dr. Nicolaes Tuple - Rembrant.jpg,Mostly Imbalanced Space,Highly Dynamic Movement,Large Empty Space,Direct Perspective
The Arrival of Marie de Medici at Marseille - rubens.jpg,Mostly Balanced Space,Highly Dynamic Movement,Small Empty Space,Intermediate Perspective
The art of painting - vermeer.jpg,Mostly Imbalanced Space,Highly Static Movement,Small Empty Space,Intermediate Perspective
The Calling of Saint Matthew - Caravaggio.jpg,Highly Balanced Space,Intermediate Movement,Large Empty Space,Intermediate Perspective
The Consequences of War - Rubens.jpg,Mostly Imbalanced Space,Highly Dynamic Movement,Small Empty Space,Direct Perspective
The Crowning with Thorns - Caravaggio.jpg,Mostly Balanced Space,Highly Dynamic Movement,Small Empty Space,Direct Perspective
The Crucifixion of St. Peter - Caravaggio.jpg,Highly Imbalanced Space,Highly Dynamic Movement,Intermediate Empty Space,Direct Perspective
The Feast of St Nicholas - Steen.jpg,Mostly Balanced Space,Highly Dynamic Movement,Small Empty Space,Direct Perspective
The Geographer - Vermeer.jpg,Mostly Balanced Space,Highly Static Movement,Intermediate Empty Space,Direct Perspective
The Immaculate Conception of Los Venerables - Murillo.jpg,Mostly Imbalanced Space,Highly Dynamic Movement,Large Empty Space,Direct Perspective
The Jewish Bride - Rembrant.jpg,Mostly Balanced Space,Highly Static Movement,Large Empty Space,Direct Perspective
The Jewish Cemetary - Ruisdael.jpg,Mostly Imbalanced Space,Highly Dynamic Movement,Intermediate Empty Space,Intermediate Perspective
The Martyrdom of Saint Serapion - Zurbaran.jpg,Mostly Balanced Space,Highly Static Movement,Intermediate Empty Space,Direct Perspective
The Night Watch - Rembrant.jpg,Highly Balanced Space,Highly Dynamic Movement,Intermediate Empty Space,Direct Perspective
The Presentation of the Portrait of Marie de' Medici - Rubens.jpg,Mostly Imbalanced Space,Highly Dynamic Movement,Small Empty Space,Intermediate Perspective
The Proposition - Leyster.jpg,Highly Imbalanced Space,Intermediate Movement,Large Empty Space,Direct Perspective
The Rape of the Daughters of Leucippus.jpg,Mostly Balanced Space,Highly Dynamic Movement,Small Empty Space,Direct Perspective
The Supper at Emmaus - Caravaggio.jpg,Highly Balanced Space,Intermediate Movement,Large Empty Space,Direct Perspective
The Triumph of Bacchus - Velazquez.jpg,Mostly Balanced Space,Highly Dynamic Movement,Small Empty Space,Direct Perspective
The Waterseller of Seville - Velazquez.jpg,Mostly Balanced Space,Intermediate Movement,Intermediate Empty Space,Direct Perspective
Venus Mars and Cupid - Rubens.jpg,Mostly Balanced Space,Intermediate Movement,Intermediate Empty Space,Direct Perspective
View of Haarlen with Bleaching Grounds - Ruisdael.jpg,Highly Balanced Space,Highly Static Movement,Large Empty Space,Removed Perspective
Vulcan's Forge - Velazquez.jpg,Mostly Balanced Space,Highly Dynamic Movement,Small Empty Space,Intermediate Perspective
Woman with a water jug - Vermeer.jpg,Mostly Balanced Space,Highly Static Movement,Large Empty Space,Direct Perspective
Women Regents - Hals.jpg,Mostly Imbalanced Space,Highly Dynamic Movement,Large Empty Space,Direct Perspective
Big Nude - Braque.jpg,Highly Balanced Space,Intermediate Movement,Intermediate Empty Space,Direct Perspective
Bottle and Fishes - Braque.jpg,Highly Balanced Space,Intermediate Movement,Small Empty Space,Intermediate Perspective
Bottle and Glass on a Table - Gris.jpg,Mostly Balanced Space,Highly Dynamic Movement,Intermediate Empty Space,Direct Perspective
Clarinet and Bottle of Rum on a Mantlepiece - Braque.jpg,Mostly Imbalanced Space,Highly Dynamic Movement,Small Empty Space,Direct Perspective
Contrast of Forms - Leger.jpg,Highly Balanced Space,Highly Dynamic Movement,Small Empty Space,Direct Perspective
Cubist Self Portrait - Dali.jpg,Mostly Balanced Space,Intermediate Movement,Small Empty Space,Direct Perspective
Daniel-Henry Kahnweiler - Picasso.jpg,Mostly Balanced Space,Highly Static Movement,Small Empty Space,Direct Perspective
Dora Maar au Chat - Picasso.jpg,Mostly Imbalanced Space,Intermediate Movement,Intermediate Empty Space,Direct Perspective
Fruit Dish and Glass - Braque.jpg,Highly Balanced Space,Highly Static Movement,Small Empty Space,Direct Perspective
Gala and the Angelus of Millet - Dali.jpg,Mostly Imbalanced Space,Intermediate Movement,Intermediate Empty Space,Direct Perspective
Girl Before A Mirror - Picasso.jpg,Highly Balanced Space,Highly Static Movement,Small Empty Space,Direct Perspective
Girl with Mandolin - Picasso.jpg,Mostly Balanced Space,Highly Static Movement,Intermediate Empty Space,Direct Perspective
Gueridon - Braque.jpg,Mostly Balanced Space,Highly Static Movement,Intermediate Empty Space,Direct Perspective
Guernica - Picasso.jpg,Highly Balanced Space,Highly Dynamic Movement,Small Empty Space,Removed Perspective
Guitar - Picasso.jpg,Mostly Balanced Space,Highly Static Movement,Intermediate Empty Space,Direct Perspective
Houses at l'Estaque - Braque.jpg,Mostly Imbalanced Space,Highly Dynamic Movement,Small Empty Space,Intermediate Perspective
Jacqueline Kneeling - Picasso.jpg,Mostly Balanced Space,Highly Static Movement,Intermediate Empty Space,Direct Perspective
L'Oiseau bleu - Metzinger.jpg,Mostly Balanced Space,Highly Static Movement,Small Empty Space,Intermediate Perspective
La Femme aux Phlox - Gleizes.jpg,Mostly Balanced Space,Highly Static Movement,Small Empty Space,Direct Perspective
Ma Joile - Picasso.jpg,Mostly Balanced Space,Intermediate Movement,Small Empty Space,Direct Perspective
Man with a Pipe - Picasso.jpg,Mostly Balanced Space,Intermediate Movement,Intermediate Empty Space,Direct Perspective
Nature morte au compotier - Picasso.jpg,Mostly Balanced Space,Highly Static Movement,Intermediate Empty Space,Direct Perspective
Nude Descending a Staircase - Duchamp.jpg,Highly Imbalanced Space,Highly Dynamic Movement,Small Empty Space,Intermediate Perspective
Painter and Model - Picasso.jpg,Highly Balanced Space,Intermediate Movement,Small Empty Space,Removed Perspective
Paris Through a Window - Chagall.jpg,Mostly Imbalanced Space,Highly Dynamic Movement,Intermediate Empty Space,Intermediate Perspective
Portrait of Ambroise Vollard - Picasso.jpg,Highly Balanced Space,Highly Static Movement,Small Empty Space,Direct Perspective
Portrait of Dora Maar - Picasso.jpg,Mostly Balanced Space,Highly Static Movement,Intermediate Empty Space,Direct Perspective
Portrait of Pablo Picasso - Gris.jpg,Mostly Imbalanced Space,Intermediate Movement,Small Empty Space,Direct Perspective
Self Portrait with Seven Fingers - Chagall.jpg,Mostly Balanced Space,Intermediate Movement,Small Empty Space,Direct Perspective
Still life with Clarinet - Braque.jpg,Mostly Balanced Space,Highly Dynamic Movement,Small Empty Space,Intermediate Perspective
The City - Delaunay.jpg,Mostly Balanced Space,Highly Dynamic Movement,Small Empty Space,Intermediate Perspective
The City - Leger.jpg,Mostly Balanced Space,Highly Dynamic Movement,Small Empty Space,Removed Perspective
The Eiffel Tower - Delaunay.jpg,Mostly Balanced Space,Intermediate Movement,Small Empty Space,Direct Perspective
The Green Violinist - Chagall.jpg,Mostly Balanced Space,Intermediate Movement,Intermediate Empty Space,Direct Perspective
The Open Window - Gris.jpg,Mostly Imbalanced Space,Highly Dynamic Movement,Intermediate Empty Space,Direct Perspective
The Portuguese - Braque.jpg,Highly Balanced Space,Highly Dynamic Movement,Small Empty Space,Direct Perspective
The Reservoir - Picasso.jpg,Mostly Balanced Space,Intermediate Movement,Intermediate Empty Space,Removed Perspective
The Round Table - Braque.jpg,Mostly Imbalanced Space,Intermediate Movement,Small Empty Space,Direct Perspective
The Table - Gris.jpg,Highly Balanced Space,Highly Dynamic Movement,Small Empty Space,Direct Perspective
Three Musicians - Picasso.jpg,Mostly Balanced Space,Intermediate Movement,Intermediate Empty Space,Intermediate Perspective
Three Women - Picasso.jpg,Mostly Balanced Space,Highly Dynamic Movement,Small Empty Space,Direct Perspective
Violin and Candlestick - Braque.jpg,Mostly Balanced Space,Intermediate Movement,Intermediate Empty Space,Direct Perspective
Violin and Checkerboard - Gris.jpg,Highly Imbalanced Space,Highly Dynamic Movement,Small Empty Space,Direct Perspective
Violin and Guitar - Gris.jpg,Mostly Imbalanced Space,Intermediate Movement,Intermediate Empty Space,Direct Perspective
Violin and Palette - Braque.jpg,Mostly Balanced Space,Intermediate Movement,Small Empty Space,Intermediate Perspective
Woman in Hat with a Fur Collar - Picasso.jpg,Mostly Balanced Space,Highly Static Movement,Large Empty Space,Direct Perspective
Woman with Guitar - Braque.jpg,Mostly Balanced Space,Highly Dynamic Movement,Small Empty Space,Direct Perspective
Zapata-style Landscape - Rivera.jpg,Mostly Balanced Space,Intermediate Movement,Intermediate Empty Space,Direct Perspective
Guitar on a table - Gris.jpeg,Mostly Imbalanced Space,Intermediate Movement,Small Empty Space,Direct Perspective
All Saints - Kandinsky.jpg,Mostly Imbalanced Space,Highly Dynamic Movement,Small Empty Space,Intermediate Perspective
All Saints I - Kandinsky.jpg,Mostly Imbalanced Space,Highly Dynamic Movement,Small Empty Space,Direct Perspective
Blue Horse I - Marc.jpg,Mostly Balanced Space,Intermediate Movement,Small Empty Space,Direct Perspective
Blue Horses - Marc.jpg,Highly Balanced Space,Highly Dynamic Movement,Small Empty Space,Direct Perspective
Boy Leading a Horse - Picasso.jpg,Mostly Balanced Space,Intermediate Movement,Large Empty Space,Direct Perspective
Castle and Sun - Klee.jpg,Highly Balanced Space,Highly Dynamic Movement,Intermediate Empty Space,Removed Perspective
Death in a Sickroom - Munch.jpg,Highly Imbalanced Space,Highly Dynamic Movement,Intermediate Empty Space,Intermediate Perspective
Dog Lying in the Snow - Marc.jpg,Mostly Balanced Space,Intermediate Movement,Large Empty Space,Direct Perspective
Evening on Karl Johan Street - Munch.jpg,Highly Imbalanced Space,Intermediate Movement,Intermediate Empty Space,Direct Perspective
Fighting Forms - Marc.jpg,Mostly Imbalanced Space,Highly Dynamic Movement,Small Empty Space,Direct Perspective
Girls on the Bridge - Munch.jpg,Highly Imbalanced Space,Intermediate Movement,Large Empty Space,Removed Perspective
Grazing Horses IV - Marc.jpg,Highly Balanced Space,Intermediate Movement,Small Empty Space,Direct Perspective
Harmony in Red - Matisse.jpg,Mostly Imbalanced Space,Highly Dynamic Movement,Small Empty Space,Intermediate Perspective
Hermits - Schiele.jpg,Mostly Balanced Space,Highly Static Movement,Large Empty Space,Direct Perspective
Improvisation 28 - Kandinsky.jpg,Highly Imbalanced Space,Highly Dynamic Movement,Small Empty Space,Removed Perspective
L'Atelier Rouge - Matisse.jpg,Highly Balanced Space,Highly Dynamic Movement,Large Empty Space,Intermediate Perspective
Little Blue Horse - Marc.jpg,Highly Balanced Space,Intermediate Movement,Small Empty Space,Intermediate Perspective
Love and Pain - Munch.jpg,Mostly Balanced Space,Highly Static Movement,Large Empty Space,Direct Perspective
Migrants - Portinari.jpg,Mostly Imbalanced Space,Highly Static Movement,Intermediate Empty Space,Intermediate Perspective
Nude at Rest - Balthus.jpg,Mostly Imbalanced Space,Intermediate Movement,Large Empty Space,Intermediate Perspective
Nude Sitting on a Divan - Modigliani.jpg,Mostly Imbalanced Space,Highly Static Movement,Large Empty Space,Direct Perspective
Portrait of Luna Czechowski - Modigliani.jpg,Mostly Balanced Space,Highly Static Movement,Large Empty Space,Direct Perspective
Portrait of Wally - Schiele.jpg,Mostly Imbalanced Space,Highly Static Movement,Large Empty Space,Direct Perspective
Potsdamer Platz - Kirchner.jpg,Highly Imbalanced Space,Intermediate Movement,Intermediate Empty Space,Intermediate Perspective
Puberty - Munch.jpg,Mostly Balanced Space,Intermediate Movement,Large Empty Space,Intermediate Perspective
Seated Male Nude - Schiele.jpg,Highly Imbalanced Space,Intermediate Movement,Large Empty Space,Direct Perspective
Seated Nude - Modigliani.jpg,Mostly Imbalanced Space,Intermediate Movement,Intermediate Empty Space,Direct Perspective
Seated Woman with Bent Knee - Schiele.jpg,Highly Imbalanced Space,Intermediate Movement,Large Empty Space,Direct Perspective
Self Portrait - Picasso.jpg,Mostly Balanced Space,Highly Static Movement,Intermediate Empty Space,Direct Perspective
Self Portrait as a Soldier - Kirchner.jpg,Mostly Balanced Space,Intermediate Movement,Small Empty Space,Direct Perspective
Self Portrait with Chinese Lantern Plant - Schiele.jpg,Mostly Balanced Space,Highly Static Movement,Large Empty Space,Direct Perspective
Small Pleasures - Kandinsky.jpg,Mostly Imbalanced Space,Highly Dynamic Movement,Small Empty Space,Removed Perspective
Street Berlin - Kirchner.jpg,Mostly Imbalanced Space,Intermediate Movement,Intermediate Empty Space,Intermediate Perspective
Street Dresden - Kirchner.jpg,Mostly Imbalanced Space,Highly Dynamic Movement,Intermediate Empty Space,Intermediate Perspective
The Absinthe Drinker - Picasso.jpg,Mostly Balanced Space,Highly Static Movement,Large Empty Space,Direct Perspective
The Blue Rider - Kandinsky.jpg,Mostly Imbalanced Space,Highly Static Movement,Large Empty Space,Removed Perspective
The Dance of Life - Munch.jpg,Highly Balanced Space,Intermediate Movement,Intermediate Empty Space,Intermediate Perspective
The Scream - Munch.jpg,Highly Balanced Space,Intermediate Movement,Small Empty Space,Removed Perspective
The World Cow - Marc.jpg,Mostly Balanced Space,Highly Dynamic Movement,Small Empty Space,Direct Perspective
The Yellow Man - Malfatti.jpg,Mostly Imbalanced Space,Intermediate Movement,Intermediate Empty Space,Direct Perspective
Tower of Blue Horses - Marc.jpg,Mostly Imbalanced Space,Intermediate Movement,Small Empty Space,Direct Perspective
Yellow Cow - Marc.jpg,Mostly Balanced Space,Intermediate Movement,Small Empty Space,Intermediate Perspective
Young girl in a flowered hat - Jawlensky.jpg,Highly Balanced Space,Highly Static Movement,Large Empty Space,Direct Perspective
Young girl with yellow flowers in the glass - Becker.jpg,Mostly Imbalanced Space,Intermediate Movement,Large Empty Space,Direct Perspective
Death and Fire - Klee.jpeg,Mostly Balanced Space,Highly Static Movement,Intermediate Empty Space,Direct Perspective
Fish Magic - Klee.jpeg,Mostly Balanced Space,Highly Dynamic Movement,Large Empty Space,Removed Perspective
La Blouse Roumaine - Matisse.jpeg,Mostly Imbalanced Space,Intermediate Movement,Intermediate Empty Space,Direct Perspective
Portrait of Gertrude Stien - Picasso.jpeg,Mostly Balanced Space,Highly Static Movement,Large Empty Space,Direct Perspective
The Old Guitarist - Picasso.jpeg,Mostly Imbalanced Space,Highly Dynamic Movement,Intermediate Empty Space,Intermediate Perspective
Banks of the Seine at Chatou - Vlaminck.jpg,Mostly Imbalanced Space,Highly Dynamic Movement,Small Empty Space,Intermediate Perspective
Boats at Martigues - Dufy.jpg,Highly Balanced Space,Highly Dynamic Movement,Intermediate Empty Space,Intermediate Perspective
Bonheur de Vivre - Matisse.jpg,Mostly Balanced Space,Highly Dynamic Movement,Large Empty Space,Removed Perspective
Charing Cross Bridge - Derain.jpg,Mostly Imbalanced Space,Highly Dynamic Movement,Intermediate Empty Space,Removed Perspective
Church Tower at Domburg - Mondrian.jpg,Mostly Imbalanced Space,Highly Static Movement,Intermediate Empty Space,Direct Perspective
Collioure Interior - Matisse.jpg,Mostly Imbalanced Space,Highly Dynamic Movement,Intermediate Empty Space,Intermediate Perspective
Dance - Matisse.jpg,Mostly Balanced Space,Highly Dynamic Movement,Large Empty Space,Intermediate Perspective
Dune IV - Mondrain.jpg,Mostly Balanced Space,Intermediate Movement,Large Empty Space,Removed Perspective
Goldfish - Matisse.jpg,Mostly Balanced Space,Highly Static Movement,Small Empty Space,Intermediate Perspective
Lady in the hat - Mashkov.jpg,Highly Balanced Space,Highly Static Movement,Large Empty Space,Direct Perspective
Landscape near Antwerp - Braque.jpg,Mostly Balanced Space,Highly Dynamic Movement,Intermediate Empty Space,Removed Perspective
Landscape Near Chatou - Derain.jpg,Mostly Imbalanced Space,Intermediate Movement,Small Empty Space,Removed Perspective
Landscape with Red Roofs - Vlaminck.jpg,Mostly Imbalanced Space,Intermediate Movement,Large Empty Space,Removed Perspective
Le cafe Maure - Matisse.jpg,Mostly Imbalanced Space,Highly Static Movement,Large Empty Space,Intermediate Perspective
Les Toit de Collioure - Matisse.jpg,Mostly Balanced Space,Intermediate Movement,Small Empty Space,Removed Perspective
Luxe - Matisse.jpg,Mostly Imbalanced Space,Intermediate Movement,Intermediate Empty Space,Removed Perspective
Mountains at Collioure - Derain.jpg,Mostly Balanced Space,Highly Dynamic Movement,Small Empty Space,Removed Perspective
Notre Dame - Matisse.jpg,Highly Imbalanced Space,Highly Dynamic Movement,Intermediate Empty Space,Removed Perspective
Portrait of Andre Derain - Matisse.jpg,Mostly Balanced Space,Highly Static Movement,Intermediate Empty Space,Direct Perspective
Portrait of Matisse - Derain.jpg,Highly Balanced Space,Highly Static Movement,Intermediate Empty Space,Direct Perspective
Portrait of the Son - Konchalovsky.jpg,Mostly Imbalanced Space,Highly Dynamic Movement,Small Empty Space,Direct Perspective
Prades the Village - Miro.jpg,Mostly Imbalanced Space,Highly Dynamic Movement,Intermediate Empty Space,Removed Perspective
Regent Street - Derain.jpg,Mostly Balanced Space,Highly Dynamic Movement,Intermediate Empty Space,Removed Perspective
Self Portrait - Matisse.jpg,Mostly Balanced Space,Highly Static Movement,Large Empty Space,Direct Perspective
Ship at La Harve - Braque.jpg,Mostly Imbalanced Space,Highly Dynamic Movement,Intermediate Empty Space,Intermediate Perspective
Street Lamp - Marquet.jpg,Mostly Balanced Space,Highly Dynamic Movement,Intermediate Empty Space,Intermediate Perspective
The Blue Nude - Matisse.jpg,Mostly Imbalanced Space,Intermediate Movement,Small Empty Space,Direct Perspective
The Blue Window - Matisse.jpg,Mostly Balanced Space,Highly Static Movement,Intermediate Empty Space,Intermediate Perspective
The Corn Poppy - Dongen.jpg,Mostly Balanced Space,Highly Static Movement,Large Empty Space,Direct Perspective
The Dance - Derain.jpg,Mostly Balanced Space,Highly Dynamic Movement,Small Empty Space,Intermediate Perspective
The Estaque - Braque.jpg,Mostly Balanced Space,Highly Dynamic Movement,Small Empty Space,Removed Perspective
The Green Line - Matisse.jpg,Highly Balanced Space,Highly Static Movement,Intermediate Empty Space,Direct Perspective
The Moulade - Matisse.jpg,Mostly Imbalanced Space,Highly Dynamic Movement,Small Empty Space,Removed Perspective
The Open Window - Matisse.jpg,Highly Balanced Space,Intermediate Movement,Intermediate Empty Space,Intermediate Perspective
The Turning Road - Derain.jpg,Highly Balanced Space,Highly Dynamic Movement,Small Empty Space,Removed Perspective
Turkisches Cafe - Macke.jpg,Mostly Imbalanced Space,Highly Static Movement,Intermediate Empty Space,Intermediate Perspective
Windmill in Sunlight - Mondrain.jpg,Mostly Balanced Space,Intermediate Movement,Small Empty Space,Intermediate Perspective
Window Opening on Nice - Dufy.jpg,Mostly Balanced Space,Highly Dynamic Movement,Small Empty Space,Intermediate Perspective
Woman with a Hat - Matisse.jpg,Mostly Balanced Space,Highly Static Movement,Large Empty Space,Direct Perspective
Zorah on the Terrace - Matisse.jpg,Mostly Balanced Space,Highly Static Movement,Large Empty Space,Intermediate Perspective
Bougival - Vlaminck.jpeg,Mostly Balanced Space,Intermediate Movement,Small Empty Space,Removed Perspective
Portrait of Derain - Vlaminck.jpeg,Mostly Balanced Space,Highly Static Movement,Intermediate Empty Space,Direct Perspective
Posters at Trouville - Dufy.jpeg,Mostly Balanced Space,Highly Dynamic Movement,Intermediate Empty Space,Removed Perspective
Self Portrait with a Cap - Derain.jpeg,Mostly Imbalanced Space,Highly Static Movement,Small Empty Space,Direct Perspective
Still life with Grapes - Mashov.jpeg,Mostly Imbalanced Space,Intermediate Movement,Intermediate Empty Space,Direct Perspective
The Piano Lesson - Matisse.jpeg,Mostly Imbalanced Space,Intermediate Movement,Large Empty Space,Intermediate Perspective
The Red Mill - Mondrian.jpeg,Highly Balanced Space,Highly Static Movement,Large Empty Space,Direct Perspective
The River Seine at Chatou - Vlaminck.jpeg,Mostly Imbalanced Space,Highly Dynamic Movement,Small Empty Space,Removed Perspective
Tugboat on the Siene - Vlaminck.jpeg,Mostly Balanced Space,Intermediate Movement,Small Empty Space,Removed Perspective
A Girl with a Watering Can - Renoir.jpg,Mostly Balanced Space,Highly Static Movement,Intermediate Empty Space,Intermediate Perspective
A Stream Beneath the Poplars - Perry.jpg,Highly Balanced Space,Intermediate Movement,Small Empty Space,Intermediate Perspective
At the Races in the Countryside - degas.jpg,Highly Imbalanced Space,Intermediate Movement,Large Empty Space,Removed Perspective
Autumn Effect at Argenteuil - Monet.jpg,Mostly Imbalanced Space,Highly Static Movement,Small Empty Space,Removed Perspective
Autumn-Banks of the Seine near Bougival - Sisley.jpg,Mostly Balanced Space,Highly Static Movement,Large Empty Space,Removed Perspective
Boulevard de Capucines - Monet.jpg,Highly Imbalanced Space,Highly Dynamic Movement,Intermediate Empty Space,Removed Perspective
Cafe-Concert at Les Ambassadeurs - Degas.jpg,Mostly Imbalanced Space,Highly Static Movement,Small Empty Space,Intermediate Perspective
Camille Monet and a Child in the Artist's Garden at Argenteuil - Monet.jpg,Mostly Imbalanced Space,Intermediate Movement,Small Empty Space,Intermediate Perspective
Caprice in Purple and Gold - Whistler.jpg,Highly Imbalanced Space,Highly Dynamic Movement,Small Empty Space,Intermediate Perspective
Cliff Walk at Pourville - Monet.jpg,Highly Imbalanced Space,Highly Static Movement,Small Empty Space,Removed Perspective
Dal du moulin de la Galette - Renoir.jpg,Mostly Balanced Space,Intermediate Movement,Small Empty Space,Intermediate Perspective
Girl with Peaches - Serov.jpg,Highly Balanced Space,Highly Static Movement,Intermediate Empty Space,Intermediate Perspective
Grainstack - Monet.jpg,Highly Imbalanced Space,Intermediate Movement,Intermediate Empty Space,Intermediate Perspective
Haystacks - Monet.jpg,Mostly Balanced Space,Highly Static Movement,Intermediate Empty Space,Intermediate Perspective
Hoarfrost - Pissarro.jpg,Highly Balanced Space,Highly Dynamic Movement,Small Empty Space,Removed Perspective
Hunting Butterflies - Morisot.jpg,Mostly Imbalanced Space,Intermediate Movement,Small Empty Space,Intermediate Perspective
In the Loge - Cassatt.jpg,Highly Imbalanced Space,Highly Static Movement,Intermediate Empty Space,Direct Perspective
La Gare Saint-Lazare - Monet.jpg,Highly Balanced Space,Highly Dynamic Movement,Small Empty Space,Removed Perspective
La Loge - Renoir.jpg,Mostly Balanced Space,Highly Static Movement,Small Empty Space,Direct Perspective
La Promenade - Renoir.jpg,Mostly Imbalanced Space,Intermediate Movement,Small Empty Space,Intermediate Perspective
Les Bain a la Grenoullere - Monet.jpg,Mostly Imbalanced Space,Highly Dynamic Movement,Small Empty Space,Removed Perspective
Little Girl in a Blue Armchair - Cassatt.jpg,Mostly Balanced Space,Intermediate Movement,Small Empty Space,Intermediate Perspective
Luncheon on the Grass - Monet.jpg,Mostly Balanced Space,Intermediate Movement,Small Empty Space,Intermediate Perspective
Madame Georges Charpentier - Renoir.jpg,Highly Imbalanced Space,Intermediate Movement,Small Empty Space,Intermediate Perspective
Man at his Bath - Caillebotte.jpg,Mostly Imbalanced Space,Highly Static Movement,Intermediate Empty Space,Intermediate Perspective
Poplars - Monet.jpg,Mostly Balanced Space,Intermediate Movement,Intermediate Empty Space,Removed Perspective
Study - Renior.jpg,Mostly Balanced Space,Intermediate Movement,Small Empty Space,Direct Perspective
The Basin at Argenteuil - Monet.jpg,Mostly Imbalanced Space,Intermediate Movement,Small Empty Space,Removed Perspective
The Bellelli Family - Degas.jpg,Mostly Imbalanced Space,Highly Dynamic Movement,Small Empty Space,Intermediate Perspective
The Childs Bath - Cassatt.jpg,Mostly Balanced Space,Highly Static Movement,Small Empty Space,Intermediate Perspective
The Cradle - Morisot.jpg,Mostly Balanced Space,Intermediate Movement,Intermediate Empty Space,Intermediate Perspective
The Girl Covered by the Sun - Serov.jpg,Mostly Imbalanced Space,Highly Static Movement,Small Empty Space,Direct Perspective
The Grands Boulevard - Renoir.jpg,Mostly Balanced Space,Highly Dynamic Movement,Intermediate Empty Space,Removed Perspective
The Harbor at Lorient - Morisot.jpg,Mostly Balanced Space,Intermediate Movement,Large Empty Space,Removed Perspective
The Swing - Renoir.jpg,Mostly Balanced Space,Intermediate Movement,Small Empty Space,Intermediate Perspective
The Water Lilies - Monet.jpg,Mostly Imbalanced Space,Highly Dynamic Movement,Intermediate Empty Space,Direct Perspective
Two Sisters - Renoir.jpg,Mostly Balanced Space,Intermediate Movement,Small Empty Space,Intermediate Perspective
Visit to a Museum - Degas.jpg,Highly Imbalanced Space,Intermediate Movement,Small Empty Space,Intermediate Perspective
Woman with the Pearl Necklace - Cassatt.jpg,Mostly Balanced Space,Highly Static Movement,Small Empty Space,Direct Perspective
Women in the Garden - Monet.jpg,Mostly Imbalanced Space,Highly Dynamic Movement,Small Empty Space,Intermediate Perspective
Floor Scrappers - Caillebotte.jpeg,Mostly Imbalanced Space,Highly Dynamic Movement,Small Empty Space,Intermediate Perspective
Impression Sunrise - Monet.jpeg,Mostly Balanced Space,Intermediate Movement,Large Empty Space,Removed Perspective
Luncheon of the Boating Party - Renoir.jpeg,Mostly Imbalanced Space,Highly Dynamic Movement,Small Empty Space,Intermediate Perspective
Paris Street Rainy Day - Caillebotte.jpeg,Highly Imbalanced Space,Highly Dynamic Movement,Small Empty Space,Removed Perspective
Poppies - Monet.jpeg,Mostly Balanced Space,Intermediate Movement,Large Empty Space,Removed Perspective
The Ballet Class - Degas.jpeg,Highly Imbalanced Space,Highly Dynamic Movement,Intermediate Empty Space,Intermediate Perspective
The Boulevard Montmarte - Pissaro.jpeg,Highly Balanced Space,Intermediate Movement,Intermediate Empty Space,Removed Perspective
Woman with a Parasol - Monet.jpeg,Mostly Balanced Space,Highly Static Movement,Small Empty Space,Intermediate Perspective
Women Walking on a Beach - Sorolla.jpeg,Highly Balanced Space,Intermediate Movement,Intermediate Empty Space,Intermediate Perspective
Achilles Receiving the Ambassadors of Agamemnon.jpg,Mostly Balanced Space,Intermediate Movement,Small Empty Space,Direct Perspective
Ancient Rome - Panini.jpg,Highly Balanced Space,Highly Dynamic Movement,Small Empty Space,Removed Perspective
Aqueduct in Ruins - Robert.jpg,Highly Balanced Space,Highly Dynamic Movement,Intermediate Empty Space,Removed Perspective
Benjamin Franklin Drawing Electricity from the Sky - West.jpg,Mostly Balanced Space,Highly Static Movement,Small Empty Space,Intermediate Perspective
Charles Towneley in his sculpture gallery - Zoffany.jpg,Mostly Balanced Space,Intermediate Movement,Intermediate Empty Space,Intermediate Perspective
Cornelia Pointing to her Children as Her Treasures - Kauffmann.jpg,Highly Balanced Space,Intermediate Movement,Intermediate Empty Space,Intermediate Perspective
Diana and Cupid - Batoni.jpg,Highly Imbalanced Space,Intermediate Movement,Small Empty Space,Intermediate Perspective
Fantasy view - Panini.jpg,Highly Balanced Space,Highly Dynamic Movement,Small Empty Space,Removed Perspective
Johann Joachim Winckelmann.jpg,Highly Balanced Space,Highly Static Movement,Intermediate Empty Space,Intermediate Perspective
Judgement of Paris - Mengs.jpg,Mostly Imbalanced Space,Intermediate Movement,Small Empty Space,Intermediate Perspective
Julie Lebrun as Flora - Le Brun.jpg,Mostly Balanced Space,Highly Static Movement,Intermediate Empty Space,Direct Perspective
Jupiter and Thetis - Ingres.jpg,Highly Balanced Space,Intermediate Movement,Intermediate Empty Space,Intermediate Perspective
Madame Raymod de Verninac - David.jpg,Mostly Balanced Space,Intermediate Movement,Large Empty Space,Intermediate Perspective
Modern Romania - Tattarescu.jpg,Highly Imbalanced Space,Intermediate Movement,Intermediate Empty Space,Intermediate Perspective
Napoleon Crossing the Alps - David.jpg,Highly Imbalanced Space,Highly Static Movement,Small Empty Space,Intermediate Perspective
Napoleon I on his Imperial Throne - Ingres.jpg,Highly Balanced Space,Intermediate Movement,Small Empty Space,Intermediate Perspective
Perseus and Andromeda - Leighton.jpg,Mostly Balanced Space,Highly Dynamic Movement,Small Empty Space,Intermediate Perspective
Portrait of Antoine-Laurent Lavoisier and his wife - David.jpg,Mostly Balanced Space,Highly Static Movement,Intermediate Empty Space,Intermediate Perspective
Portrait of Citizen Jean-Baptiste Belley - Trioson.jpg,Mostly Imbalanced Space,Intermediate Movement,Intermediate Empty Space,Intermediate Perspective
Portrait of Madame Recamier - David.jpg,Highly Imbalanced Space,Intermediate Movement,Small Empty Space,Intermediate Perspective
Portrait of Madeline - Benoist.jpg,Mostly Imbalanced Space,Intermediate Movement,Large Empty Space,Direct Perspective
Portrait of Susanna van Collen nee Mogge and her daughter - Numan.jpg,Mostly Balanced Space,Intermediate Movement,Small Empty Space,Intermediate Perspective
Self-portrait - Benoist.jpg,Mostly Balanced Space,Intermediate Movement,Intermediate Empty Space,Direct Perspective
The Anger of Achilles - David.jpg,Highly Balanced Space,Highly Dynamic Movement,Small Empty Space,Direct Perspective
The Architects Dream - Cole.jpg,Mostly Imbalanced Space,Intermediate Movement,Intermediate Empty Space,Removed Perspective
The Death of Nelson - West.jpg,Mostly Balanced Space,Highly Dynamic Movement,Small Empty Space,Removed Perspective
The Death of Seneca - David.jpg,Highly Balanced Space,Highly Dynamic Movement,Small Empty Space,Intermediate Perspective
The Death of Socrates - David.jpg,Mostly Balanced Space,Highly Static Movement,Large Empty Space,Intermediate Perspective
The Emperor Napoleon in his Study at the Tuileries - David.jpg,Highly Balanced Space,Intermediate Movement,Small Empty Space,Intermediate Perspective
The Intervention of the Sabine Woman - David.jpg,Mostly Balanced Space,Intermediate Movement,Small Empty Space,Removed Perspective
The Lictors Returning to Brutus the Bodies of his sons - David.jpg,Highly Balanced Space,Intermediate Movement,Intermediate Empty Space,Removed Perspective
The Sleep of Endymion - Girodet.jpg,Highly Imbalanced Space,Intermediate Movement,Intermediate Empty Space,Direct Perspective
Virgil reading to Augustus - Ingres.jpg,Highly Balanced Space,Highly Dynamic Movement,Small Empty Space,Intermediate Perspective
Burial of Atala - Trioson.jpeg,Mostly Imbalanced Space,Highly Dynamic Movement,Intermediate Empty Space,Intermediate Perspective
Dante and Virgil - Bouguereau.jpeg,Mostly Balanced Space,Highly Dynamic Movement,Intermediate Empty Space,Intermediate Perspective
L'excommunication de Robert le Pieux - Laurens.jpeg,Mostly Imbalanced Space,Intermediate Movement,Large Empty Space,Removed Perspective
Leonidas at Thermopylae - David.jpeg,Highly Balanced Space,Highly Static Movement,Intermediate Empty Space,Removed Perspective
Oedipus Explaining the Enigma of the Sphinx - Ingres.jpeg,Mostly Imbalanced Space,Highly Dynamic Movement,Intermediate Empty Space,Intermediate Perspective
Portrait of Monsieur Bertin - Inres.jpeg,Mostly Balanced Space,Highly Static Movement,Large Empty Space,Intermediate Perspective
Princesse de Broglie - Ingres.jpeg,Highly Balanced Space,Intermediate Movement,Intermediate Empty Space,Intermediate Perspective
The Artist and His Family - West.jpeg,Mostly Imbalanced Space,Highly Dynamic Movement,Intermediate Empty Space,Intermediate Perspective
The Coronation of Napoleon - David.jpeg,Mostly Imbalanced Space,Intermediate Movement,Small Empty Space,Removed Perspective
The Cupid Seller - Vien.jpeg,Highly Imbalanced Space,Highly Dynamic Movement,Intermediate Empty Space,Intermediate Perspective
The Damsel and Orlando - West.jpeg,Mostly Balanced Space,Intermediate Movement,Small Empty Space,Intermediate Perspective
The Death of General Wolfe - West.jpeg,Mostly Balanced Space,Highly Dynamic Movement,Intermediate Empty Space,Intermediate Perspective
The Death of Leonardo da Vinci - Ingres.jpeg,Mostly Balanced Space,Highly Static Movement,Intermediate Empty Space,Intermediate Perspective
The Death of Marat - David.jpeg,Mostly Imbalanced Space,Intermediate Movement,Large Empty Space,Intermediate Perspective
The Explusion of Adam and Eve from Paradise - West.jpeg,Highly Imbalanced Space,Intermediate Movement,Intermediate Empty Space,Removed Perspective
The Oath of Horatii - David.jpeg,Mostly Balanced Space,Highly Dynamic Movement,Intermediate Empty Space,Intermediate Perspective
A Sunday on La Grande Jatte.jpg,Highly Balanced Space,Highly Dynamic Movement,Small Empty Space,Removed Perspective
A Wheatfield with Cypresses - van Gogh.jpg,Highly Imbalanced Space,Highly Dynamic Movement,Small Empty Space,Removed Perspective
Arearea - Gauguin.jpg,Highly Balanced Space,Intermediate Movement,Intermediate Empty Space,Removed Perspective
At the Moulin Rouge - Lautrec.jpg,Highly Imbalanced Space,Highly Dynamic Movement,Intermediate Empty Space,Intermediate Perspective
Bathers - Cezanne.jpg,Highly Balanced Space,Intermediate Movement,Intermediate Empty Space,Intermediate Perspective
Boy in a Red Vest - Cezanne.jpg,Mostly Imbalanced Space,Highly Dynamic Movement,Large Empty Space,Direct Perspective
Breton Girls Dancing - Gauguin.jpg,Mostly Balanced Space,Intermediate Movement,Intermediate Empty Space,Intermediate Perspective
Cafe Terrace at Night - van Gogh.jpg,Mostly Imbalanced Space,Highly Static Movement,Small Empty Space,Removed Perspective
Coastal Landscape from Martinique - Gauguin.jpg,Mostly Balanced Space,Highly Dynamic Movement,Intermediate Empty Space,Removed Perspective
Coming and Going - Gauguin.jpg,Mostly Imbalanced Space,Highly Dynamic Movement,Small Empty Space,Removed Perspective
Day of God - Gauguin.jpg,Highly Balanced Space,Intermediate Movement,Small Empty Space,Removed Perspective
Evening Calm - Signac.jpg,Mostly Balanced Space,Intermediate Movement,Large Empty Space,Removed Perspective
Harvest at La Crau - van Gogh.jpg,Highly Balanced Space,Highly Dynamic Movement,Intermediate Empty Space,Removed Perspective
Irises - van Gogh.jpg,Mostly Imbalanced Space,Highly Dynamic Movement,Small Empty Space,Direct Perspective
Le Chahut - Seurat.jpg,Highly Imbalanced Space,Highly Dynamic Movement,Small Empty Space,Intermediate Perspective
Madame Cezanne - Cezanne.jpg,Mostly Balanced Space,Highly Static Movement,Small Empty Space,Intermediate Perspective
Models - Seurat.jpg,Highly Balanced Space,Intermediate Movement,Small Empty Space,Intermediate Perspective
Mont Sainte-Victorie - Cezanne.jpg,Mostly Balanced Space,Highly Dynamic Movement,Small Empty Space,Removed Perspective
Morning Calm - Signac.jpg,Highly Balanced Space,Intermediate Movement,Large Empty Space,Removed Perspective
Parade de cirque - Seurat.jpg,Highly Balanced Space,Highly Dynamic Movement,Small Empty Space,Removed Perspective
Paul Alexis reading to Emile Zola - Cezanne.jpg,Mostly Balanced Space,Intermediate Movement,Intermediate Empty Space,Intermediate Perspective
Road with Cypress and Star - van Gogh.jpg,Mostly Imbalanced Space,Highly Dynamic Movement,Small Empty Space,Removed Perspective
Seascape Near Les Saintes - van Gogh.jpg,Mostly Balanced Space,Highly Dynamic Movement,Small Empty Space,Removed Perspective
Self-portrait dedicated to Vincent van Gogh - Gauguin.jpg,Highly Imbalanced Space,Highly Dynamic Movement,Large Empty Space,Direct Perspective
Self-portrait in a hat - Gauguin.jpg,Mostly Balanced Space,Highly Static Movement,Intermediate Empty Space,Direct Perspective
Self-portrait with bandaged ear - van gogh.jpg,Mostly Balanced Space,Highly Static Movement,Small Empty Space,Direct Perspective
Spirit of the Dead Watching - Gauguin.jpg,Mostly Imbalanced Space,Highly Dynamic Movement,Intermediate Empty Space,Intermediate Perspective
Starry Night over the Rhone - van Gogh.jpg,Mostly Balanced Space,Highly Dynamic Movement,Intermediate Empty Space,Removed Perspective
Still Life with Plaster Cupid - Cezanne.jpg,Mostly Balanced Space,Intermediate Movement,Intermediate Empty Space,Direct Perspective
The Basket of Apples - Cezanne.jpg,Mostly Imbalanced Space,Intermediate Movement,Intermediate Empty Space,Intermediate Perspective
The Bather - Cezanne.jpg,Mostly Balanced Space,Intermediate Movement,Intermediate Empty Space,Intermediate Perspective
The Bedroom - van Gogh.jpg,Mostly Imbalanced Space,Highly Dynamic Movement,Intermediate Empty Space,Direct Perspective
The Card Players - Cezanne.jpg,Mostly Imbalanced Space,Intermediate Movement,Intermediate Empty Space,Intermediate Perspective
The Church at Auvers - van Gogh.jpg,Mostly Balanced Space,Highly Dynamic Movement,Small Empty Space,Intermediate Perspective
The Dream - Rosseau.jpg,Mostly Imbalanced Space,Highly Dynamic Movement,Small Empty Space,Removed Perspective
The Mango Trees - Gauguin.jpg,Mostly Balanced Space,Intermediate Movement,Intermediate Empty Space,Intermediate Perspective
The Painter of Sunflowers - Gauguin.jpg,Mostly Balanced Space,Highly Dynamic Movement,Small Empty Space,Direct Perspective
The Red Cow - Gauguin.jpg,Highly Balanced Space,Highly Dynamic Movement,Intermediate Empty Space,Removed Perspective
The Red Rock - Cezanne.jpg,Mostly Imbalanced Space,Highly Dynamic Movement,Intermediate Empty Space,Removed Perspective
The Sleeping Gypsy - Rosseau.jpg,Mostly Balanced Space,Intermediate Movement,Large Empty Space,Intermediate Perspective
The Starry Night - van Gogh.jpg,Highly Imbalanced Space,Highly Dynamic Movement,Small Empty Space,Removed Perspective
Tiger in a Tropical Storm - Rosseau.jpg,Mostly Imbalanced Space,Highly Static Movement,Small Empty Space,Removed Perspective
Tropical Conversation - Gauguin.jpg,Mostly Imbalanced Space,Highly Dynamic Movement,Small Empty Space,Intermediate Perspective
Turning Road at Montgeroult - Cezanne.jpg,Mostly Imbalanced Space,Highly Static Movement,Intermediate Empty Space,Removed Perspective
Vision after the Sermon - Gauguin.jpg,Mostly Imbalanced Space,Highly Dynamic Movement,Intermediate Empty Space,Intermediate Perspective
Wheatfield with Crows - van Gogh.jpg,Highly Balanced Space,Highly Dynamic Movement,Small Empty Space,Removed Perspective
When will you marry - Gauguin.jpg,Mostly Balanced Space,Intermediate Movement,Intermediate Empty Space,Intermediate Perspective
Self-portrait dedicated to Paul Gauguin - van Gogh.jpeg,Mostly Imbalanced Space,Highly Static Movement,Large Empty Space,Direct Perspective
Still Life with Apples - Cezanne.jpeg,Mostly Imbalanced Space,Intermediate Movement,Intermediate Empty Space,Intermediate Perspective
A Burial at Ornans - Courbet.jpg,Highly Balanced Space,Highly Dynamic Movement,Small Empty Space,Removed Perspective
A Loge at the Theater des Italiens - Gonzales.jpg,Mostly Balanced Space,Intermediate Movement,Large Empty Space,Intermediate Perspective
Autum Day - Levitan.jpg,Mostly Balanced Space,Highly Dynamic Movement,Intermediate Empty Space,Removed Perspective
Autumn Bouquet - Repin.jpg,Mostly Balanced Space,Intermediate Movement,Small Empty Space,Intermediate Perspective
Bar at the Folies-Bergere - Manet.jpg,Mostly Imbalanced Space,Highly Static Movement,Small Empty Space,Intermediate Perspective
Barge Haulers on the Volga - Repin.jpg,Mostly Imbalanced Space,Highly Dynamic Movement,Intermediate Empty Space,Removed Perspective
Beach at Scheveningen in Stormy Weather - van Gogh.jpg,Mostly Balanced Space,Highly Dynamic Movement,Intermediate Empty Space,Removed Perspective
Corner of a Cafe-Concert - Manet.jpg,Mostly Balanced Space,Intermediate Movement,Small Empty Space,Intermediate Perspective
Emile Zola - Manet.jpg,Mostly Balanced Space,Highly Static Movement,Intermediate Empty Space,Intermediate Perspective
Family Portrait - Ostade.jpg,Highly Balanced Space,Highly Dynamic Movement,Intermediate Empty Space,Removed Perspective
Femme nu Couchee - Courbet.jpg,Mostly Imbalanced Space,Intermediate Movement,Large Empty Space,Intermediate Perspective
Golden Autumn - Levitan.jpg,Highly Imbalanced Space,Highly Dynamic Movement,Intermediate Empty Space,Removed Perspective
Hawning Apprentice - Mankacsy.jpg,Mostly Imbalanced Space,Highly Static Movement,Large Empty Space,Direct Perspective
Hunters at Rest - Perov.jpg,Mostly Balanced Space,Intermediate Movement,Large Empty Space,Intermediate Perspective
In the Conservatory - Manet.jpg,Highly Balanced Space,Intermediate Movement,Small Empty Space,Intermediate Perspective
Ivan the Terrible and His Son Ivan - Repin.jpg,Highly Balanced Space,Highly Static Movement,Large Empty Space,Removed Perspective
Jewess with Oranges - Gierymski.jpg,Highly Balanced Space,Highly Static Movement,Intermediate Empty Space,Direct Perspective
L'Angelus - Millet.jpg,Highly Balanced Space,Intermediate Movement,Intermediate Empty Space,Intermediate Perspective
La rencontre - Courbet.jpg,Mostly Balanced Space,Highly Dynamic Movement,Intermediate Empty Space,Intermediate Perspective
Les Demoiselles du bord de la Seine - Courbet.jpg,Mostly Balanced Space,Intermediate Movement,Small Empty Space,Intermediate Perspective
Morning in a Pine Forest - Shishkin.jpg,Mostly Balanced Space,Intermediate Movement,Small Empty Space,Removed Perspective
Music in the Tuileries Gardens - Manet.jpg,Highly Balanced Space,Intermediate Movement,Small Empty Space,Removed Perspective
Olympia - Manet.jpg,Mostly Balanced Space,Intermediate Movement,Intermediate Empty Space,Intermediate Perspective
Ploughing in the Nivernais - Bonheur.jpg,Mostly Imbalanced Space,Intermediate Movement,Large Empty Space,Removed Perspective
Plum Brandy - Manet.jpg,Mostly Balanced Space,Intermediate Movement,Small Empty Space,Direct Perspective
Portrait of an Unknown Woman - Kramskoi.jpg,Mostly Balanced Space,Highly Static Movement,Large Empty Space,Intermediate Perspective
Science and Charity - Picasso.jpg,Mostly Balanced Space,Intermediate Movement,Small Empty Space,Intermediate Perspective
Sheep in the Highlands - Bonheur.jpg,Mostly Imbalanced Space,Highly Dynamic Movement,Intermediate Empty Space,Intermediate Perspective
Skull of a Skeleton with Burning Cigarette - van Gogh.jpg,Mostly Balanced Space,Highly Dynamic Movement,Intermediate Empty Space,Direct Perspective
Taking a Snow Town - Surikov.jpg,Mostly Balanced Space,Highly Dynamic Movement,Large Empty Space,Removed Perspective
The Apotheosis of War - Vereschchagin.jpg,Mostly Balanced Space,Highly Dynamic Movement,Intermediate Empty Space,Intermediate Perspective
The Daughters of Edward Darley Boit.jpg,Highly Imbalanced Space,Highly Dynamic Movement,Large Empty Space,Removed Perspective
The Fifer - Manet.jpg,Mostly Balanced Space,Intermediate Movement,Large Empty Space,Intermediate Perspective
The First Mourning - Bouguereau.jpg,Highly Balanced Space,Highly Dynamic Movement,Large Empty Space,Intermediate Perspective
The Gleaners - Millet.jpg,Mostly Balanced Space,Intermediate Movement,Large Empty Space,Removed Perspective
The Little Cavaliers - Manet.jpg,Mostly Balanced Space,Highly Dynamic Movement,Intermediate Empty Space,Removed Perspective
The Morning of the Streltsy Execution - Surikov.jpg,Highly Imbalanced Space,Highly Dynamic Movement,Small Empty Space,Removed Perspective
The Painter's Studio - Courbet.jpg,Mostly Balanced Space,Highly Dynamic Movement,Small Empty Space,Removed Perspective
The Railway - Manet.jpg,Mostly Balanced Space,Intermediate Movement,Small Empty Space,Intermediate Perspective
The Rooks Have Come Back - Savrasov.jpg,Mostly Balanced Space,Intermediate Movement,Intermediate Empty Space,Intermediate Perspective
The Violoncellist - Courbet.jpg,Highly Balanced Space,Highly Static Movement,Large Empty Space,Direct Perspective
The Wheat Sifters - Courbet.jpg,Mostly Balanced Space,Highly Dynamic Movement,Intermediate Empty Space,Intermediate Perspective
Valley of the Loue - Courbet.jpg,Highly Imbalanced Space,Highly Dynamic Movement,Intermediate Empty Space,Removed Perspective
Whistler's Mother - Whistler.jpg,Mostly Balanced Space,Highly Static Movement,Intermediate Empty Space,Intermediate Perspective
Luncheon on the Grass - Manet.jpeg,Mostly Balanced Space,Intermediate Movement,Intermediate Empty Space,Removed Perspective
Silent Monastary - Levitan.jpeg,Highly Balanced Space,Highly Dynamic Movement,Intermediate Empty Space,Removed Perspective
The Potato Eaters - van Gogh.jpeg,Highly Balanced Space,Highly Dynamic Movement,Small Empty Space,Intermediate Perspective
The Shepherdess - Bouguereau.jpeg,Highly Balanced Space,Intermediate Movement,Intermediate Empty Space,Intermediate Perspective
The Stone Breakers - Courbet.jpeg,Highly Balanced Space,Highly Dynamic Movement,Intermediate Empty Space,Intermediate Perspective
A goldsmith in his shop - Christus.jpg,Mostly Imbalanced Space,Highly Dynamic Movement,Small Empty Space,Direct Perspective
Adoration of the Kings - van der Goes.jpg,Highly Balanced Space,Highly Dynamic Movement,Small Empty Space,Removed Perspective
Adoration of the Magi - Botticelli.jpg,Highly Balanced Space,Highly Dynamic Movement,Small Empty Space,Removed Perspective
Arnolfini Portrait - van Eyck.jpg,Highly Balanced Space,Intermediate Movement,Small Empty Space,Intermediate Perspective
Baptism of Christ - Verrocchio.jpg,Mostly Balanced Space,Intermediate Movement,Small Empty Space,Intermediate Perspective
Birth of the Virgin - Ghirlandaio.jpg,Mostly Balanced Space,Highly Dynamic Movement,Small Empty Space,Removed Perspective
Calumny of Apelles - Botticelli.jpg,Mostly Balanced Space,Highly Dynamic Movement,Small Empty Space,Removed Perspective
Christ and the Virgin - Campin.jpg,Highly Balanced Space,Highly Dynamic Movement,Small Empty Space,Direct Perspective
Christ Giving the Keys of the Kingdom to St. Peter - Perugino.jpg,Highly Balanced Space,Highly Dynamic Movement,Small Empty Space,Removed Perspective
Crucifixion with the Virgin and St. John - van der weyden.jpg,Highly Balanced Space,Highly Dynamic Movement,Small Empty Space,Intermediate Perspective
Danae - Correggio.jpg,Mostly Imbalanced Space,Highly Dynamic Movement,Small Empty Space,Intermediate Perspective
Death of the Virgin - Mantegna.jpg,Highly Balanced Space,Intermediate Movement,Intermediate Empty Space,Intermediate Perspective
La Primavera (Spring) - Botticelli.jpg,Mostly Balanced Space,Highly Dynamic Movement,Small Empty Space,Removed Perspective
Lamentation of Christ - Mantegna.jpg,Mostly Imbalanced Space,Intermediate Movement,Small Empty Space,Direct Perspective
Madonna and Child - Crivelli.jpg,Highly Balanced Space,Intermediate Movement,Small Empty Space,Direct Perspective
Madonna and Child with Two Angels - Fra Filippo Lippi.jpg,Mostly Balanced Space,Intermediate Movement,Small Empty Space,Direct Perspective
Madonna in the Church - van Eyck.jpg,Highly Balanced Space,Highly Static Movement,Small Empty Space,Intermediate Perspective
Madonna of the Meadow - Raphael.jpg,Highly Balanced Space,Intermediate Movement,Large Empty Space,Intermediate Perspective
Miracle of the Relic of the Cross at the Rialto Bridge - Carpaccio.jpg,Mostly Imbalanced Space,Highly Dynamic Movement,Small Empty Space,Removed Perspective
Mona Lisa - da Vinci.jpg,Mostly Balanced Space,Highly Static Movement,Intermediate Empty Space,Direct Perspective
Pastoral Concert - Titian.jpg,Mostly Balanced Space,Intermediate Movement,Small Empty Space,Intermediate Perspective
Pieta - Bellini.jpg,Mostly Balanced Space,Highly Dynamic Movement,Small Empty Space,Direct Perspective
Pieta of Villeneuve les avignon.jpg,Highly Balanced Space,Highly Dynamic Movement,Intermediate Empty Space,Removed Perspective
Portrait of a Man with a Medal of Cosimo il Vecchio de' Medici - Botticelli.jpg,Highly Balanced Space,Intermediate Movement,Intermediate Empty Space,Direct Perspective
Portrait of a Young Girl - Christus.jpg,Highly Balanced Space,Highly Static Movement,Large Empty Space,Direct Perspective
Portrait of a Young Woman - Botticelli.jpg,Mostly Balanced Space,Intermediate Movement,Large Empty Space,Direct Perspective
Portrait of Eleonora Gonzaga - Titian.jpg,Mostly Balanced Space,Highly Static Movement,Intermediate Empty Space,Intermediate Perspective
Portrait of Francesco Maria Della Rovere - Titian.jpg,Mostly Balanced Space,Highly Static Movement,Intermediate Empty Space,Intermediate Perspective
Portrait of Pope Julius II - Raphael.jpg,Mostly Balanced Space,Highly Static Movement,Intermediate Empty Space,Direct Perspective
Portrait of Sultan Mehmed II - Bellini.jpg,Highly Balanced Space,Highly Static Movement,Small Empty Space,Direct Perspective
Saint Luke Painting the Madonna - Gossaert.jpg,Mostly Imbalanced Space,Highly Dynamic Movement,Small Empty Space,Intermediate Perspective
Saint Sebastian - Mentegna.jpg,Highly Balanced Space,Intermediate Movement,Small Empty Space,Intermediate Perspective
School of Athens - Raphael.jpg,Highly Balanced Space,Highly Dynamic Movement,Small Empty Space,Removed Perspective
Self Portrait - Durer.jpg,Highly Balanced Space,Highly Static Movement,Large Empty Space,Direct Perspective
Sleeping Venus - Giorgione.jpg,Mostly Imbalanced Space,Intermediate Movement,Small Empty Space,Intermediate Perspective
The Ambassadors - Holbein.jpg,Highly Balanced Space,Intermediate Movement,Small Empty Space,Intermediate Perspective
The Annunciation - Fra Angelico.jpg,Mostly Balanced Space,Intermediate Movement,Small Empty Space,Removed Perspective
The Birth of Venus - Botticelli.jpg,Mostly Balanced Space,Highly Dynamic Movement,Small Empty Space,Removed Perspective
The Creation of Adam - Michelangelo.jpg,Mostly Balanced Space,Highly Dynamic Movement,Large Empty Space,Removed Perspective
The Crowning wiht Thorns - Titian.jpg,Highly Balanced Space,Intermediate Movement,Intermediate Empty Space,Intermediate Perspective
The Damned Cast into Hell - Signorelli.jpg,Highly Balanced Space,Highly Dynamic Movement,Small Empty Space,Removed Perspective
The Last Judgement - Michelangelo.jpg,Highly Balanced Space,Highly Dynamic Movement,Small Empty Space,Removed Perspective
The Last Supper - da Vinci.jpg,Highly Balanced Space,Intermediate Movement,Intermediate Empty Space,Removed Perspective
The Sistine Madonna - Raphael.jpg,Highly Balanced Space,Highly Dynamic Movement,Intermediate Empty Space,Intermediate Perspective
The Tempest - Giorgione.jpg,Mostly Balanced Space,Highly Static Movement,Small Empty Space,Removed Perspective
The tower of babel - Bruegel.jpg,Mostly Balanced Space,Highly Dynamic Movement,Intermediate Empty Space,Removed Perspective
The virgin and child with saint and donor - david.jpg,Highly Balanced Space,Intermediate Movement,Small Empty Space,Intermediate Perspective
Three Philosophers - Giorgione.jpg,Highly Imbalanced Space,Intermediate Movement,Intermediate Empty Space,Removed Perspective
Two Witches - Grien.jpg,Mostly Balanced Space,Highly Dynamic Movement,Small Empty Space,Intermediate Perspective
Archduchess Marie Antionette Queen of France - LeBrun.jpg,Highly Balanced Space,Highly Static Movement,Intermediate Empty Space,Intermediate Perspective
Boy with a Spinning Top - Chardin.jpg,Mostly Imbalanced Space,Intermediate Movement,Large Empty Space,Intermediate Perspective
Charles III Dining Before the Court - Prado.jpg,Mostly Balanced Space,Intermediate Movement,Small Empty Space,Removed Perspective
Cupid and Psyche - West.jpg,Mostly Balanced Space,Highly Static Movement,Small Empty Space,Intermediate Perspective
Diana after a bath - Boucher.jpg,Mostly Imbalanced Space,Intermediate Movement,Small Empty Space,Intermediate Perspective
Diana After the Hunt - Boucher.jpg,Mostly Imbalanced Space,Intermediate Movement,Small Empty Space,Intermediate Perspective
Dresden - Bellotto.jpg,Mostly Balanced Space,Intermediate Movement,Large Empty Space,Removed Perspective
Elizabeth Trubetskaya.jpg,Highly Balanced Space,Highly Static Movement,Small Empty Space,Intermediate Perspective
Hercules and Omphale.jpg,Mostly Imbalanced Space,Intermediate Movement,Small Empty Space,Intermediate Perspective
La Toilette de Venus - Boucher.jpg,Mostly Balanced Space,Intermediate Movement,Small Empty Space,Intermediate Perspective
Les Plaisirs du Bal - Watteau.jpg,Mostly Balanced Space,Highly Dynamic Movement,Small Empty Space,Removed Perspective
Luncheon with Ham - Lancret.jpg,Mostly Balanced Space,Intermediate Movement,Small Empty Space,Removed Perspective
Madame Bergeret - Francois.jpg,Mostly Balanced Space,Intermediate Movement,Small Empty Space,Intermediate Perspective
Madame de Pompadour - Boucher.jpg,Mostly Balanced Space,Highly Static Movement,Small Empty Space,Intermediate Perspective
Marie Antoinette and Her Children - Le Brun.jpg,Mostly Balanced Space,Intermediate Movement,Intermediate Empty Space,Intermediate Perspective
Marrigae a la mode - Hogarth.jpg,Mostly Balanced Space,Highly Dynamic Movement,Small Empty Space,Removed Perspective
Mr and Mrs William Hallett - Gainsborough.jpg,Mostly Balanced Space,Intermediate Movement,Small Empty Space,Intermediate Perspective
Mrs Richard Brinsley Sheridan - Gainsborough.jpg,Mostly Balanced Space,Highly Static Movement,Small Empty Space,Removed Perspective
Mrs Sarah Siddons - Gainsborough.jpg,Mostly Balanced Space,Intermediate Movement,Intermediate Empty Space,Direct Perspective
Piazza San Marco - Canaletto.jpg,Mostly Balanced Space,Highly Dynamic Movement,Large Empty Space,Removed Perspective
Pierrot - Watteau.jpg,Highly Balanced Space,Highly Dynamic Movement,Intermediate Empty Space,Intermediate Perspective
Pilgrimage to Cythera - Watteau.jpg,Mostly Imbalanced Space,Intermediate Movement,Large Empty Space,Removed Perspective
Portrait of Louis XV - Ranc.jpg,Mostly Balanced Space,Intermediate Movement,Small Empty Space,Intermediate Perspective
Portrait of Prokofiy Demidov - Levitsky.jpg,Mostly Balanced Space,Highly Static Movement,Intermediate Empty Space,Intermediate Perspective
Satan Sin and Death - Hogarth.jpg,Highly Balanced Space,Intermediate Movement,Large Empty Space,Removed Perspective
Self Portrait with Straw Hat - Le Brun.jpg,Highly Balanced Space,Highly Static Movement,Large Empty Space,Intermediate Perspective
Soap Bubbles - Chardin.jpg,Highly Balanced Space,Intermediate Movement,Large Empty Space,Direct Perspective
The Archers - Reynolds.jpg,Mostly Balanced Space,Intermediate Movement,Small Empty Space,Intermediate Perspective
The Banquet of Cleopatra - Tiepolo.jpg,Highly Balanced Space,Highly Dynamic Movement,Small Empty Space,Removed Perspective
The Bathers - Fragonard.jpg,Mostly Imbalanced Space,Highly Dynamic Movement,Small Empty Space,Removed Perspective
The Blue Boy - Gainsborough.jpg,Highly Balanced Space,Intermediate Movement,Large Empty Space,Intermediate Perspective
The Declaration of Love - de Troy.jpg,Mostly Imbalanced Space,Highly Dynamic Movement,Small Empty Space,Removed Perspective
The Entrance to the Grand Canal Venice - Canaletto.jpg,Mostly Balanced Space,Highly Dynamic Movement,Intermediate Empty Space,Removed Perspective
The Fountain of Love - Fragonard.jpg,Mostly Balanced Space,Highly Static Movement,Large Empty Space,Removed Perspective
The Gate of Calais - Hogarth.jpg,Mostly Balanced Space,Intermediate Movement,Small Empty Space,Removed Perspective
The Graham Children - Hogarth.jpg,Mostly Balanced Space,Highly Dynamic Movement,Small Empty Space,Intermediate Perspective
The Honorable Mrs Graham.jpg,Mostly Balanced Space,Intermediate Movement,Intermediate Empty Space,Intermediate Perspective
The Ladies Waldegrave - Reynolds.jpg,Mostly Balanced Space,Intermediate Movement,Intermediate Empty Space,Intermediate Perspective
The Lock - Fragonard.jpg,Highly Imbalanced Space,Highly Dynamic Movement,Small Empty Space,Removed Perspective
The Prearranged Flight - Fragonard.jpg,Highly Balanced Space,Highly Static Movement,Large Empty Space,Removed Perspective
The Progress of Love The Pursuit - Fragonard.jpg,Mostly Balanced Space,Intermediate Movement,Small Empty Space,Removed Perspective
The Progress of Love.jpg,Mostly Balanced Space,Highly Dynamic Movement,Small Empty Space,Removed Perspective
The Scale of Love- Watteau.jpg,Mostly Imbalanced Space,Intermediate Movement,Intermediate Empty Space,Intermediate Perspective
The Stolen Kiss - Fragonard.jpg,Highly Imbalanced Space,Highly Static Movement,Large Empty Space,Removed Perspective
The Toilet of Venus Boucher.jpg,Mostly Balanced Space,Intermediate Movement,Small Empty Space,Intermediate Perspective
The Triumph of Venice - Pompeo.jpg,Highly Balanced Space,Highly Dynamic Movement,Small Empty Space,Removed Perspective
The Triumph of Venus - Boucher.jpg,Mostly Imbalanced Space,Highly Dynamic Movement,Large Empty Space,Removed Perspective
The Village Bride - Greuze.jpg,Mostly Balanced Space,Highly Dynamic Movement,Small Empty Space,Removed Perspective
The Swing - Fragonard.jpeg,Highly Balanced Space,Intermediate Movement,Small Empty Space,Removed Perspective
Alyonushka.jpg,Highly Balanced Space,Highly Static Movement,Small Empty Space,Removed Perspective
Charles IV of Spain and His Family - Goyta.jpg,Highly Balanced Space,Highly Dynamic Movement,Intermediate Empty Space,Removed Perspective
Christ on the Sea of Galilee - Delacroix.jpg,Mostly Imbalanced Space,Intermediate Movement,Intermediate Empty Space,Removed Perspective
Dido building Carthage - Turner.jpg,Mostly Balanced Space,Highly Dynamic Movement,Large Empty Space,Removed Perspective
Entry of the Crusaders in Constantinople - Delacroix.jpg,Mostly Balanced Space,Highly Dynamic Movement,Small Empty Space,Removed Perspective
Fishermen at Sea - Turner.jpg,Mostly Balanced Space,Highly Dynamic Movement,Large Empty Space,Removed Perspective
Hylas and the Nymphs - Waterhouse.jpg,Mostly Imbalanced Space,Highly Dynamic Movement,Intermediate Empty Space,Intermediate Perspective
Jewish wedding in Morocco - Delacroix.jpg,Highly Balanced Space,Highly Dynamic Movement,Intermediate Empty Space,Removed Perspective
Knight at the Crossroads - Vasnetsov.jpg,Mostly Imbalanced Space,Intermediate Movement,Small Empty Space,Removed Perspective
La maja desnuda - Goya.jpg,Mostly Imbalanced Space,Intermediate Movement,Large Empty Space,Intermediate Perspective
Lady Lilith - Rossetti.jpg,Mostly Balanced Space,Intermediate Movement,Small Empty Space,Direct Perspective
Medea - Delacroix.jpg,Mostly Balanced Space,Intermediate Movement,Small Empty Space,Intermediate Perspective
Modern Rome - Turner.jpg,Mostly Balanced Space,Highly Dynamic Movement,Intermediate Empty Space,Removed Perspective
Saturn Devouring one of his Sons - Lucientes.jpg,Mostly Balanced Space,Intermediate Movement,Large Empty Space,Direct Perspective
Self-portrait with Dr Arrieta - Goya.jpg,Highly Balanced Space,Highly Static Movement,Intermediate Empty Space,Intermediate Perspective
Snow Storm - Turner.jpg,Highly Imbalanced Space,Highly Dynamic Movement,Large Empty Space,Removed Perspective
The Abbey in the Oakwood - Friedrich.jpg,Highly Balanced Space,Highly Static Movement,Large Empty Space,Removed Perspective
The Barque of Dante - Delacroix.jpg,Highly Balanced Space,Highly Dynamic Movement,Intermediate Empty Space,Intermediate Perspective
The Battle of Trafalgar - Turner.jpg,Highly Balanced Space,Highly Dynamic Movement,Intermediate Empty Space,Removed Perspective
The Black Duchess - Goya.jpg,Highly Balanced Space,Highly Static Movement,Large Empty Space,Intermediate Perspective
The Burning of the Houses of Parliament - Turner.jpg,Mostly Balanced Space,Intermediate Movement,Intermediate Empty Space,Removed Perspective
The Charging Chasseur - Gericault.jpg,Highly Balanced Space,Intermediate Movement,Intermediate Empty Space,Intermediate Perspective
The Clothed Maja - Goya.jpg,Mostly Imbalanced Space,Intermediate Movement,Intermediate Empty Space,Intermediate Perspective
The Colossus - Goya.jpg,Mostly Balanced Space,Highly Dynamic Movement,Large Empty Space,Removed Perspective
The Death of Sardanapalus - Delacroix.jpg,Highly Imbalanced Space,Highly Dynamic Movement,Small Empty Space,Removed Perspective
The Desperate Man - Courbet.jpg,Highly Balanced Space,Highly Static Movement,Intermediate Empty Space,Direct Perspective
The Family of Infante Don Luis - Goya.jpg,Mostly Balanced Space,Highly Dynamic Movement,Large Empty Space,Intermediate Perspective
The Fighting Temeraire - Turner.jpg,Highly Imbalanced Space,Intermediate Movement,Large Empty Space,Removed Perspective
The Hay Wain - Constable.jpg,Mostly Imbalanced Space,Highly Dynamic Movement,Small Empty Space,Removed Perspective
The Kiss - Hayez.jpg,Highly Balanced Space,Highly Static Movement,Large Empty Space,Intermediate Perspective
The Lonely Tree - Friedrich.jpg,Highly Balanced Space,Intermediate Movement,Intermediate Empty Space,Removed Perspective
The Massacre at Chios - Delacroix.jpg,Mostly Balanced Space,Highly Dynamic Movement,Intermediate Empty Space,Intermediate Perspective
The Monk by the Sea - Friedrich.jpg,Highly Balanced Space,Highly Dynamic Movement,Large Empty Space,Removed Perspective
The Nightmare - Fuseli.jpg,Mostly Imbalanced Space,Highly Dynamic Movement,Intermediate Empty Space,Intermediate Perspective
The Ninth Wave - Aivazovsky.jpg,Mostly Balanced Space,Intermediate Movement,Large Empty Space,Removed Perspective
The Sea of Ice - Friedrich.jpg,Mostly Balanced Space,Highly Dynamic Movement,Intermediate Empty Space,Intermediate Perspective
The Second of May 1808 - Goya.jpg,Mostly Balanced Space,Highly Dynamic Movement,Intermediate Empty Space,Intermediate Perspective
The Shipwreck - Turner.jpg,Highly Imbalanced Space,Highly Dynamic Movement,Intermediate Empty Space,Removed Perspective
The Slave Ship - Turner.jpg,Mostly Imbalanced Space,Highly Dynamic Movement,Large Empty Space,Removed Perspective
The Third of May 1808 - Goya.jpg,Mostly Balanced Space,Intermediate Movement,Intermediate Empty Space,Intermediate Perspective
Watson and the Shark - Copley.jpg,Mostly Balanced Space,Highly Dynamic Movement,Small Empty Space,Intermediate Perspective
Witches' Flight - Goya.jpg,Mostly Balanced Space,Highly Dynamic Movement,Large Empty Space,Intermediate Perspective
Witches' Sabbath - Goya.jpg,Mostly Imbalanced Space,Intermediate Movement,Large Empty Space,Intermediate Perspective
Wreckers Coast of Northumberland - Turner.jpg,Mostly Imbalanced Space,Intermediate Movement,Large Empty Space,Removed Perspective
Bridal Procession on the  Hardangerfjord - Gude.jpeg,Mostly Balanced Space,Highly Dynamic Movement,Large Empty Space,Removed Perspective
Chalk Cliffs on Rugen - Friedrich.jpeg,Highly Balanced Space,Highly Dynamic Movement,Intermediate Empty Space,Removed Perspective
Lady Libert Leading the People - Delocroix.jpeg,Mostly Imbalanced Space,Highly Dynamic Movement,Intermediate Empty Space,Intermediate Perspective
The Raft of the Medusa - Geriacault.jpeg,Highly Balanced Space,Highly Dynamic Movement,Intermediate Empty Space,Intermediate Perspective
Wanderer above the sea of fog - Friedrich.jpeg,Highly Balanced Space,Intermediate Movement,Large Empty Space,Removed Perspective
A dream caused by the flight of a bee - Dal.jpg,Mostly Imbalanced Space,Highly Dynamic Movement,Intermediate Empty Space,Intermediate Perspective
Apparition of Face and Fruit Dish on a Beach - Dali.jpg,Highly Imbalanced Space,Highly Dynamic Movement,Intermediate Empty Space,Intermediate Perspective
Battle of Fishes - Masson.jpg,Highly Balanced Space,Highly Dynamic Movement,Small Empty Space,Removed Perspective
Christ of St John of the Cross - Dali.jpg,Highly Balanced Space,Intermediate Movement,Large Empty Space,Intermediate Perspective
Elephants - Dali.jpg,Highly Balanced Space,Highly Dynamic Movement,Large Empty Space,Removed Perspective
Europe after the Rain II - Ernst.jpg,Highly Balanced Space,Highly Dynamic Movement,Intermediate Empty Space,Removed Perspective
Galatea of the Spheres - Dali.jpg,Highly Balanced Space,Intermediate Movement,Small Empty Space,Direct Perspective
Geopoliticus Child Watching the Birth of the New Man - Dali.jpg,Mostly Imbalanced Space,Highly Dynamic Movement,Small Empty Space,Intermediate Perspective
Girl with Death Mask - Kahlo.jpg,Mostly Imbalanced Space,Intermediate Movement,Large Empty Space,Intermediate Perspective
Golconda - Magritte.jpg,Highly Balanced Space,Highly Dynamic Movement,Small Empty Space,Removed Perspective
Grandma Moorheads aromatic cuisine - Carrington.jpg,Mostly Balanced Space,Highly Dynamic Movement,Intermediate Empty Space,Intermediate Perspective
Hand with Reflecting Mirror - Escher.jpg,Mostly Balanced Space,Highly Static Movement,Intermediate Empty Space,Direct Perspective
Harlequin's Carnival - Miro.jpg,Mostly Balanced Space,Highly Dynamic Movement,Small Empty Space,Intermediate Perspective
Landscape - Breton.jpg,Mostly Balanced Space,Highly Dynamic Movement,Intermediate Empty Space,Intermediate Perspective
Mama Papa is Wounded - Tanguy.jpg,Highly Imbalanced Space,Highly Dynamic Movement,Large Empty Space,Intermediate Perspective
Man in a Bowler Hat - Magritte.jpg,Highly Balanced Space,Highly Static Movement,Intermediate Empty Space,Direct Perspective
Marxism will heal the sick - Kahlo.jpg,Mostly Balanced Space,Intermediate Movement,Small Empty Space,Intermediate Perspective
Melting Watch - Dali.jpg,Mostly Imbalanced Space,Highly Dynamic Movement,Intermediate Empty Space,Direct Perspective
Metamorphosis of Narcissus - Dali.jpg,Highly Balanced Space,Highly Dynamic Movement,Small Empty Space,Removed Perspective
Not to be Reproduced - Magritte.jpg,Mostly Imbalanced Space,Highly Static Movement,Large Empty Space,Intermediate Perspective
Persistence of Memory - Dali.jpg,Mostly Imbalanced Space,Highly Dynamic Movement,Intermediate Empty Space,Intermediate Perspective
Philosopher's Lamp - Magritte.jpg,Mostly Balanced Space,Intermediate Movement,Large Empty Space,Direct Perspective
Self Portrait - Carrington.jpg,Mostly Imbalanced Space,Highly Dynamic Movement,Large Empty Space,Intermediate Perspective
Swans Reflecting Elephants - Dali.jpg,Mostly Balanced Space,Highly Dynamic Movement,Intermediate Empty Space,Intermediate Perspective
The Anti-pope - Ernst.jpg,Mostly Balanced Space,Highly Dynamic Movement,Small Empty Space,Intermediate Perspective
The Barbarians - Ernst.jpg,Highly Balanced Space,Highly Dynamic Movement,Small Empty Space,Intermediate Perspective
The Burning Giraffe - Dali.jpg,Mostly Imbalanced Space,Highly Dynamic Movement,Intermediate Empty Space,Intermediate Perspective
The Castle of the Pyrenees - Magritte.jpg,Highly Balanced Space,Highly Static Movement,Small Empty Space,Removed Perspective
The Disintegration of the Persistence of Memory - Dali.jpg,Mostly Imbalanced Space,Highly Dynamic Movement,Small Empty Space,Intermediate Perspective
The Elephant Celebes - Ernst.jpg,Mostly Balanced Space,Highly Static Movement,Intermediate Empty Space,Intermediate Perspective
The Giantess - Carrington.jpg,Highly Balanced Space,Intermediate Movement,Intermediate Empty Space,Intermediate Perspective
The Great Masturbator - Dali.jpg,Mostly Imbalanced Space,Highly Dynamic Movement,Intermediate Empty Space,Intermediate Perspective
The Lovers - Magritte.jpg,Mostly Balanced Space,Highly Static Movement,Intermediate Empty Space,Direct Perspective
The Menaced Assassin - Magritte.jpg,Highly Balanced Space,Highly Dynamic Movement,Intermediate Empty Space,Intermediate Perspective
The Sacrament of the Last Supper - Dali.jpg,Highly Balanced Space,Highly Dynamic Movement,Intermediate Empty Space,Intermediate Perspective
The Son of Man - Magritte.jpg,Highly Balanced Space,Highly Static Movement,Large Empty Space,Intermediate Perspective
The Temptation of St Anthony - Dali.jpg,Highly Imbalanced Space,Highly Dynamic Movement,Large Empty Space,Removed Perspective
The Treachery of Images - Magritte.jpg,Mostly Imbalanced Space,Highly Dynamic Movement,Large Empty Space,Direct Perspective
The Triumph of Surrealism - Ernst.jpg,Mostly Imbalanced Space,Highly Dynamic Movement,Large Empty Space,Intermediate Perspective
Tilled Field - Miro.jpg,Mostly Imbalanced Space,Highly Dynamic Movement,Small Empty Space,Removed Perspective
Time Transfixed - Magritte.jpg,Mostly Imbalanced Space,Intermediate Movement,Intermediate Empty Space,Intermediate Perspective
Tuna Fishing - Dali.jpg,Mostly Balanced Space,Highly Dynamic Movement,Small Empty Space,Intermediate Perspective
White Crucifixion - Chagall.jpg,Mostly Balanced Space,Highly Dynamic Movement,Small Empty Space,Removed Perspective
Without Hope - Kahlo.jpg,Mostly Balanced Space,Highly Dynamic Movement,Small Empty Space,Intermediate Perspective
Woman Old Man and Flower - Ernst.jpg,Mostly Imbalanced Space,Intermediate Movement,Intermediate Empty Space,Intermediate Perspective
Portrait of Max Ernst - Carrington.jpeg,Mostly Balanced Space,Highly Static Movement,Intermediate Empty Space,Intermediate Perspective
The Broken Column - Kahlo.jpeg,Highly Balanced Space,Intermediate Movement,Small Empty Space,Direct Perspective
The Hallucinogenic Toreador - Dali.jpeg,Highly Imbalanced Space,Highly Dynamic Movement,Small Empty Space,Intermediate Perspective
The Robing of the Bride - Ernst.jpeg,Mostly Balanced Space,Highly Dynamic Movement,Small Empty Space,Intermediate Perspective
Random0.jpg,Random,,,
Random1.jpg,Random,,,
Random10.jpg,Random,,,
Random11.jpg,Random,,,
Random12.jpg,Random,,,
Random13.jpg,Random,,,
Random14.jpg,Random,,,
Random15.jpg,Random,,,
Random16.jpg,Random,,,
Random17.jpg,Random,,,
Random18.jpg,Random,,,
Random19.jpg,Random,,,
Random2.jpg,Random,,,
Random20.jpg,Random,,,
Random21.jpg,Random,,,
Random22.jpg,Random,,,
Random23.jpg,Random,,,
Random24.jpg,Random,,,
Random25.jpg,Random,,,
Random26.jpg,Random,,,
Random27.jpg,Random,,,
Random28.jpg,Random,,,
Random29.jpg,Random,,,
Random3.jpg,Random,,,
Random30.jpg,Random,,,
Random31.jpg,Random,,,
Random32.jpg,Random,,,
Random33.jpg,Random,,,
Random34.jpg,Random,,,
Random35.jpg,Random,,,
Random36.jpg,Random,,,
Random37.jpg,Random,,,
Random38.jpg,Random,,,
Random39.jpg,Random,,,
Random4.jpg,Random,,,
Random40.jpg,Random,,,
Random41.jpg,Random,,,
Random42.jpg,Random,,,
Random43.jpg,Random,,,
Random44.jpg,Random,,,
Random45.jpg,Random,,,
Random46.jpg,Random,,,
Random47.jpg,Random,,,
Random48.jpg,Random,,,
Random5.jpg,Random,,,
Random6.jpg,Random,,,
Random7.jpg,Random,,,
Random8.jpg,Random,,,
Random9.jpg,Random,,,
RandomShapes0.jpg,Random Shapes,,,
RandomShapes1.jpg,Random Shapes,,,
RandomShapes10.jpg,Random Shapes,,,
RandomShapes11.jpg,Random Shapes,,,
RandomShapes12.jpg,Random Shapes,,,
RandomShapes13.jpg,Random Shapes,,,
RandomShapes14.jpg,Random Shapes,,,
RandomShapes15.jpg,Random Shapes,,,
RandomShapes16.jpg,Random Shapes,,,
RandomShapes17.jpg,Random Shapes,,,
RandomShapes18.jpg,Random Shapes,,,
RandomShapes19.jpg,Random Shapes,,,
RandomShapes2.jpg,Random Shapes,,,
RandomShapes20.jpg,Random Shapes,,,
RandomShapes21.jpg,Random Shapes,,,
RandomShapes22.jpg,Random Shapes,,,
RandomShapes23.jpg,Random Shapes,,,
RandomShapes24.jpg,Random Shapes,,,
RandomShapes25.jpg,Random Shapes,,,
RandomShapes26.jpg,Random Shapes,,,
RandomShapes27.jpg,Random Shapes,,,
RandomShapes28.jpg,Random Shapes,,,
RandomShapes29.jpg,Random Shapes,,,
RandomShapes3.jpg,Random Shapes,,,
RandomShapes30.jpg,Random Shapes,,,
RandomShapes31.jpg,Random Shapes,,,
RandomShapes32.jpg,Random Shapes,,,
RandomShapes33.jpg,Random Shapes,,,
RandomShapes34.jpg,Random Shapes,,,
RandomShapes35.jpg,Random Shapes,,,
RandomShapes36.jpg,Random Shapes,,,
RandomShapes37.jpg,Random Shapes,,,
RandomShapes38.jpg,Random Shapes,,,
RandomShapes39.jpg,Random Shapes,,,
RandomShapes4.jpg,Random Shapes,,,
RandomShapes40.jpg,Random Shapes,,,
RandomShapes41.jpg,Random Shapes,,,
RandomShapes42.jpg,Random Shapes,,,
RandomShapes43.jpg,Random Shapes,,,
RandomShapes44.jpg,Random Shapes,,,
RandomShapes45.jpg,Random Shapes,,,
RandomShapes46.jpg,Random Shapes,,,
RandomShapes47.jpg,Random Shapes,,,
RandomShapes48.jpg,Random Shapes,,,
RandomShapes5.jpg,Random Shapes,,,
RandomShapes6.jpg,Random Shapes,,,
RandomShapes7.jpg,Random Shapes,,,
RandomShapes8.jpg,Random Shapes,,,
RandomShapes9.jpg,Random Shapes,,,
uniform0.jpg,Uniform,,,
uniform1.jpg,Uniform,,,
uniform10.jpg,Uniform,,,
uniform11.jpg,Uniform,,,
uniform12.jpg,Uniform,,,
uniform13.jpg,Uniform,,,
uniform14.jpg,Uniform,,,
uniform15.jpg,Uniform,,,
uniform16.jpg,Uniform,,,
uniform17.jpg,Uniform,,,
uniform18.jpg,Uniform,,,
uniform19.jpg,Uniform,,,
uniform2.jpg,Uniform,,,
uniform20.jpg,Uniform,,,
uniform21.jpg,Uniform,,,
uniform22.jpg,Uniform,,,
uniform23.jpg,Uniform,,,
uniform24.jpg,Uniform,,,
uniform25.jpg,Uniform,,,
uniform26.jpg,Uniform,,,
uniform27.jpg,Uniform,,,
uniform28.jpg,Uniform,,,
uniform29.jpg,Uniform,,,
uniform3.jpg,Uniform,,,
uniform30.jpg,Uniform,,,
uniform31.jpg,Uniform,,,
uniform32.jpg,Uniform,,,
uniform33.jpg,Uniform,,,
uniform34.jpg,Uniform,,,
uniform35.jpg,Uniform,,,
uniform37.jpg,Uniform,,,
uniform38.jpg,Uniform,,,
uniform39.jpg,Uniform,,,
uniform4.jpg,Uniform,,,
uniform40.jpg,Uniform,,,
uniform41.jpg,Uniform,,,
uniform42.jpg,Uniform,,,
uniform43.jpg,Uniform,,,
uniform44.jpg,Uniform,,,
uniform45.jpg,Uniform,,,
uniform46.jpg,Uniform,,,
uniform47.jpg,Uniform,,,
uniform48.jpg,Uniform,,,
uniform49.jpg,Uniform,,,
uniform5.jpg,Uniform,,,
uniform6.jpg,Uniform,,,
uniform7.jpg,Uniform,,,
uniform8.jpg,Uniform,,,
uniform9.jpg,Uniform,,,
