Name,Control,Visibility,Outlines
A Woman playing a clavichord.jpg,Mostly Controlled Brushstrokes,Blended Brushstrokes,Light/No Outlines
Aristotle with a bust of homer - Rembrant.jpg,Mix/Intermediate Controlled Brushstrokes,Blended Brushstrokes,Light/No Outlines
Bacchanal before a Statue of Pan - Poussin.jpg,Mostly Controlled Brushstrokes,Blended Brushstrokes,Light/No Outlines
Charles I with M. de St. Antoine - van Dyck.jpg,Mostly Controlled Brushstrokes,Blended Brushstrokes,Light/No Outlines
Death of the Virgin - Caravaggio.jpg,Mostly Controlled Brushstrokes,Blended Brushstrokes,Light/No Outlines
Deposition - Caravaggio.jpg,Mostly Controlled Brushstrokes,Blended Brushstrokes,Light/No Outlines
Education of the Princess - Paul Reubens.jpg,Mostly Controlled Brushstrokes,Blended Brushstrokes,Light/No Outlines
Girl with a pearl earring - vermeer.jpg,Mostly Controlled Brushstrokes,Blended Brushstrokes,Light/No Outlines
Judith and her maidservant with the head of Holofernes - Gentileschi.jpg,Mostly Controlled Brushstrokes,Blended Brushstrokes,Light/No Outlines
Judith Slaying Holofernes - Gentileschi.jpg,Mostly Controlled Brushstrokes,Blended Brushstrokes,Light/No Outlines
las meninas - Velazquez.jpg,Mostly Controlled Brushstrokes,Blended Brushstrokes,Light/No Outlines
Louis XIV - Rigaud.jpg,Mostly Controlled Brushstrokes,Blended Brushstrokes,Light/No Outlines
Old Woman Cooking Eggs - 1618.jpg,Mostly Controlled Brushstrokes,Blended Brushstrokes,Light/No Outlines
Portrait of Charles II - Wright.jpg,Mostly Controlled Brushstrokes,Blended Brushstrokes,Light/No Outlines
Quince Cabbage Melon and Cucumber - Cotan.jpg,Mostly Controlled Brushstrokes,Blended Brushstrokes,Light/No Outlines
Samson and Delilah - Rubens.jpg,Mostly Controlled Brushstrokes,Blended Brushstrokes,Light/No Outlines
Samson and Delilah - van Dyck.jpg,Mix/Intermediate Controlled Brushstrokes,Blended Brushstrokes,Intermediate/Mix Outlines
Self Portrait - Rembrant.jpg,Mostly Controlled Brushstrokes,Mixed Visibility Brushstrokes,Light/No Outlines
Self-portrait - Leyster.jpg,Mostly Controlled Brushstrokes,Blended Brushstrokes,Light/No Outlines
Singing boy with a flute - Hals.jpg,Mostly Controlled Brushstrokes,Visible Brushstrokes,Light/No Outlines
St. John the Baptist in Wilderness - Caravaggio.jpg,Mostly Controlled Brushstrokes,Blended Brushstrokes,Light/No Outlines
Still life with a sliver ewer - Kalf.jpg,Mostly Controlled Brushstrokes,Blended Brushstrokes,Light/No Outlines
Still Life with Ebony Chest - Pereda.jpg,Mostly Controlled Brushstrokes,Blended Brushstrokes,Light/No Outlines
Still Life with Flowers etc - Peeters.jpg,Mostly Controlled Brushstrokes,Blended Brushstrokes,Light/No Outlines
The Anatomy Lesson of Dr. Nicolaes Tuple - Rembrant.jpg,Mostly Controlled Brushstrokes,Blended Brushstrokes,Light/No Outlines
The Arrival of Marie de Medici at Marseille - rubens.jpg,Mostly Controlled Brushstrokes,Blended Brushstrokes,Light/No Outlines
The art of painting - vermeer.jpg,Mostly Controlled Brushstrokes,Blended Brushstrokes,Light/No Outlines
The Calling of Saint Matthew - Caravaggio.jpg,Mostly Controlled Brushstrokes,Blended Brushstrokes,Light/No Outlines
The Consequences of War - Rubens.jpg,Mix/Intermediate Controlled Brushstrokes,Blended Brushstrokes,Light/No Outlines
The Crowning with Thorns - Caravaggio.jpg,Mostly Controlled Brushstrokes,Blended Brushstrokes,Light/No Outlines
The Crucifixion of St. Peter - Caravaggio.jpg,Mostly Controlled Brushstrokes,Blended Brushstrokes,Light/No Outlines
The Feast of St Nicholas - Steen.jpg,Mostly Controlled Brushstrokes,Blended Brushstrokes,Light/No Outlines
The Geographer - Vermeer.jpg,Mostly Controlled Brushstrokes,Blended Brushstrokes,Light/No Outlines
The Immaculate Conception of Los Venerables - Murillo.jpg,Mix/Intermediate Controlled Brushstrokes,Blended Brushstrokes,Light/No Outlines
The Jewish Bride - Rembrant.jpg,Mix/Intermediate Controlled Brushstrokes,Mixed Visibility Brushstrokes,Light/No Outlines
The Jewish Cemetary - Ruisdael.jpg,Mostly Controlled Brushstrokes,Blended Brushstrokes,Light/No Outlines
The Martyrdom of Saint Serapion - Zurbaran.jpg,Mostly Controlled Brushstrokes,Blended Brushstrokes,Light/No Outlines
The Night Watch - Rembrant.jpg,Mix/Intermediate Controlled Brushstrokes,Blended Brushstrokes,Light/No Outlines
The Presentation of the Portrait of Marie de' Medici - Rubens.jpg,Mostly Controlled Brushstrokes,Blended Brushstrokes,Light/No Outlines
The Proposition - Leyster.jpg,Mostly Controlled Brushstrokes,Blended Brushstrokes,Light/No Outlines
The Rape of the Daughters of Leucippus.jpg,Mostly Controlled Brushstrokes,Blended Brushstrokes,Light/No Outlines
The Supper at Emmaus - Caravaggio.jpg,Mostly Controlled Brushstrokes,Blended Brushstrokes,Light/No Outlines
The Triumph of Bacchus - Velazquez.jpg,Mostly Controlled Brushstrokes,Blended Brushstrokes,Light/No Outlines
The Waterseller of Seville - Velazquez.jpg,Mostly Controlled Brushstrokes,Blended Brushstrokes,Light/No Outlines
Venus Mars and Cupid - Rubens.jpg,Mix/Intermediate Controlled Brushstrokes,Blended Brushstrokes,Light/No Outlines
View of Haarlen with Bleaching Grounds - Ruisdael.jpg,Mostly Controlled Brushstrokes,Blended Brushstrokes,Light/No Outlines
Vulcan's Forge - Velazquez.jpg,Mostly Controlled Brushstrokes,Blended Brushstrokes,Light/No Outlines
Woman with a water jug - Vermeer.jpg,Mostly Controlled Brushstrokes,Blended Brushstrokes,Light/No Outlines
Women Regents - Hals.jpg,Mix/Intermediate Controlled Brushstrokes,Mixed Visibility Brushstrokes,Light/No Outlines
Big Nude - Braque.jpg,Mostly Wild Brushstrokes,Visible Brushstrokes,Heavy Outlines
Bottle and Fishes - Braque.jpg,Mostly Controlled Brushstrokes,Visible Brushstrokes,Intermediate/Mix Outlines
Bottle and Glass on a Table - Gris.jpg,Mostly Controlled Brushstrokes,Blended Brushstrokes,Heavy Outlines
Clarinet and Bottle of Rum on a Mantlepiece - Braque.jpg,Mix/Intermediate Controlled Brushstrokes,Visible Brushstrokes,Heavy Outlines
Contrast of Forms - Leger.jpg,Mix/Intermediate Controlled Brushstrokes,Mixed Visibility Brushstrokes,Heavy Outlines
Cubist Self Portrait - Dali.jpg,Mix/Intermediate Controlled Brushstrokes,Mixed Visibility Brushstrokes,Heavy Outlines
Daniel-Henry Kahnweiler - Picasso.jpg,Mostly Controlled Brushstrokes,Mixed Visibility Brushstrokes,Intermediate/Mix Outlines
Dora Maar au Chat - Picasso.jpg,Mostly Controlled Brushstrokes,Mixed Visibility Brushstrokes,Heavy Outlines
Fruit Dish and Glass - Braque.jpg,Mostly Controlled Brushstrokes,Mixed Visibility Brushstrokes,Intermediate/Mix Outlines
Gala and the Angelus of Millet - Dali.jpg,Mostly Controlled Brushstrokes,Blended Brushstrokes,Light/No Outlines
Girl Before A Mirror - Picasso.jpg,Mostly Controlled Brushstrokes,Mixed Visibility Brushstrokes,Heavy Outlines
Girl with Mandolin - Picasso.jpg,Mostly Controlled Brushstrokes,Blended Brushstrokes,Intermediate/Mix Outlines
Gueridon - Braque.jpg,Mix/Intermediate Controlled Brushstrokes,Mixed Visibility Brushstrokes,Intermediate/Mix Outlines
Guernica - Picasso.jpg,Mostly Controlled Brushstrokes,Blended Brushstrokes,Heavy Outlines
Guitar - Picasso.jpg,Mostly Controlled Brushstrokes,Blended Brushstrokes,Intermediate/Mix Outlines
Houses at l'Estaque - Braque.jpg,Mix/Intermediate Controlled Brushstrokes,Mixed Visibility Brushstrokes,Heavy Outlines
Jacqueline Kneeling - Picasso.jpg,Mix/Intermediate Controlled Brushstrokes,Visible Brushstrokes,Heavy Outlines
L'Oiseau bleu - Metzinger.jpg,Mostly Controlled Brushstrokes,Blended Brushstrokes,Heavy Outlines
La Femme aux Phlox - Gleizes.jpg,Mostly Wild Brushstrokes,Visible Brushstrokes,Intermediate/Mix Outlines
Ma Joile - Picasso.jpg,Mostly Controlled Brushstrokes,Visible Brushstrokes,Heavy Outlines
Man with a Pipe - Picasso.jpg,Mostly Controlled Brushstrokes,Blended Brushstrokes,Intermediate/Mix Outlines
Nature morte au compotier - Picasso.jpg,Mostly Controlled Brushstrokes,Blended Brushstrokes,Light/No Outlines
Nude Descending a Staircase - Duchamp.jpg,Mostly Wild Brushstrokes,Blended Brushstrokes,Heavy Outlines
Painter and Model - Picasso.jpg,Mostly Controlled Brushstrokes,Blended Brushstrokes,Heavy Outlines
Paris Through a Window - Chagall.jpg,Mostly Wild Brushstrokes,Blended Brushstrokes,Heavy Outlines
Portrait of Ambroise Vollard - Picasso.jpg,Mostly Controlled Brushstrokes,Mixed Visibility Brushstrokes,Heavy Outlines
Portrait of Dora Maar - Picasso.jpg,Mostly Controlled Brushstrokes,Blended Brushstrokes,Heavy Outlines
Portrait of Pablo Picasso - Gris.jpg,Mostly Controlled Brushstrokes,Visible Brushstrokes,Heavy Outlines
Self Portrait with Seven Fingers - Chagall.jpg,Mostly Controlled Brushstrokes,Blended Brushstrokes,Heavy Outlines
Still life with Clarinet - Braque.jpg,Mostly Controlled Brushstrokes,Visible Brushstrokes,Heavy Outlines
The City - Delaunay.jpg,Mostly Controlled Brushstrokes,Visible Brushstrokes,Light/No Outlines
The City - Leger.jpg,Mostly Controlled Brushstrokes,Blended Brushstrokes,Intermediate/Mix Outlines
The Eiffel Tower - Delaunay.jpg,Mix/Intermediate Controlled Brushstrokes,Visible Brushstrokes,Light/No Outlines
The Green Violinist - Chagall.jpg,Mostly Controlled Brushstrokes,Blended Brushstrokes,Light/No Outlines
The Open Window - Gris.jpg,Mostly Controlled Brushstrokes,Blended Brushstrokes,Heavy Outlines
The Portuguese - Braque.jpg,Mostly Wild Brushstrokes,Visible Brushstrokes,Heavy Outlines
The Reservoir - Picasso.jpg,Mostly Controlled Brushstrokes,Blended Brushstrokes,Intermediate/Mix Outlines
The Round Table - Braque.jpg,Mostly Controlled Brushstrokes,Blended Brushstrokes,Heavy Outlines
The Table - Gris.jpg,Mostly Controlled Brushstrokes,Blended Brushstrokes,Intermediate/Mix Outlines
Three Musicians - Picasso.jpg,Mostly Controlled Brushstrokes,Blended Brushstrokes,Intermediate/Mix Outlines
Three Women - Picasso.jpg,Mix/Intermediate Controlled Brushstrokes,Visible Brushstrokes,Intermediate/Mix Outlines
Violin and Candlestick - Braque.jpg,Mostly Controlled Brushstrokes,Visible Brushstrokes,Heavy Outlines
Violin and Checkerboard - Gris.jpg,Mostly Controlled Brushstrokes,Blended Brushstrokes,Heavy Outlines
Violin and Guitar - Gris.jpg,Mix/Intermediate Controlled Brushstrokes,Blended Brushstrokes,Intermediate/Mix Outlines
Violin and Palette - Braque.jpg,Mix/Intermediate Controlled Brushstrokes,Visible Brushstrokes,Intermediate/Mix Outlines
Woman in Hat with a Fur Collar - Picasso.jpg,Mix/Intermediate Controlled Brushstrokes,Blended Brushstrokes,Heavy Outlines
Woman with Guitar - Braque.jpg,Mix/Intermediate Controlled Brushstrokes,Mixed Visibility Brushstrokes,Heavy Outlines
Zapata-style Landscape - Rivera.jpg,Mostly Controlled Brushstrokes,Blended Brushstrokes,Light/No Outlines
Guitar on a table - Gris.jpeg,Mostly Controlled Brushstrokes,Blended Brushstrokes,Intermediate/Mix Outlines
All Saints - Kandinsky.jpg,Mix/Intermediate Controlled Brushstrokes,Mixed Visibility Brushstrokes,Intermediate/Mix Outlines
All Saints I - Kandinsky.jpg,Mostly Wild Brushstrokes,Visible Brushstrokes,Intermediate/Mix Outlines
Blue Horse I - Marc.jpg,Mix/Intermediate Controlled Brushstrokes,Mixed Visibility Brushstrokes,Light/No Outlines
Blue Horses - Marc.jpg,Mix/Intermediate Controlled Brushstrokes,Mixed Visibility Brushstrokes,Light/No Outlines
Boy Leading a Horse - Picasso.jpg,Mostly Controlled Brushstrokes,Mixed Visibility Brushstrokes,Heavy Outlines
Castle and Sun - Klee.jpg,Mix/Intermediate Controlled Brushstrokes,Blended Brushstrokes,Intermediate/Mix Outlines
Death in a Sickroom - Munch.jpg,Mix/Intermediate Controlled Brushstrokes,Blended Brushstrokes,Intermediate/Mix Outlines
Dog Lying in the Snow - Marc.jpg,Mix/Intermediate Controlled Brushstrokes,Blended Brushstrokes,Intermediate/Mix Outlines
Evening on Karl Johan Street - Munch.jpg,Mostly Wild Brushstrokes,Mixed Visibility Brushstrokes,Light/No Outlines
Fighting Forms - Marc.jpg,Mostly Wild Brushstrokes,Blended Brushstrokes,Light/No Outlines
Girls on the Bridge - Munch.jpg,Mix/Intermediate Controlled Brushstrokes,Mixed Visibility Brushstrokes,Intermediate/Mix Outlines
Grazing Horses IV - Marc.jpg,Mix/Intermediate Controlled Brushstrokes,Mixed Visibility Brushstrokes,Light/No Outlines
Harmony in Red - Matisse.jpg,Mix/Intermediate Controlled Brushstrokes,Blended Brushstrokes,Heavy Outlines
Hermits - Schiele.jpg,Mostly Wild Brushstrokes,Mixed Visibility Brushstrokes,Intermediate/Mix Outlines
Improvisation 28 - Kandinsky.jpg,Mostly Wild Brushstrokes,Visible Brushstrokes,Heavy Outlines
L'Atelier Rouge - Matisse.jpg,Mostly Controlled Brushstrokes,Blended Brushstrokes,Intermediate/Mix Outlines
Little Blue Horse - Marc.jpg,Mix/Intermediate Controlled Brushstrokes,Blended Brushstrokes,Light/No Outlines
Love and Pain - Munch.jpg,Mix/Intermediate Controlled Brushstrokes,Visible Brushstrokes,Light/No Outlines
Migrants - Portinari.jpg,Mix/Intermediate Controlled Brushstrokes,Blended Brushstrokes,Intermediate/Mix Outlines
Nude at Rest - Balthus.jpg,Mix/Intermediate Controlled Brushstrokes,Mixed Visibility Brushstrokes,Light/No Outlines
Nude Sitting on a Divan - Modigliani.jpg,Mostly Controlled Brushstrokes,Blended Brushstrokes,Heavy Outlines
Portrait of Luna Czechowski - Modigliani.jpg,Mix/Intermediate Controlled Brushstrokes,Mixed Visibility Brushstrokes,Intermediate/Mix Outlines
Portrait of Wally - Schiele.jpg,Mostly Wild Brushstrokes,Visible Brushstrokes,Intermediate/Mix Outlines
Potsdamer Platz - Kirchner.jpg,Mostly Wild Brushstrokes,Visible Brushstrokes,Light/No Outlines
Puberty - Munch.jpg,Mostly Wild Brushstrokes,Mixed Visibility Brushstrokes,Light/No Outlines
Seated Male Nude - Schiele.jpg,Mix/Intermediate Controlled Brushstrokes,Blended Brushstrokes,Heavy Outlines
Seated Nude - Modigliani.jpg,Mix/Intermediate Controlled Brushstrokes,Mixed Visibility Brushstrokes,Heavy Outlines
Seated Woman with Bent Knee - Schiele.jpg,Mostly Wild Brushstrokes,Visible Brushstrokes,Heavy Outlines
Self Portrait - Picasso.jpg,Mix/Intermediate Controlled Brushstrokes,Visible Brushstrokes,Heavy Outlines
Self Portrait as a Soldier - Kirchner.jpg,Mostly Wild Brushstrokes,Mixed Visibility Brushstrokes,Light/No Outlines
Self Portrait with Chinese Lantern Plant - Schiele.jpg,Mostly Wild Brushstrokes,Visible Brushstrokes,Light/No Outlines
Small Pleasures - Kandinsky.jpg,Mostly Wild Brushstrokes,Visible Brushstrokes,Heavy Outlines
Street Berlin - Kirchner.jpg,Mostly Wild Brushstrokes,Visible Brushstrokes,Light/No Outlines
Street Dresden - Kirchner.jpg,Mostly Wild Brushstrokes,Visible Brushstrokes,Intermediate/Mix Outlines
The Absinthe Drinker - Picasso.jpg,Mostly Controlled Brushstrokes,Blended Brushstrokes,Intermediate/Mix Outlines
The Blue Rider - Kandinsky.jpg,Mostly Wild Brushstrokes,Visible Brushstrokes,Light/No Outlines
The Dance of Life - Munch.jpg,Mix/Intermediate Controlled Brushstrokes,Visible Brushstrokes,Heavy Outlines
The Scream - Munch.jpg,Mostly Wild Brushstrokes,Visible Brushstrokes,Light/No Outlines
The World Cow - Marc.jpg,Mix/Intermediate Controlled Brushstrokes,Blended Brushstrokes,Light/No Outlines
The Yellow Man - Malfatti.jpg,Mix/Intermediate Controlled Brushstrokes,Blended Brushstrokes,Heavy Outlines
Tower of Blue Horses - Marc.jpg,Mostly Wild Brushstrokes,Mixed Visibility Brushstrokes,Light/No Outlines
Yellow Cow - Marc.jpg,Mix/Intermediate Controlled Brushstrokes,Blended Brushstrokes,Intermediate/Mix Outlines
Young girl in a flowered hat - Jawlensky.jpg,Mostly Wild Brushstrokes,Visible Brushstrokes,Heavy Outlines
Young girl with yellow flowers in the glass - Becker.jpg,Mix/Intermediate Controlled Brushstrokes,Mixed Visibility Brushstrokes,Intermediate/Mix Outlines
Death and Fire - Klee.jpeg,Mostly Controlled Brushstrokes,Blended Brushstrokes,Heavy Outlines
Fish Magic - Klee.jpeg,Mostly Controlled Brushstrokes,Blended Brushstrokes,Light/No Outlines
La Blouse Roumaine - Matisse.jpeg,Mostly Controlled Brushstrokes,Blended Brushstrokes,Heavy Outlines
Portrait of Gertrude Stien - Picasso.jpeg,Mostly Controlled Brushstrokes,Blended Brushstrokes,Intermediate/Mix Outlines
The Old Guitarist - Picasso.jpeg,Mostly Controlled Brushstrokes,Blended Brushstrokes,Light/No Outlines
Banks of the Seine at Chatou - Vlaminck.jpg,Mostly Wild Brushstrokes,Visible Brushstrokes,Light/No Outlines
Boats at Martigues - Dufy.jpg,Mix/Intermediate Controlled Brushstrokes,Visible Brushstrokes,Heavy Outlines
Bonheur de Vivre - Matisse.jpg,Mix/Intermediate Controlled Brushstrokes,Mixed Visibility Brushstrokes,Heavy Outlines
Charing Cross Bridge - Derain.jpg,Mix/Intermediate Controlled Brushstrokes,Visible Brushstrokes,Heavy Outlines
Church Tower at Domburg - Mondrian.jpg,Mix/Intermediate Controlled Brushstrokes,Blended Brushstrokes,Heavy Outlines
Collioure Interior - Matisse.jpg,Mostly Wild Brushstrokes,Visible Brushstrokes,Intermediate/Mix Outlines
Dance - Matisse.jpg,Mostly Controlled Brushstrokes,Blended Brushstrokes,Heavy Outlines
Dune IV - Mondrain.jpg,Mostly Wild Brushstrokes,Visible Brushstrokes,Light/No Outlines
Goldfish - Matisse.jpg,Mostly Wild Brushstrokes,Visible Brushstrokes,Intermediate/Mix Outlines
Lady in the hat - Mashkov.jpg,Mostly Wild Brushstrokes,Visible Brushstrokes,Intermediate/Mix Outlines
Landscape near Antwerp - Braque.jpg,Mostly Wild Brushstrokes,Visible Brushstrokes,Light/No Outlines
Landscape Near Chatou - Derain.jpg,Mostly Wild Brushstrokes,Visible Brushstrokes,Intermediate/Mix Outlines
Landscape with Red Roofs - Vlaminck.jpg,Mostly Wild Brushstrokes,Visible Brushstrokes,Heavy Outlines
Le cafe Maure - Matisse.jpg,Mostly Controlled Brushstrokes,Blended Brushstrokes,Light/No Outlines
Les Toit de Collioure - Matisse.jpg,Mostly Wild Brushstrokes,Visible Brushstrokes,Light/No Outlines
Luxe - Matisse.jpg,Mostly Controlled Brushstrokes,Visible Brushstrokes,Light/No Outlines
Mountains at Collioure - Derain.jpg,Mostly Wild Brushstrokes,Visible Brushstrokes,Light/No Outlines
Notre Dame - Matisse.jpg,Mix/Intermediate Controlled Brushstrokes,Visible Brushstrokes,Light/No Outlines
Portrait of Andre Derain - Matisse.jpg,Mostly Wild Brushstrokes,Visible Brushstrokes,Light/No Outlines
Portrait of Matisse - Derain.jpg,Mostly Wild Brushstrokes,Visible Brushstrokes,Intermediate/Mix Outlines
Portrait of the Son - Konchalovsky.jpg,Mostly Wild Brushstrokes,Mixed Visibility Brushstrokes,Intermediate/Mix Outlines
Prades the Village - Miro.jpg,Mix/Intermediate Controlled Brushstrokes,Mixed Visibility Brushstrokes,Intermediate/Mix Outlines
Regent Street - Derain.jpg,Mix/Intermediate Controlled Brushstrokes,Visible Brushstrokes,Light/No Outlines
Self Portrait - Matisse.jpg,Mix/Intermediate Controlled Brushstrokes,Visible Brushstrokes,Heavy Outlines
Ship at La Harve - Braque.jpg,Mix/Intermediate Controlled Brushstrokes,Mixed Visibility Brushstrokes,Light/No Outlines
Street Lamp - Marquet.jpg,Mostly Wild Brushstrokes,Visible Brushstrokes,Light/No Outlines
The Blue Nude - Matisse.jpg,Mix/Intermediate Controlled Brushstrokes,Mixed Visibility Brushstrokes,Heavy Outlines
The Blue Window - Matisse.jpg,Mostly Controlled Brushstrokes,Mixed Visibility Brushstrokes,Intermediate/Mix Outlines
The Corn Poppy - Dongen.jpg,Mix/Intermediate Controlled Brushstrokes,Mixed Visibility Brushstrokes,Intermediate/Mix Outlines
The Dance - Derain.jpg,Mostly Controlled Brushstrokes,Blended Brushstrokes,Heavy Outlines
The Estaque - Braque.jpg,Mix/Intermediate Controlled Brushstrokes,Mixed Visibility Brushstrokes,Intermediate/Mix Outlines
The Green Line - Matisse.jpg,Mix/Intermediate Controlled Brushstrokes,Visible Brushstrokes,Intermediate/Mix Outlines
The Moulade - Matisse.jpg,Mostly Wild Brushstrokes,Visible Brushstrokes,Light/No Outlines
The Open Window - Matisse.jpg,Mostly Wild Brushstrokes,Visible Brushstrokes,Light/No Outlines
The Turning Road - Derain.jpg,Mix/Intermediate Controlled Brushstrokes,Mixed Visibility Brushstrokes,Heavy Outlines
Turkisches Cafe - Macke.jpg,Mix/Intermediate Controlled Brushstrokes,Blended Brushstrokes,Light/No Outlines
Windmill in Sunlight - Mondrain.jpg,Mix/Intermediate Controlled Brushstrokes,Visible Brushstrokes,Light/No Outlines
Window Opening on Nice - Dufy.jpg,Mostly Wild Brushstrokes,Mixed Visibility Brushstrokes,Heavy Outlines
Woman with a Hat - Matisse.jpg,Mostly Wild Brushstrokes,Visible Brushstrokes,Intermediate/Mix Outlines
Zorah on the Terrace - Matisse.jpg,Mostly Controlled Brushstrokes,Mixed Visibility Brushstrokes,Intermediate/Mix Outlines
Bougival - Vlaminck.jpeg,Mostly Wild Brushstrokes,Visible Brushstrokes,Light/No Outlines
Portrait of Derain - Vlaminck.jpeg,Mostly Wild Brushstrokes,Visible Brushstrokes,Heavy Outlines
Posters at Trouville - Dufy.jpeg,Mix/Intermediate Controlled Brushstrokes,Visible Brushstrokes,Heavy Outlines
Self Portrait with a Cap - Derain.jpeg,Mostly Controlled Brushstrokes,Visible Brushstrokes,Intermediate/Mix Outlines
Still life with Grapes - Mashov.jpeg,Mix/Intermediate Controlled Brushstrokes,Blended Brushstrokes,Heavy Outlines
The Piano Lesson - Matisse.jpeg,Mix/Intermediate Controlled Brushstrokes,Blended Brushstrokes,Intermediate/Mix Outlines
The Red Mill - Mondrian.jpeg,Mostly Controlled Brushstrokes,Blended Brushstrokes,Intermediate/Mix Outlines
The River Seine at Chatou - Vlaminck.jpeg,Mostly Wild Brushstrokes,Visible Brushstrokes,Heavy Outlines
Tugboat on the Siene - Vlaminck.jpeg,Mostly Wild Brushstrokes,Visible Brushstrokes,Intermediate/Mix Outlines
A Girl with a Watering Can - Renoir.jpg,Mostly Wild Brushstrokes,Mixed Visibility Brushstrokes,Light/No Outlines
A Stream Beneath the Poplars - Perry.jpg,Mostly Wild Brushstrokes,Visible Brushstrokes,Light/No Outlines
At the Races in the Countryside - degas.jpg,Mostly Controlled Brushstrokes,Blended Brushstrokes,Light/No Outlines
Autumn Effect at Argenteuil - Monet.jpg,Mostly Wild Brushstrokes,Visible Brushstrokes,Light/No Outlines
Autumn-Banks of the Seine near Bougival - Sisley.jpg,Mostly Wild Brushstrokes,Mixed Visibility Brushstrokes,Light/No Outlines
Boulevard de Capucines - Monet.jpg,Mostly Wild Brushstrokes,Mixed Visibility Brushstrokes,Light/No Outlines
Cafe-Concert at Les Ambassadeurs - Degas.jpg,Mostly Wild Brushstrokes,Mixed Visibility Brushstrokes,Intermediate/Mix Outlines
Camille Monet and a Child in the Artist's Garden at Argenteuil - Monet.jpg,Mostly Wild Brushstrokes,Visible Brushstrokes,Light/No Outlines
Caprice in Purple and Gold - Whistler.jpg,Mostly Controlled Brushstrokes,Blended Brushstrokes,Light/No Outlines
Cliff Walk at Pourville - Monet.jpg,Mostly Wild Brushstrokes,Visible Brushstrokes,Light/No Outlines
Dal du moulin de la Galette - Renoir.jpg,Mostly Controlled Brushstrokes,Mixed Visibility Brushstrokes,Light/No Outlines
Girl with Peaches - Serov.jpg,Mix/Intermediate Controlled Brushstrokes,Blended Brushstrokes,Light/No Outlines
Grainstack - Monet.jpg,Mostly Wild Brushstrokes,Mixed Visibility Brushstrokes,Light/No Outlines
Haystacks - Monet.jpg,Mix/Intermediate Controlled Brushstrokes,Visible Brushstrokes,Light/No Outlines
Hoarfrost - Pissarro.jpg,Mix/Intermediate Controlled Brushstrokes,Visible Brushstrokes,Light/No Outlines
Hunting Butterflies - Morisot.jpg,Mostly Wild Brushstrokes,Mixed Visibility Brushstrokes,Light/No Outlines
In the Loge - Cassatt.jpg,Mix/Intermediate Controlled Brushstrokes,Mixed Visibility Brushstrokes,Light/No Outlines
La Gare Saint-Lazare - Monet.jpg,Mostly Wild Brushstrokes,Visible Brushstrokes,Light/No Outlines
La Loge - Renoir.jpg,Mostly Wild Brushstrokes,Blended Brushstrokes,Light/No Outlines
La Promenade - Renoir.jpg,Mostly Wild Brushstrokes,Visible Brushstrokes,Light/No Outlines
Les Bain a la Grenoullere - Monet.jpg,Mostly Wild Brushstrokes,Visible Brushstrokes,Light/No Outlines
Little Girl in a Blue Armchair - Cassatt.jpg,Mix/Intermediate Controlled Brushstrokes,Visible Brushstrokes,Light/No Outlines
Luncheon on the Grass - Monet.jpg,Mix/Intermediate Controlled Brushstrokes,Blended Brushstrokes,Light/No Outlines
Madame Georges Charpentier - Renoir.jpg,Mostly Controlled Brushstrokes,Blended Brushstrokes,Light/No Outlines
Man at his Bath - Caillebotte.jpg,Mix/Intermediate Controlled Brushstrokes,Mixed Visibility Brushstrokes,Light/No Outlines
Poplars - Monet.jpg,Mostly Wild Brushstrokes,Visible Brushstrokes,Light/No Outlines
Study - Renior.jpg,Mix/Intermediate Controlled Brushstrokes,Mixed Visibility Brushstrokes,Light/No Outlines
The Basin at Argenteuil - Monet.jpg,Mostly Controlled Brushstrokes,Mixed Visibility Brushstrokes,Light/No Outlines
The Bellelli Family - Degas.jpg,Mostly Controlled Brushstrokes,Blended Brushstrokes,Light/No Outlines
The Childs Bath - Cassatt.jpg,Mostly Controlled Brushstrokes,Blended Brushstrokes,Light/No Outlines
The Cradle - Morisot.jpg,Mix/Intermediate Controlled Brushstrokes,Blended Brushstrokes,Light/No Outlines
The Girl Covered by the Sun - Serov.jpg,Mix/Intermediate Controlled Brushstrokes,Mixed Visibility Brushstrokes,Light/No Outlines
The Grands Boulevard - Renoir.jpg,Mostly Wild Brushstrokes,Visible Brushstrokes,Light/No Outlines
The Harbor at Lorient - Morisot.jpg,Mostly Controlled Brushstrokes,Mixed Visibility Brushstrokes,Light/No Outlines
The Swing - Renoir.jpg,Mix/Intermediate Controlled Brushstrokes,Visible Brushstrokes,Light/No Outlines
The Water Lilies - Monet.jpg,Mostly Wild Brushstrokes,Visible Brushstrokes,Light/No Outlines
Two Sisters - Renoir.jpg,Mostly Wild Brushstrokes,Visible Brushstrokes,Light/No Outlines
Visit to a Museum - Degas.jpg,Mostly Wild Brushstrokes,Mixed Visibility Brushstrokes,Light/No Outlines
Woman with the Pearl Necklace - Cassatt.jpg,Mix/Intermediate Controlled Brushstrokes,Mixed Visibility Brushstrokes,Light/No Outlines
Women in the Garden - Monet.jpg,Mostly Controlled Brushstrokes,Blended Brushstrokes,Light/No Outlines
Floor Scrappers - Caillebotte.jpeg,Mostly Controlled Brushstrokes,Blended Brushstrokes,Light/No Outlines
Impression Sunrise - Monet.jpeg,Mostly Wild Brushstrokes,Mixed Visibility Brushstrokes,Light/No Outlines
Luncheon of the Boating Party - Renoir.jpeg,Mostly Controlled Brushstrokes,Mixed Visibility Brushstrokes,Light/No Outlines
Paris Street Rainy Day - Caillebotte.jpeg,Mostly Controlled Brushstrokes,Blended Brushstrokes,Light/No Outlines
Poppies - Monet.jpeg,Mix/Intermediate Controlled Brushstrokes,Mixed Visibility Brushstrokes,Light/No Outlines
The Ballet Class - Degas.jpeg,Mix/Intermediate Controlled Brushstrokes,Blended Brushstrokes,Light/No Outlines
The Boulevard Montmarte - Pissaro.jpeg,Mostly Wild Brushstrokes,Visible Brushstrokes,Light/No Outlines
Woman with a Parasol - Monet.jpeg,Mostly Wild Brushstrokes,Visible Brushstrokes,Light/No Outlines
Women Walking on a Beach - Sorolla.jpeg,Mostly Controlled Brushstrokes,Mixed Visibility Brushstrokes,Light/No Outlines
Achilles Receiving the Ambassadors of Agamemnon.jpg,Mostly Controlled Brushstrokes,Blended Brushstrokes,Light/No Outlines
Ancient Rome - Panini.jpg,Mostly Controlled Brushstrokes,Blended Brushstrokes,Light/No Outlines
Aqueduct in Ruins - Robert.jpg,Mostly Controlled Brushstrokes,Blended Brushstrokes,Light/No Outlines
Benjamin Franklin Drawing Electricity from the Sky - West.jpg,Mostly Controlled Brushstrokes,Blended Brushstrokes,Light/No Outlines
Charles Towneley in his sculpture gallery - Zoffany.jpg,Mostly Controlled Brushstrokes,Blended Brushstrokes,Light/No Outlines
Cornelia Pointing to her Children as Her Treasures - Kauffmann.jpg,Mostly Controlled Brushstrokes,Blended Brushstrokes,Light/No Outlines
Diana and Cupid - Batoni.jpg,Mostly Controlled Brushstrokes,Blended Brushstrokes,Light/No Outlines
Fantasy view - Panini.jpg,Mostly Controlled Brushstrokes,Blended Brushstrokes,Light/No Outlines
Johann Joachim Winckelmann.jpg,Mostly Controlled Brushstrokes,Blended Brushstrokes,Light/No Outlines
Judgement of Paris - Mengs.jpg,Mostly Controlled Brushstrokes,Blended Brushstrokes,Light/No Outlines
Julie Lebrun as Flora - Le Brun.jpg,Mostly Controlled Brushstrokes,Blended Brushstrokes,Light/No Outlines
Jupiter and Thetis - Ingres.jpg,Mostly Controlled Brushstrokes,Blended Brushstrokes,Light/No Outlines
Madame Raymod de Verninac - David.jpg,Mostly Controlled Brushstrokes,Blended Brushstrokes,Light/No Outlines
Modern Romania - Tattarescu.jpg,Mostly Controlled Brushstrokes,Blended Brushstrokes,Light/No Outlines
Napoleon Crossing the Alps - David.jpg,Mostly Controlled Brushstrokes,Blended Brushstrokes,Light/No Outlines
Napoleon I on his Imperial Throne - Ingres.jpg,Mostly Controlled Brushstrokes,Blended Brushstrokes,Light/No Outlines
Perseus and Andromeda - Leighton.jpg,Mostly Controlled Brushstrokes,Blended Brushstrokes,Light/No Outlines
Portrait of Antoine-Laurent Lavoisier and his wife - David.jpg,Mostly Controlled Brushstrokes,Blended Brushstrokes,Light/No Outlines
Portrait of Citizen Jean-Baptiste Belley - Trioson.jpg,Mostly Controlled Brushstrokes,Blended Brushstrokes,Light/No Outlines
Portrait of Madame Recamier - David.jpg,Mostly Controlled Brushstrokes,Blended Brushstrokes,Light/No Outlines
Portrait of Madeline - Benoist.jpg,Mostly Controlled Brushstrokes,Blended Brushstrokes,Light/No Outlines
Portrait of Susanna van Collen nee Mogge and her daughter - Numan.jpg,Mostly Controlled Brushstrokes,Blended Brushstrokes,Light/No Outlines
Self-portrait - Benoist.jpg,Mostly Controlled Brushstrokes,Blended Brushstrokes,Light/No Outlines
The Anger of Achilles - David.jpg,Mostly Controlled Brushstrokes,Blended Brushstrokes,Light/No Outlines
The Architects Dream - Cole.jpg,Mostly Controlled Brushstrokes,Blended Brushstrokes,Light/No Outlines
The Death of Nelson - West.jpg,Mostly Controlled Brushstrokes,Blended Brushstrokes,Light/No Outlines
The Death of Seneca - David.jpg,Mostly Controlled Brushstrokes,Blended Brushstrokes,Light/No Outlines
The Death of Socrates - David.jpg,Mostly Controlled Brushstrokes,Blended Brushstrokes,Light/No Outlines
The Emperor Napoleon in his Study at the Tuileries - David.jpg,Mostly Controlled Brushstrokes,Blended Brushstrokes,Light/No Outlines
The Intervention of the Sabine Woman - David.jpg,Mostly Controlled Brushstrokes,Blended Brushstrokes,Light/No Outlines
The Lictors Returning to Brutus the Bodies of his sons - David.jpg,Mostly Controlled Brushstrokes,Blended Brushstrokes,Light/No Outlines
The Sleep of Endymion - Girodet.jpg,Mostly Controlled Brushstrokes,Blended Brushstrokes,Light/No Outlines
Virgil reading to Augustus - Ingres.jpg,Mostly Controlled Brushstrokes,Blended Brushstrokes,Light/No Outlines
Burial of Atala - Trioson.jpeg,Mostly Controlled Brushstrokes,Blended Brushstrokes,Light/No Outlines
Dante and Virgil - Bouguereau.jpeg,Mostly Controlled Brushstrokes,Blended Brushstrokes,Light/No Outlines
L'excommunication de Robert le Pieux - Laurens.jpeg,Mostly Controlled Brushstrokes,Blended Brushstrokes,Light/No Outlines
Leonidas at Thermopylae - David.jpeg,Mostly Controlled Brushstrokes,Blended Brushstrokes,Light/No Outlines
Oedipus Explaining the Enigma of the Sphinx - Ingres.jpeg,Mostly Controlled Brushstrokes,Blended Brushstrokes,Light/No Outlines
Portrait of Monsieur Bertin - Inres.jpeg,Mostly Controlled Brushstrokes,Blended Brushstrokes,Light/No Outlines
Princesse de Broglie - Ingres.jpeg,Mostly Controlled Brushstrokes,Blended Brushstrokes,Light/No Outlines
The Artist and His Family - West.jpeg,Mostly Controlled Brushstrokes,Blended Brushstrokes,Light/No Outlines
The Coronation of Napoleon - David.jpeg,Mostly Controlled Brushstrokes,Blended Brushstrokes,Light/No Outlines
The Cupid Seller - Vien.jpeg,Mostly Controlled Brushstrokes,Blended Brushstrokes,Light/No Outlines
The Damsel and Orlando - West.jpeg,Mostly Controlled Brushstrokes,Mixed Visibility Brushstrokes,Light/No Outlines
The Death of General Wolfe - West.jpeg,Mostly Controlled Brushstrokes,Blended Brushstrokes,Light/No Outlines
The Death of Leonardo da Vinci - Ingres.jpeg,Mostly Controlled Brushstrokes,Blended Brushstrokes,Light/No Outlines
The Death of Marat - David.jpeg,Mostly Controlled Brushstrokes,Blended Brushstrokes,Light/No Outlines
The Explusion of Adam and Eve from Paradise - West.jpeg,Mostly Controlled Brushstrokes,Blended Brushstrokes,Light/No Outlines
The Oath of Horatii - David.jpeg,Mostly Controlled Brushstrokes,Blended Brushstrokes,Light/No Outlines
A Sunday on La Grande Jatte.jpg,Mostly Controlled Brushstrokes,Mixed Visibility Brushstrokes,Light/No Outlines
A Wheatfield with Cypresses - van Gogh.jpg,Mostly Controlled Brushstrokes,Visible Brushstrokes,Intermediate/Mix Outlines
Arearea - Gauguin.jpg,Mix/Intermediate Controlled Brushstrokes,Blended Brushstrokes,Intermediate/Mix Outlines
At the Moulin Rouge - Lautrec.jpg,Mostly Controlled Brushstrokes,Mixed Visibility Brushstrokes,Intermediate/Mix Outlines
Bathers - Cezanne.jpg,Mix/Intermediate Controlled Brushstrokes,Mixed Visibility Brushstrokes,Heavy Outlines
Boy in a Red Vest - Cezanne.jpg,Mostly Controlled Brushstrokes,Visible Brushstrokes,Light/No Outlines
Breton Girls Dancing - Gauguin.jpg,Mostly Controlled Brushstrokes,Mixed Visibility Brushstrokes,Intermediate/Mix Outlines
Cafe Terrace at Night - van Gogh.jpg,Mostly Controlled Brushstrokes,Mixed Visibility Brushstrokes,Intermediate/Mix Outlines
Coastal Landscape from Martinique - Gauguin.jpg,Mix/Intermediate Controlled Brushstrokes,Mixed Visibility Brushstrokes,Light/No Outlines
Coming and Going - Gauguin.jpg,Mix/Intermediate Controlled Brushstrokes,Mixed Visibility Brushstrokes,Intermediate/Mix Outlines
Day of God - Gauguin.jpg,Mostly Controlled Brushstrokes,Blended Brushstrokes,Intermediate/Mix Outlines
Evening Calm - Signac.jpg,Mostly Controlled Brushstrokes,Mixed Visibility Brushstrokes,Light/No Outlines
Harvest at La Crau - van Gogh.jpg,Mix/Intermediate Controlled Brushstrokes,Mixed Visibility Brushstrokes,Intermediate/Mix Outlines
Irises - van Gogh.jpg,Mix/Intermediate Controlled Brushstrokes,Mixed Visibility Brushstrokes,Heavy Outlines
Le Chahut - Seurat.jpg,Mostly Controlled Brushstrokes,Mixed Visibility Brushstrokes,Light/No Outlines
Madame Cezanne - Cezanne.jpg,Mostly Controlled Brushstrokes,Mixed Visibility Brushstrokes,Intermediate/Mix Outlines
Models - Seurat.jpg,Mostly Controlled Brushstrokes,Mixed Visibility Brushstrokes,Light/No Outlines
Mont Sainte-Victorie - Cezanne.jpg,Mix/Intermediate Controlled Brushstrokes,Mixed Visibility Brushstrokes,Light/No Outlines
Morning Calm - Signac.jpg,Mostly Controlled Brushstrokes,Mixed Visibility Brushstrokes,Light/No Outlines
Parade de cirque - Seurat.jpg,Mostly Controlled Brushstrokes,Mixed Visibility Brushstrokes,Light/No Outlines
Paul Alexis reading to Emile Zola - Cezanne.jpg,Mix/Intermediate Controlled Brushstrokes,Mixed Visibility Brushstrokes,Light/No Outlines
Road with Cypress and Star - van Gogh.jpg,Mix/Intermediate Controlled Brushstrokes,Visible Brushstrokes,Intermediate/Mix Outlines
Seascape Near Les Saintes - van Gogh.jpg,Mostly Wild Brushstrokes,Visible Brushstrokes,Light/No Outlines
Self-portrait dedicated to Vincent van Gogh - Gauguin.jpg,Mostly Controlled Brushstrokes,Mixed Visibility Brushstrokes,Intermediate/Mix Outlines
Self-portrait in a hat - Gauguin.jpg,Mostly Controlled Brushstrokes,Blended Brushstrokes,Intermediate/Mix Outlines
Self-portrait with bandaged ear - van gogh.jpg,Mix/Intermediate Controlled Brushstrokes,Visible Brushstrokes,Heavy Outlines
Spirit of the Dead Watching - Gauguin.jpg,Mostly Controlled Brushstrokes,Blended Brushstrokes,Intermediate/Mix Outlines
Starry Night over the Rhone - van Gogh.jpg,Mostly Wild Brushstrokes,Visible Brushstrokes,Light/No Outlines
Still Life with Plaster Cupid - Cezanne.jpg,Mostly Controlled Brushstrokes,Mixed Visibility Brushstrokes,Heavy Outlines
The Basket of Apples - Cezanne.jpg,Mostly Controlled Brushstrokes,Mixed Visibility Brushstrokes,Intermediate/Mix Outlines
The Bather - Cezanne.jpg,Mix/Intermediate Controlled Brushstrokes,Mixed Visibility Brushstrokes,Heavy Outlines
The Bedroom - van Gogh.jpg,Mostly Controlled Brushstrokes,Blended Brushstrokes,Heavy Outlines
The Card Players - Cezanne.jpg,Mix/Intermediate Controlled Brushstrokes,Mixed Visibility Brushstrokes,Intermediate/Mix Outlines
The Church at Auvers - van Gogh.jpg,Mix/Intermediate Controlled Brushstrokes,Visible Brushstrokes,Intermediate/Mix Outlines
The Dream - Rosseau.jpg,Mostly Controlled Brushstrokes,Blended Brushstrokes,Light/No Outlines
The Mango Trees - Gauguin.jpg,Mix/Intermediate Controlled Brushstrokes,Mixed Visibility Brushstrokes,Intermediate/Mix Outlines
The Painter of Sunflowers - Gauguin.jpg,Mostly Controlled Brushstrokes,Blended Brushstrokes,Intermediate/Mix Outlines
The Red Cow - Gauguin.jpg,Mostly Controlled Brushstrokes,Mixed Visibility Brushstrokes,Intermediate/Mix Outlines
The Red Rock - Cezanne.jpg,Mostly Wild Brushstrokes,Blended Brushstrokes,Intermediate/Mix Outlines
The Sleeping Gypsy - Rosseau.jpg,Mostly Controlled Brushstrokes,Blended Brushstrokes,Light/No Outlines
The Starry Night - van Gogh.jpg,Mostly Controlled Brushstrokes,Visible Brushstrokes,Intermediate/Mix Outlines
Tiger in a Tropical Storm - Rosseau.jpg,Mostly Controlled Brushstrokes,Blended Brushstrokes,Light/No Outlines
Tropical Conversation - Gauguin.jpg,Mostly Controlled Brushstrokes,Mixed Visibility Brushstrokes,Intermediate/Mix Outlines
Turning Road at Montgeroult - Cezanne.jpg,Mix/Intermediate Controlled Brushstrokes,Mixed Visibility Brushstrokes,Intermediate/Mix Outlines
Vision after the Sermon - Gauguin.jpg,Mostly Controlled Brushstrokes,Blended Brushstrokes,Heavy Outlines
Wheatfield with Crows - van Gogh.jpg,Mix/Intermediate Controlled Brushstrokes,Visible Brushstrokes,Light/No Outlines
When will you marry - Gauguin.jpg,Mix/Intermediate Controlled Brushstrokes,Mixed Visibility Brushstrokes,Intermediate/Mix Outlines
Self-portrait dedicated to Paul Gauguin - van Gogh.jpeg,Mostly Controlled Brushstrokes,Visible Brushstrokes,Light/No Outlines
Still Life with Apples - Cezanne.jpeg,Mix/Intermediate Controlled Brushstrokes,Mixed Visibility Brushstrokes,Intermediate/Mix Outlines
A Burial at Ornans - Courbet.jpg,Mostly Controlled Brushstrokes,Blended Brushstrokes,Light/No Outlines
A Loge at the Theater des Italiens - Gonzales.jpg,Mix/Intermediate Controlled Brushstrokes,Mixed Visibility Brushstrokes,Light/No Outlines
Autum Day - Levitan.jpg,Mix/Intermediate Controlled Brushstrokes,Mixed Visibility Brushstrokes,Light/No Outlines
Autumn Bouquet - Repin.jpg,Mix/Intermediate Controlled Brushstrokes,Mixed Visibility Brushstrokes,Light/No Outlines
Bar at the Folies-Bergere - Manet.jpg,Mix/Intermediate Controlled Brushstrokes,Mixed Visibility Brushstrokes,Light/No Outlines
Barge Haulers on the Volga - Repin.jpg,Mostly Controlled Brushstrokes,Blended Brushstrokes,Light/No Outlines
Beach at Scheveningen in Stormy Weather - van Gogh.jpg,Mostly Wild Brushstrokes,Visible Brushstrokes,Light/No Outlines
Corner of a Cafe-Concert - Manet.jpg,Mix/Intermediate Controlled Brushstrokes,Mixed Visibility Brushstrokes,Light/No Outlines
Emile Zola - Manet.jpg,Mostly Controlled Brushstrokes,Blended Brushstrokes,Light/No Outlines
Family Portrait - Ostade.jpg,Mostly Controlled Brushstrokes,Blended Brushstrokes,Light/No Outlines
Femme nu Couchee - Courbet.jpg,Mostly Controlled Brushstrokes,Blended Brushstrokes,Light/No Outlines
Golden Autumn - Levitan.jpg,Mix/Intermediate Controlled Brushstrokes,Blended Brushstrokes,Light/No Outlines
Hawning Apprentice - Mankacsy.jpg,Mostly Controlled Brushstrokes,Blended Brushstrokes,Light/No Outlines
Hunters at Rest - Perov.jpg,Mostly Controlled Brushstrokes,Blended Brushstrokes,Light/No Outlines
In the Conservatory - Manet.jpg,Mostly Controlled Brushstrokes,Mixed Visibility Brushstrokes,Light/No Outlines
Ivan the Terrible and His Son Ivan - Repin.jpg,Mostly Controlled Brushstrokes,Blended Brushstrokes,Light/No Outlines
Jewess with Oranges - Gierymski.jpg,Mix/Intermediate Controlled Brushstrokes,Mixed Visibility Brushstrokes,Light/No Outlines
L'Angelus - Millet.jpg,Mostly Controlled Brushstrokes,Blended Brushstrokes,Light/No Outlines
La rencontre - Courbet.jpg,Mostly Controlled Brushstrokes,Blended Brushstrokes,Light/No Outlines
Les Demoiselles du bord de la Seine - Courbet.jpg,Mostly Controlled Brushstrokes,Blended Brushstrokes,Light/No Outlines
Morning in a Pine Forest - Shishkin.jpg,Mostly Controlled Brushstrokes,Blended Brushstrokes,Light/No Outlines
Music in the Tuileries Gardens - Manet.jpg,Mostly Controlled Brushstrokes,Blended Brushstrokes,Light/No Outlines
Olympia - Manet.jpg,Mostly Controlled Brushstrokes,Blended Brushstrokes,Light/No Outlines
Ploughing in the Nivernais - Bonheur.jpg,Mostly Controlled Brushstrokes,Blended Brushstrokes,Light/No Outlines
Plum Brandy - Manet.jpg,Mix/Intermediate Controlled Brushstrokes,Mixed Visibility Brushstrokes,Light/No Outlines
Portrait of an Unknown Woman - Kramskoi.jpg,Mostly Controlled Brushstrokes,Blended Brushstrokes,Light/No Outlines
Science and Charity - Picasso.jpg,Mix/Intermediate Controlled Brushstrokes,Blended Brushstrokes,Light/No Outlines
Sheep in the Highlands - Bonheur.jpg,Mostly Controlled Brushstrokes,Blended Brushstrokes,Light/No Outlines
Skull of a Skeleton with Burning Cigarette - van Gogh.jpg,Mix/Intermediate Controlled Brushstrokes,Mixed Visibility Brushstrokes,Light/No Outlines
Taking a Snow Town - Surikov.jpg,Mostly Controlled Brushstrokes,Blended Brushstrokes,Light/No Outlines
The Apotheosis of War - Vereschchagin.jpg,Mostly Controlled Brushstrokes,Blended Brushstrokes,Light/No Outlines
The Daughters of Edward Darley Boit.jpg,Mix/Intermediate Controlled Brushstrokes,Blended Brushstrokes,Light/No Outlines
The Fifer - Manet.jpg,Mostly Controlled Brushstrokes,Blended Brushstrokes,Light/No Outlines
The First Mourning - Bouguereau.jpg,Mostly Controlled Brushstrokes,Blended Brushstrokes,Light/No Outlines
The Gleaners - Millet.jpg,Mostly Controlled Brushstrokes,Blended Brushstrokes,Light/No Outlines
The Little Cavaliers - Manet.jpg,Mostly Controlled Brushstrokes,Blended Brushstrokes,Light/No Outlines
The Morning of the Streltsy Execution - Surikov.jpg,Mostly Controlled Brushstrokes,Blended Brushstrokes,Light/No Outlines
The Painter's Studio - Courbet.jpg,Mostly Controlled Brushstrokes,Blended Brushstrokes,Light/No Outlines
The Railway - Manet.jpg,Mostly Controlled Brushstrokes,Blended Brushstrokes,Light/No Outlines
The Rooks Have Come Back - Savrasov.jpg,Mostly Controlled Brushstrokes,Blended Brushstrokes,Light/No Outlines
The Violoncellist - Courbet.jpg,Mostly Controlled Brushstrokes,Blended Brushstrokes,Light/No Outlines
The Wheat Sifters - Courbet.jpg,Mostly Controlled Brushstrokes,Blended Brushstrokes,Light/No Outlines
Valley of the Loue - Courbet.jpg,Mostly Controlled Brushstrokes,Blended Brushstrokes,Light/No Outlines
Whistler's Mother - Whistler.jpg,Mostly Controlled Brushstrokes,Blended Brushstrokes,Light/No Outlines
Luncheon on the Grass - Manet.jpeg,Mix/Intermediate Controlled Brushstrokes,Blended Brushstrokes,Light/No Outlines
Silent Monastary - Levitan.jpeg,Mostly Controlled Brushstrokes,Blended Brushstrokes,Light/No Outlines
The Potato Eaters - van Gogh.jpeg,Mostly Controlled Brushstrokes,Blended Brushstrokes,Intermediate/Mix Outlines
The Shepherdess - Bouguereau.jpeg,Mostly Controlled Brushstrokes,Blended Brushstrokes,Light/No Outlines
The Stone Breakers - Courbet.jpeg,Mostly Controlled Brushstrokes,Blended Brushstrokes,Intermediate/Mix Outlines
A goldsmith in his shop - Christus.jpg,Mostly Controlled Brushstrokes,Blended Brushstrokes,Light/No Outlines
Adoration of the Kings - van der Goes.jpg,Mostly Controlled Brushstrokes,Blended Brushstrokes,Light/No Outlines
Adoration of the Magi - Botticelli.jpg,Mostly Controlled Brushstrokes,Blended Brushstrokes,Light/No Outlines
Arnolfini Portrait - van Eyck.jpg,Mostly Controlled Brushstrokes,Blended Brushstrokes,Light/No Outlines
Baptism of Christ - Verrocchio.jpg,Mostly Controlled Brushstrokes,Blended Brushstrokes,Light/No Outlines
Birth of the Virgin - Ghirlandaio.jpg,Mostly Controlled Brushstrokes,Blended Brushstrokes,Light/No Outlines
Calumny of Apelles - Botticelli.jpg,Mostly Controlled Brushstrokes,Blended Brushstrokes,Light/No Outlines
Christ and the Virgin - Campin.jpg,Mostly Controlled Brushstrokes,Blended Brushstrokes,Light/No Outlines
Christ Giving the Keys of the Kingdom to St. Peter - Perugino.jpg,Mostly Controlled Brushstrokes,Blended Brushstrokes,Light/No Outlines
Crucifixion with the Virgin and St. John - van der weyden.jpg,Mostly Controlled Brushstrokes,Blended Brushstrokes,Light/No Outlines
Danae - Correggio.jpg,Mostly Controlled Brushstrokes,Blended Brushstrokes,Light/No Outlines
Death of the Virgin - Mantegna.jpg,Mostly Controlled Brushstrokes,Blended Brushstrokes,Light/No Outlines
La Primavera (Spring) - Botticelli.jpg,Mostly Controlled Brushstrokes,Blended Brushstrokes,Light/No Outlines
Lamentation of Christ - Mantegna.jpg,Mostly Controlled Brushstrokes,Blended Brushstrokes,Light/No Outlines
Madonna and Child - Crivelli.jpg,Mostly Controlled Brushstrokes,Blended Brushstrokes,Light/No Outlines
Madonna and Child with Two Angels - Fra Filippo Lippi.jpg,Mostly Controlled Brushstrokes,Blended Brushstrokes,Light/No Outlines
Madonna in the Church - van Eyck.jpg,Mostly Controlled Brushstrokes,Blended Brushstrokes,Light/No Outlines
Madonna of the Meadow - Raphael.jpg,Mostly Controlled Brushstrokes,Blended Brushstrokes,Light/No Outlines
Miracle of the Relic of the Cross at the Rialto Bridge - Carpaccio.jpg,Mostly Controlled Brushstrokes,Blended Brushstrokes,Light/No Outlines
Mona Lisa - da Vinci.jpg,Mostly Controlled Brushstrokes,Blended Brushstrokes,Light/No Outlines
Pastoral Concert - Titian.jpg,Mostly Controlled Brushstrokes,Blended Brushstrokes,Light/No Outlines
Pieta - Bellini.jpg,Mostly Controlled Brushstrokes,Blended Brushstrokes,Light/No Outlines
Pieta of Villeneuve les avignon.jpg,Mostly Controlled Brushstrokes,Blended Brushstrokes,Light/No Outlines
Portrait of a Man with a Medal of Cosimo il Vecchio de' Medici - Botticelli.jpg,Mostly Controlled Brushstrokes,Blended Brushstrokes,Light/No Outlines
Portrait of a Young Girl - Christus.jpg,Mostly Controlled Brushstrokes,Blended Brushstrokes,Light/No Outlines
Portrait of a Young Woman - Botticelli.jpg,Mostly Controlled Brushstrokes,Blended Brushstrokes,Light/No Outlines
Portrait of Eleonora Gonzaga - Titian.jpg,Mostly Controlled Brushstrokes,Blended Brushstrokes,Light/No Outlines
Portrait of Francesco Maria Della Rovere - Titian.jpg,Mostly Controlled Brushstrokes,Blended Brushstrokes,Light/No Outlines
Portrait of Pope Julius II - Raphael.jpg,Mostly Controlled Brushstrokes,Blended Brushstrokes,Light/No Outlines
Portrait of Sultan Mehmed II - Bellini.jpg,Mostly Controlled Brushstrokes,Blended Brushstrokes,Light/No Outlines
Saint Luke Painting the Madonna - Gossaert.jpg,Mostly Controlled Brushstrokes,Blended Brushstrokes,Light/No Outlines
Saint Sebastian - Mentegna.jpg,Mostly Controlled Brushstrokes,Blended Brushstrokes,Light/No Outlines
School of Athens - Raphael.jpg,Mostly Controlled Brushstrokes,Blended Brushstrokes,Light/No Outlines
Self Portrait - Durer.jpg,Mostly Controlled Brushstrokes,Blended Brushstrokes,Light/No Outlines
Sleeping Venus - Giorgione.jpg,Mostly Controlled Brushstrokes,Blended Brushstrokes,Light/No Outlines
The Ambassadors - Holbein.jpg,Mostly Controlled Brushstrokes,Blended Brushstrokes,Light/No Outlines
The Annunciation - Fra Angelico.jpg,Mostly Controlled Brushstrokes,Blended Brushstrokes,Light/No Outlines
The Birth of Venus - Botticelli.jpg,Mostly Controlled Brushstrokes,Blended Brushstrokes,Light/No Outlines
The Creation of Adam - Michelangelo.jpg,Mostly Controlled Brushstrokes,Blended Brushstrokes,Light/No Outlines
The Crowning wiht Thorns - Titian.jpg,Mix/Intermediate Controlled Brushstrokes,Blended Brushstrokes,Light/No Outlines
The Damned Cast into Hell - Signorelli.jpg,Mostly Controlled Brushstrokes,Blended Brushstrokes,Light/No Outlines
The Last Judgement - Michelangelo.jpg,Mostly Controlled Brushstrokes,Blended Brushstrokes,Light/No Outlines
The Last Supper - da Vinci.jpg,Mostly Controlled Brushstrokes,Blended Brushstrokes,Light/No Outlines
The Sistine Madonna - Raphael.jpg,Mostly Controlled Brushstrokes,Blended Brushstrokes,Light/No Outlines
The Tempest - Giorgione.jpg,Mostly Controlled Brushstrokes,Blended Brushstrokes,Light/No Outlines
The tower of babel - Bruegel.jpg,Mostly Controlled Brushstrokes,Blended Brushstrokes,Light/No Outlines
The virgin and child with saint and donor - david.jpg,Mostly Controlled Brushstrokes,Blended Brushstrokes,Light/No Outlines
Three Philosophers - Giorgione.jpg,Mostly Controlled Brushstrokes,Blended Brushstrokes,Light/No Outlines
Two Witches - Grien.jpg,Mostly Controlled Brushstrokes,Blended Brushstrokes,Light/No Outlines
Archduchess Marie Antionette Queen of France - LeBrun.jpg,Mostly Controlled Brushstrokes,Blended Brushstrokes,Light/No Outlines
Boy with a Spinning Top - Chardin.jpg,Mostly Controlled Brushstrokes,Blended Brushstrokes,Light/No Outlines
Charles III Dining Before the Court - Prado.jpg,Mix/Intermediate Controlled Brushstrokes,Blended Brushstrokes,Light/No Outlines
Cupid and Psyche - West.jpg,Mostly Controlled Brushstrokes,Blended Brushstrokes,Light/No Outlines
Diana after a bath - Boucher.jpg,Mostly Controlled Brushstrokes,Blended Brushstrokes,Light/No Outlines
Diana After the Hunt - Boucher.jpg,Mostly Controlled Brushstrokes,Blended Brushstrokes,Light/No Outlines
Dresden - Bellotto.jpg,Mostly Controlled Brushstrokes,Blended Brushstrokes,Light/No Outlines
Elizabeth Trubetskaya.jpg,Mostly Controlled Brushstrokes,Blended Brushstrokes,Light/No Outlines
Hercules and Omphale.jpg,Mostly Controlled Brushstrokes,Blended Brushstrokes,Light/No Outlines
La Toilette de Venus - Boucher.jpg,Mostly Controlled Brushstrokes,Blended Brushstrokes,Light/No Outlines
Les Plaisirs du Bal - Watteau.jpg,Mix/Intermediate Controlled Brushstrokes,Mixed Visibility Brushstrokes,Light/No Outlines
Luncheon with Ham - Lancret.jpg,Mostly Controlled Brushstrokes,Blended Brushstrokes,Light/No Outlines
Madame Bergeret - Francois.jpg,Mostly Controlled Brushstrokes,Blended Brushstrokes,Light/No Outlines
Madame de Pompadour - Boucher.jpg,Mostly Controlled Brushstrokes,Blended Brushstrokes,Light/No Outlines
Marie Antoinette and Her Children - Le Brun.jpg,Mostly Controlled Brushstrokes,Blended Brushstrokes,Light/No Outlines
Marrigae a la mode - Hogarth.jpg,Mostly Controlled Brushstrokes,Blended Brushstrokes,Light/No Outlines
Mr and Mrs William Hallett - Gainsborough.jpg,Mix/Intermediate Controlled Brushstrokes,Blended Brushstrokes,Light/No Outlines
Mrs Richard Brinsley Sheridan - Gainsborough.jpg,Mix/Intermediate Controlled Brushstrokes,Mixed Visibility Brushstrokes,Light/No Outlines
Mrs Sarah Siddons - Gainsborough.jpg,Mix/Intermediate Controlled Brushstrokes,Mixed Visibility Brushstrokes,Light/No Outlines
Piazza San Marco - Canaletto.jpg,Mostly Controlled Brushstrokes,Blended Brushstrokes,Light/No Outlines
Pierrot - Watteau.jpg,Mostly Controlled Brushstrokes,Blended Brushstrokes,Light/No Outlines
Pilgrimage to Cythera - Watteau.jpg,Mix/Intermediate Controlled Brushstrokes,Blended Brushstrokes,Light/No Outlines
Portrait of Louis XV - Ranc.jpg,Mostly Controlled Brushstrokes,Blended Brushstrokes,Light/No Outlines
Portrait of Prokofiy Demidov - Levitsky.jpg,Mostly Controlled Brushstrokes,Blended Brushstrokes,Light/No Outlines
Satan Sin and Death - Hogarth.jpg,Mostly Controlled Brushstrokes,Blended Brushstrokes,Light/No Outlines
Self Portrait with Straw Hat - Le Brun.jpg,Mostly Controlled Brushstrokes,Blended Brushstrokes,Light/No Outlines
Soap Bubbles - Chardin.jpg,Mostly Controlled Brushstrokes,Blended Brushstrokes,Light/No Outlines
The Archers - Reynolds.jpg,Mostly Controlled Brushstrokes,Blended Brushstrokes,Light/No Outlines
The Banquet of Cleopatra - Tiepolo.jpg,Mostly Controlled Brushstrokes,Blended Brushstrokes,Light/No Outlines
The Bathers - Fragonard.jpg,Mix/Intermediate Controlled Brushstrokes,Blended Brushstrokes,Light/No Outlines
The Blue Boy - Gainsborough.jpg,Mix/Intermediate Controlled Brushstrokes,Blended Brushstrokes,Light/No Outlines
The Declaration of Love - de Troy.jpg,Mostly Controlled Brushstrokes,Blended Brushstrokes,Light/No Outlines
The Entrance to the Grand Canal Venice - Canaletto.jpg,Mostly Controlled Brushstrokes,Blended Brushstrokes,Light/No Outlines
The Fountain of Love - Fragonard.jpg,Mostly Controlled Brushstrokes,Blended Brushstrokes,Light/No Outlines
The Gate of Calais - Hogarth.jpg,Mostly Controlled Brushstrokes,Blended Brushstrokes,Light/No Outlines
The Graham Children - Hogarth.jpg,Mostly Controlled Brushstrokes,Blended Brushstrokes,Light/No Outlines
The Honorable Mrs Graham.jpg,Mostly Controlled Brushstrokes,Blended Brushstrokes,Light/No Outlines
The Ladies Waldegrave - Reynolds.jpg,Mostly Controlled Brushstrokes,Blended Brushstrokes,Light/No Outlines
The Lock - Fragonard.jpg,Mostly Controlled Brushstrokes,Blended Brushstrokes,Light/No Outlines
The Prearranged Flight - Fragonard.jpg,Mostly Controlled Brushstrokes,Blended Brushstrokes,Light/No Outlines
The Progress of Love The Pursuit - Fragonard.jpg,Mostly Controlled Brushstrokes,Mixed Visibility Brushstrokes,Light/No Outlines
The Progress of Love.jpg,Mostly Controlled Brushstrokes,Mixed Visibility Brushstrokes,Light/No Outlines
The Scale of Love- Watteau.jpg,Mostly Controlled Brushstrokes,Mixed Visibility Brushstrokes,Light/No Outlines
The Stolen Kiss - Fragonard.jpg,Mostly Controlled Brushstrokes,Blended Brushstrokes,Light/No Outlines
The Toilet of Venus Boucher.jpg,Mostly Controlled Brushstrokes,Blended Brushstrokes,Light/No Outlines
The Triumph of Venice - Pompeo.jpg,Mostly Controlled Brushstrokes,Blended Brushstrokes,Light/No Outlines
The Triumph of Venus - Boucher.jpg,Mostly Controlled Brushstrokes,Blended Brushstrokes,Light/No Outlines
The Village Bride - Greuze.jpg,Mostly Controlled Brushstrokes,Blended Brushstrokes,Light/No Outlines
The Swing - Fragonard.jpeg,Mix/Intermediate Controlled Brushstrokes,Mixed Visibility Brushstrokes,Light/No Outlines
Alyonushka.jpg,Mostly Controlled Brushstrokes,Blended Brushstrokes,Light/No Outlines
Charles IV of Spain and His Family - Goyta.jpg,Mostly Controlled Brushstrokes,Blended Brushstrokes,Light/No Outlines
Christ on the Sea of Galilee - Delacroix.jpg,Mix/Intermediate Controlled Brushstrokes,Blended Brushstrokes,Light/No Outlines
Dido building Carthage - Turner.jpg,Mostly Controlled Brushstrokes,Blended Brushstrokes,Light/No Outlines
Entry of the Crusaders in Constantinople - Delacroix.jpg,Mostly Controlled Brushstrokes,Blended Brushstrokes,Light/No Outlines
Fishermen at Sea - Turner.jpg,Mostly Controlled Brushstrokes,Blended Brushstrokes,Light/No Outlines
Hylas and the Nymphs - Waterhouse.jpg,Mix/Intermediate Controlled Brushstrokes,Blended Brushstrokes,Light/No Outlines
Jewish wedding in Morocco - Delacroix.jpg,Mostly Controlled Brushstrokes,Blended Brushstrokes,Light/No Outlines
Knight at the Crossroads - Vasnetsov.jpg,Mostly Controlled Brushstrokes,Blended Brushstrokes,Light/No Outlines
La maja desnuda - Goya.jpg,Mostly Controlled Brushstrokes,Blended Brushstrokes,Light/No Outlines
Lady Lilith - Rossetti.jpg,Mostly Controlled Brushstrokes,Blended Brushstrokes,Light/No Outlines
Medea - Delacroix.jpg,Mostly Controlled Brushstrokes,Blended Brushstrokes,Light/No Outlines
Modern Rome - Turner.jpg,Mostly Controlled Brushstrokes,Blended Brushstrokes,Light/No Outlines
Saturn Devouring one of his Sons - Lucientes.jpg,Mix/Intermediate Controlled Brushstrokes,Blended Brushstrokes,Light/No Outlines
Self-portrait with Dr Arrieta - Goya.jpg,Mix/Intermediate Controlled Brushstrokes,Blended Brushstrokes,Light/No Outlines
Snow Storm - Turner.jpg,Mix/Intermediate Controlled Brushstrokes,Blended Brushstrokes,Light/No Outlines
The Abbey in the Oakwood - Friedrich.jpg,Mostly Controlled Brushstrokes,Blended Brushstrokes,Light/No Outlines
The Barque of Dante - Delacroix.jpg,Mostly Controlled Brushstrokes,Blended Brushstrokes,Light/No Outlines
The Battle of Trafalgar - Turner.jpg,Mostly Controlled Brushstrokes,Blended Brushstrokes,Light/No Outlines
The Black Duchess - Goya.jpg,Mostly Controlled Brushstrokes,Blended Brushstrokes,Light/No Outlines
The Burning of the Houses of Parliament - Turner.jpg,Mostly Wild Brushstrokes,Mixed Visibility Brushstrokes,Light/No Outlines
The Charging Chasseur - Gericault.jpg,Mostly Controlled Brushstrokes,Blended Brushstrokes,Light/No Outlines
The Clothed Maja - Goya.jpg,Mostly Controlled Brushstrokes,Blended Brushstrokes,Light/No Outlines
The Colossus - Goya.jpg,Mix/Intermediate Controlled Brushstrokes,Mixed Visibility Brushstrokes,Light/No Outlines
The Death of Sardanapalus - Delacroix.jpg,Mostly Controlled Brushstrokes,Blended Brushstrokes,Light/No Outlines
The Desperate Man - Courbet.jpg,Mostly Controlled Brushstrokes,Blended Brushstrokes,Light/No Outlines
The Family of Infante Don Luis - Goya.jpg,Mostly Controlled Brushstrokes,Blended Brushstrokes,Light/No Outlines
The Fighting Temeraire - Turner.jpg,Mix/Intermediate Controlled Brushstrokes,Blended Brushstrokes,Light/No Outlines
The Hay Wain - Constable.jpg,Mostly Controlled Brushstrokes,Blended Brushstrokes,Light/No Outlines
The Kiss - Hayez.jpg,Mostly Controlled Brushstrokes,Blended Brushstrokes,Light/No Outlines
The Lonely Tree - Friedrich.jpg,Mostly Controlled Brushstrokes,Blended Brushstrokes,Light/No Outlines
The Massacre at Chios - Delacroix.jpg,Mostly Controlled Brushstrokes,Blended Brushstrokes,Light/No Outlines
The Monk by the Sea - Friedrich.jpg,Mostly Controlled Brushstrokes,Blended Brushstrokes,Light/No Outlines
The Nightmare - Fuseli.jpg,Mostly Controlled Brushstrokes,Blended Brushstrokes,Light/No Outlines
The Ninth Wave - Aivazovsky.jpg,Mostly Controlled Brushstrokes,Blended Brushstrokes,Light/No Outlines
The Sea of Ice - Friedrich.jpg,Mostly Controlled Brushstrokes,Blended Brushstrokes,Light/No Outlines
The Second of May 1808 - Goya.jpg,Mostly Controlled Brushstrokes,Blended Brushstrokes,Light/No Outlines
The Shipwreck - Turner.jpg,Mix/Intermediate Controlled Brushstrokes,Blended Brushstrokes,Light/No Outlines
The Slave Ship - Turner.jpg,Mostly Wild Brushstrokes,Blended Brushstrokes,Light/No Outlines
The Third of May 1808 - Goya.jpg,Mostly Controlled Brushstrokes,Blended Brushstrokes,Light/No Outlines
Watson and the Shark - Copley.jpg,Mostly Controlled Brushstrokes,Blended Brushstrokes,Light/No Outlines
Witches' Flight - Goya.jpg,Mostly Controlled Brushstrokes,Mixed Visibility Brushstrokes,Light/No Outlines
Witches' Sabbath - Goya.jpg,Mostly Controlled Brushstrokes,Mixed Visibility Brushstrokes,Light/No Outlines
Wreckers Coast of Northumberland - Turner.jpg,Mostly Wild Brushstrokes,Mixed Visibility Brushstrokes,Light/No Outlines
Bridal Procession on the  Hardangerfjord - Gude.jpeg,Mostly Controlled Brushstrokes,Blended Brushstrokes,Light/No Outlines
Chalk Cliffs on Rugen - Friedrich.jpeg,Mostly Controlled Brushstrokes,Blended Brushstrokes,Light/No Outlines
Lady Libert Leading the People - Delocroix.jpeg,Mix/Intermediate Controlled Brushstrokes,Blended Brushstrokes,Light/No Outlines
The Raft of the Medusa - Geriacault.jpeg,Mostly Controlled Brushstrokes,Blended Brushstrokes,Light/No Outlines
Wanderer above the sea of fog - Friedrich.jpeg,Mostly Controlled Brushstrokes,Blended Brushstrokes,Light/No Outlines
A dream caused by the flight of a bee - Dal.jpg,Mostly Controlled Brushstrokes,Blended Brushstrokes,Light/No Outlines
Apparition of Face and Fruit Dish on a Beach - Dali.jpg,Mostly Controlled Brushstrokes,Blended Brushstrokes,Light/No Outlines
Battle of Fishes - Masson.jpg,Mostly Wild Brushstrokes,Visible Brushstrokes,Intermediate/Mix Outlines
Christ of St John of the Cross - Dali.jpg,Mostly Controlled Brushstrokes,Blended Brushstrokes,Light/No Outlines
Elephants - Dali.jpg,Mostly Controlled Brushstrokes,Blended Brushstrokes,Light/No Outlines
Europe after the Rain II - Ernst.jpg,Mostly Controlled Brushstrokes,Blended Brushstrokes,Light/No Outlines
Galatea of the Spheres - Dali.jpg,Mostly Controlled Brushstrokes,Blended Brushstrokes,Light/No Outlines
Geopoliticus Child Watching the Birth of the New Man - Dali.jpg,Mostly Controlled Brushstrokes,Blended Brushstrokes,Light/No Outlines
Girl with Death Mask - Kahlo.jpg,Mix/Intermediate Controlled Brushstrokes,Blended Brushstrokes,Light/No Outlines
Golconda - Magritte.jpg,Mostly Controlled Brushstrokes,Blended Brushstrokes,Light/No Outlines
Grandma Moorheads aromatic cuisine - Carrington.jpg,Mostly Controlled Brushstrokes,Blended Brushstrokes,Light/No Outlines
Hand with Reflecting Mirror - Escher.jpg,Mostly Controlled Brushstrokes,Blended Brushstrokes,Light/No Outlines
Harlequin's Carnival - Miro.jpg,Mostly Controlled Brushstrokes,Blended Brushstrokes,Light/No Outlines
Landscape - Breton.jpg,Mostly Controlled Brushstrokes,Visible Brushstrokes,Intermediate/Mix Outlines
Mama Papa is Wounded - Tanguy.jpg,Mostly Controlled Brushstrokes,Mixed Visibility Brushstrokes,Light/No Outlines
Man in a Bowler Hat - Magritte.jpg,Mostly Controlled Brushstrokes,Blended Brushstrokes,Light/No Outlines
Marxism will heal the sick - Kahlo.jpg,Mix/Intermediate Controlled Brushstrokes,Blended Brushstrokes,Intermediate/Mix Outlines
Melting Watch - Dali.jpg,Mostly Controlled Brushstrokes,Blended Brushstrokes,Light/No Outlines
Metamorphosis of Narcissus - Dali.jpg,Mostly Controlled Brushstrokes,Blended Brushstrokes,Light/No Outlines
Not to be Reproduced - Magritte.jpg,Mostly Controlled Brushstrokes,Blended Brushstrokes,Light/No Outlines
Persistence of Memory - Dali.jpg,Mostly Controlled Brushstrokes,Blended Brushstrokes,Light/No Outlines
Philosopher's Lamp - Magritte.jpg,Mostly Controlled Brushstrokes,Blended Brushstrokes,Light/No Outlines
Self Portrait - Carrington.jpg,Mostly Controlled Brushstrokes,Blended Brushstrokes,Light/No Outlines
Swans Reflecting Elephants - Dali.jpg,Mostly Controlled Brushstrokes,Blended Brushstrokes,Light/No Outlines
The Anti-pope - Ernst.jpg,Mostly Controlled Brushstrokes,Blended Brushstrokes,Light/No Outlines
The Barbarians - Ernst.jpg,Mostly Controlled Brushstrokes,Blended Brushstrokes,Light/No Outlines
The Burning Giraffe - Dali.jpg,Mostly Controlled Brushstrokes,Blended Brushstrokes,Light/No Outlines
The Castle of the Pyrenees - Magritte.jpg,Mostly Controlled Brushstrokes,Blended Brushstrokes,Light/No Outlines
The Disintegration of the Persistence of Memory - Dali.jpg,Mostly Controlled Brushstrokes,Blended Brushstrokes,Intermediate/Mix Outlines
The Elephant Celebes - Ernst.jpg,Mostly Controlled Brushstrokes,Blended Brushstrokes,Light/No Outlines
The Giantess - Carrington.jpg,Mix/Intermediate Controlled Brushstrokes,Blended Brushstrokes,Light/No Outlines
The Great Masturbator - Dali.jpg,Mostly Controlled Brushstrokes,Blended Brushstrokes,Light/No Outlines
The Lovers - Magritte.jpg,Mostly Controlled Brushstrokes,Blended Brushstrokes,Light/No Outlines
The Menaced Assassin - Magritte.jpg,Mostly Controlled Brushstrokes,Blended Brushstrokes,Light/No Outlines
The Sacrament of the Last Supper - Dali.jpg,Mostly Controlled Brushstrokes,Blended Brushstrokes,Light/No Outlines
The Son of Man - Magritte.jpg,Mostly Controlled Brushstrokes,Blended Brushstrokes,Light/No Outlines
The Temptation of St Anthony - Dali.jpg,Mostly Controlled Brushstrokes,Blended Brushstrokes,Light/No Outlines
The Treachery of Images - Magritte.jpg,Mostly Controlled Brushstrokes,Blended Brushstrokes,Light/No Outlines
The Triumph of Surrealism - Ernst.jpg,Mostly Controlled Brushstrokes,Blended Brushstrokes,Light/No Outlines
Tilled Field - Miro.jpg,Mostly Controlled Brushstrokes,Blended Brushstrokes,Light/No Outlines
Time Transfixed - Magritte.jpg,Mostly Controlled Brushstrokes,Blended Brushstrokes,Light/No Outlines
Tuna Fishing - Dali.jpg,Mostly Wild Brushstrokes,Mixed Visibility Brushstrokes,Intermediate/Mix Outlines
White Crucifixion - Chagall.jpg,Mix/Intermediate Controlled Brushstrokes,Blended Brushstrokes,Heavy Outlines
Without Hope - Kahlo.jpg,Mostly Controlled Brushstrokes,Blended Brushstrokes,Light/No Outlines
Woman Old Man and Flower - Ernst.jpg,Mostly Controlled Brushstrokes,Blended Brushstrokes,Intermediate/Mix Outlines
Portrait of Max Ernst - Carrington.jpeg,Mix/Intermediate Controlled Brushstrokes,Blended Brushstrokes,Light/No Outlines
The Broken Column - Kahlo.jpeg,Mostly Controlled Brushstrokes,Blended Brushstrokes,Light/No Outlines
The Hallucinogenic Toreador - Dali.jpeg,Mostly Controlled Brushstrokes,Blended Brushstrokes,Light/No Outlines
The Robing of the Bride - Ernst.jpeg,Mostly Controlled Brushstrokes,Blended Brushstrokes,Light/No Outlines
Random0.jpg,Random,,
Random1.jpg,Random,,
Random10.jpg,Random,,
Random11.jpg,Random,,
Random12.jpg,Random,,
Random13.jpg,Random,,
Random14.jpg,Random,,
Random15.jpg,Random,,
Random16.jpg,Random,,
Random17.jpg,Random,,
Random18.jpg,Random,,
Random19.jpg,Random,,
Random2.jpg,Random,,
Random20.jpg,Random,,
Random21.jpg,Random,,
Random22.jpg,Random,,
Random23.jpg,Random,,
Random24.jpg,Random,,
Random25.jpg,Random,,
Random26.jpg,Random,,
Random27.jpg,Random,,
Random28.jpg,Random,,
Random29.jpg,Random,,
Random3.jpg,Random,,
Random30.jpg,Random,,
Random31.jpg,Random,,
Random32.jpg,Random,,
Random33.jpg,Random,,
Random34.jpg,Random,,
Random35.jpg,Random,,
Random36.jpg,Random,,
Random37.jpg,Random,,
Random38.jpg,Random,,
Random39.jpg,Random,,
Random4.jpg,Random,,
Random40.jpg,Random,,
Random41.jpg,Random,,
Random42.jpg,Random,,
Random43.jpg,Random,,
Random44.jpg,Random,,
Random45.jpg,Random,,
Random46.jpg,Random,,
Random47.jpg,Random,,
Random48.jpg,Random,,
Random5.jpg,Random,,
Random6.jpg,Random,,
Random7.jpg,Random,,
Random8.jpg,Random,,
Random9.jpg,Random,,
RandomShapes0.jpg,Random Shapes,,
RandomShapes1.jpg,Random Shapes,,
RandomShapes10.jpg,Random Shapes,,
RandomShapes11.jpg,Random Shapes,,
RandomShapes12.jpg,Random Shapes,,
RandomShapes13.jpg,Random Shapes,,
RandomShapes14.jpg,Random Shapes,,
RandomShapes15.jpg,Random Shapes,,
RandomShapes16.jpg,Random Shapes,,
RandomShapes17.jpg,Random Shapes,,
RandomShapes18.jpg,Random Shapes,,
RandomShapes19.jpg,Random Shapes,,
RandomShapes2.jpg,Random Shapes,,
RandomShapes20.jpg,Random Shapes,,
RandomShapes21.jpg,Random Shapes,,
RandomShapes22.jpg,Random Shapes,,
RandomShapes23.jpg,Random Shapes,,
RandomShapes24.jpg,Random Shapes,,
RandomShapes25.jpg,Random Shapes,,
RandomShapes26.jpg,Random Shapes,,
RandomShapes27.jpg,Random Shapes,,
RandomShapes28.jpg,Random Shapes,,
RandomShapes29.jpg,Random Shapes,,
RandomShapes3.jpg,Random Shapes,,
RandomShapes30.jpg,Random Shapes,,
RandomShapes31.jpg,Random Shapes,,
RandomShapes32.jpg,Random Shapes,,
RandomShapes33.jpg,Random Shapes,,
RandomShapes34.jpg,Random Shapes,,
RandomShapes35.jpg,Random Shapes,,
RandomShapes36.jpg,Random Shapes,,
RandomShapes37.jpg,Random Shapes,,
RandomShapes38.jpg,Random Shapes,,
RandomShapes39.jpg,Random Shapes,,
RandomShapes4.jpg,Random Shapes,,
RandomShapes40.jpg,Random Shapes,,
RandomShapes41.jpg,Random Shapes,,
RandomShapes42.jpg,Random Shapes,,
RandomShapes43.jpg,Random Shapes,,
RandomShapes44.jpg,Random Shapes,,
RandomShapes45.jpg,Random Shapes,,
RandomShapes46.jpg,Random Shapes,,
RandomShapes47.jpg,Random Shapes,,
RandomShapes48.jpg,Random Shapes,,
RandomShapes5.jpg,Random Shapes,,
RandomShapes6.jpg,Random Shapes,,
RandomShapes7.jpg,Random Shapes,,
RandomShapes8.jpg,Random Shapes,,
RandomShapes9.jpg,Random Shapes,,
uniform0.jpg,Uniform,,
uniform1.jpg,Uniform,,
uniform10.jpg,Uniform,,
uniform11.jpg,Uniform,,
uniform12.jpg,Uniform,,
uniform13.jpg,Uniform,,
uniform14.jpg,Uniform,,
uniform15.jpg,Uniform,,
uniform16.jpg,Uniform,,
uniform17.jpg,Uniform,,
uniform18.jpg,Uniform,,
uniform19.jpg,Uniform,,
uniform2.jpg,Uniform,,
uniform20.jpg,Uniform,,
uniform21.jpg,Uniform,,
uniform22.jpg,Uniform,,
uniform23.jpg,Uniform,,
uniform24.jpg,Uniform,,
uniform25.jpg,Uniform,,
uniform26.jpg,Uniform,,
uniform27.jpg,Uniform,,
uniform28.jpg,Uniform,,
uniform29.jpg,Uniform,,
uniform3.jpg,Uniform,,
uniform30.jpg,Uniform,,
uniform31.jpg,Uniform,,
uniform32.jpg,Uniform,,
uniform33.jpg,Uniform,,
uniform34.jpg,Uniform,,
uniform35.jpg,Uniform,,
uniform37.jpg,Uniform,,
uniform38.jpg,Uniform,,
uniform39.jpg,Uniform,,
uniform4.jpg,Uniform,,
uniform40.jpg,Uniform,,
uniform41.jpg,Uniform,,
uniform42.jpg,Uniform,,
uniform43.jpg,Uniform,,
uniform44.jpg,Uniform,,
uniform45.jpg,Uniform,,
uniform46.jpg,Uniform,,
uniform47.jpg,Uniform,,
uniform48.jpg,Uniform,,
uniform49.jpg,Uniform,,
uniform5.jpg,Uniform,,
uniform6.jpg,Uniform,,
uniform7.jpg,Uniform,,
uniform8.jpg,Uniform,,
uniform9.jpg,Uniform,,
